game_id,season,week,home_team,away_team,home_score,away_score,spread_line,home_margin,xgb_pred_margin
2018_01_ATL_PHI,2018,1,PHI,ATL,18.0,12.0,1.0,6.0,4.7548213
2018_01_BUF_BAL,2018,1,BAL,BUF,47.0,3.0,7.5,44.0,5.22844
2018_01_PIT_CLE,2018,1,CLE,PIT,21.0,21.0,-3.5,0.0,4.766839
2018_01_CIN_IND,2018,1,IND,CIN,23.0,34.0,-1.0,-11.0,8.944317
2018_01_TEN_MIA,2018,1,MIA,TEN,27.0,20.0,-1.0,7.0,7.0838656
2018_01_SF_MIN,2018,1,MIN,SF,24.0,16.0,6.0,8.0,-0.25848293
2018_01_HOU_NE,2018,1,NE,HOU,27.0,20.0,6.0,7.0,8.605996
2018_01_TB_NO,2018,1,NO,TB,40.0,48.0,10.0,-8.0,6.588402
2018_01_JAX_NYG,2018,1,NYG,JAX,15.0,20.0,-2.5,-5.0,8.822279
2018_01_KC_LAC,2018,1,LAC,KC,28.0,38.0,3.5,-10.0,6.8789225
2018_01_WAS_ARI,2018,1,ARI,WAS,6.0,24.0,2.0,-18.0,8.820011
2018_01_DAL_CAR,2018,1,CAR,DAL,16.0,8.0,2.5,8.0,5.257521
2018_01_SEA_DEN,2018,1,DEN,SEA,27.0,24.0,3.0,3.0,-10.668476
2018_01_CHI_GB,2018,1,GB,CHI,24.0,23.0,6.5,1.0,-4.4040074
2018_01_NYJ_DET,2018,1,DET,NYJ,17.0,48.0,7.0,-31.0,6.4310126
2018_02_BAL_CIN,2018,2,CIN,BAL,34.0,23.0,1.0,11.0,-1.1973432
2018_02_CAR_ATL,2018,2,ATL,CAR,31.0,24.0,5.5,7.0,8.366507
2018_02_LAC_BUF,2018,2,BUF,LAC,20.0,31.0,-7.5,-11.0,0.32672092
2018_02_MIN_GB,2018,2,GB,MIN,29.0,29.0,-2.0,0.0,-3.5410802
2018_02_CLE_NO,2018,2,NO,CLE,21.0,18.0,10.0,3.0,4.909282
2018_02_MIA_NYJ,2018,2,NYJ,MIA,12.0,20.0,3.0,-8.0,5.4623327
2018_02_KC_PIT,2018,2,PIT,KC,37.0,42.0,4.5,-5.0,-3.0550973
2018_02_PHI_TB,2018,2,TB,PHI,27.0,21.0,-3.0,6.0,5.6767063
2018_02_HOU_TEN,2018,2,TEN,HOU,20.0,17.0,-3.5,3.0,6.410515
2018_02_IND_WAS,2018,2,WAS,IND,9.0,21.0,6.0,-12.0,11.498062
2018_02_ARI_LA,2018,2,LA,ARI,34.0,0.0,13.5,34.0,2.0015836
2018_02_DET_SF,2018,2,SF,DET,30.0,27.0,6.0,3.0,3.1630418
2018_02_NE_JAX,2018,2,JAX,NE,31.0,20.0,-2.0,11.0,3.9229162
2018_02_NYG_DAL,2018,2,DAL,NYG,20.0,13.0,3.0,7.0,4.276458
2018_02_SEA_CHI,2018,2,CHI,SEA,24.0,17.0,5.0,7.0,12.217807
2018_03_NYJ_CLE,2018,3,CLE,NYJ,21.0,17.0,3.0,4.0,4.5343995
2018_03_NO_ATL,2018,3,ATL,NO,37.0,43.0,1.5,-6.0,1.6187315
2018_03_DEN_BAL,2018,3,BAL,DEN,27.0,14.0,5.5,13.0,-0.7077209
2018_03_CIN_CAR,2018,3,CAR,CIN,31.0,21.0,2.5,10.0,3.9088404
2018_03_NYG_HOU,2018,3,HOU,NYG,22.0,27.0,6.5,-5.0,3.1998608
2018_03_SF_KC,2018,3,KC,SF,38.0,27.0,6.0,11.0,1.1833514
2018_03_BUF_MIN,2018,3,MIN,BUF,6.0,27.0,16.5,-21.0,3.4960408
2018_03_IND_PHI,2018,3,PHI,IND,20.0,16.0,6.5,4.0,2.8967524
2018_03_GB_WAS,2018,3,WAS,GB,31.0,17.0,-2.5,14.0,3.4342241
2018_03_LAC_LA,2018,3,LA,LAC,35.0,23.0,7.5,12.0,2.6470342
2018_03_CHI_ARI,2018,3,ARI,CHI,14.0,16.0,-6.0,-2.0,6.107365
2018_03_DAL_SEA,2018,3,SEA,DAL,24.0,13.0,1.0,11.0,-1.6285802
2018_03_NE_DET,2018,3,DET,NE,26.0,10.0,-7.0,16.0,1.3251387
2018_03_PIT_TB,2018,3,TB,PIT,27.0,30.0,1.0,-3.0,6.164835
2018_04_MIN_LA,2018,4,LA,MIN,38.0,31.0,7.5,7.0,-0.29849133
2018_04_CIN_ATL,2018,4,ATL,CIN,36.0,37.0,3.5,-1.0,-3.0629282
2018_04_TB_CHI,2018,4,CHI,TB,48.0,10.0,3.0,38.0,5.1870804
2018_04_DET_DAL,2018,4,DAL,DET,26.0,24.0,2.5,2.0,5.373134
2018_04_BUF_GB,2018,4,GB,BUF,22.0,0.0,8.5,22.0,3.4647899
2018_04_HOU_IND,2018,4,IND,HOU,34.0,37.0,-1.0,-3.0,1.525483
2018_04_NYJ_JAX,2018,4,JAX,NYJ,31.0,12.0,7.5,19.0,5.9741135
2018_04_MIA_NE,2018,4,NE,MIA,38.0,7.0,6.5,31.0,2.549185
2018_04_PHI_TEN,2018,4,TEN,PHI,26.0,23.0,-3.0,3.0,6.341087
2018_04_SEA_ARI,2018,4,ARI,SEA,17.0,20.0,-3.5,-3.0,3.9296649
2018_04_SF_LAC,2018,4,LAC,SF,29.0,27.0,10.0,2.0,5.8126884
2018_04_NO_NYG,2018,4,NYG,NO,18.0,33.0,-3.5,-15.0,10.233185
2018_04_BAL_PIT,2018,4,PIT,BAL,14.0,26.0,3.0,-12.0,5.9263577
2018_04_KC_DEN,2018,4,DEN,KC,23.0,27.0,-3.5,-4.0,8.071035
2018_05_IND_NE,2018,5,NE,IND,38.0,24.0,10.5,14.0,2.7744246
2018_05_TEN_BUF,2018,5,BUF,TEN,13.0,12.0,-6.0,1.0,0.91125095
2018_05_NYG_CAR,2018,5,CAR,NYG,33.0,31.0,7.0,2.0,3.6907873
2018_05_MIA_CIN,2018,5,CIN,MIA,27.0,17.0,6.0,10.0,3.6651394
2018_05_BAL_CLE,2018,5,CLE,BAL,12.0,9.0,-3.0,3.0,7.0856814
2018_05_GB_DET,2018,5,DET,GB,31.0,23.0,1.0,8.0,5.0752625
2018_05_JAX_KC,2018,5,KC,JAX,30.0,14.0,3.0,16.0,4.14377
2018_05_DEN_NYJ,2018,5,NYJ,DEN,34.0,16.0,-1.0,18.0,7.3250833
2018_05_ATL_PIT,2018,5,PIT,ATL,41.0,17.0,3.5,24.0,-1.1473727
2018_05_MIN_PHI,2018,5,PHI,MIN,21.0,23.0,3.5,-2.0,1.1484882
2018_05_LA_SEA,2018,5,SEA,LA,31.0,33.0,-7.5,-2.0,6.7576194
2018_05_ARI_SF,2018,5,SF,ARI,18.0,28.0,3.0,-10.0,3.373485
2018_05_DAL_HOU,2018,5,HOU,DAL,19.0,16.0,3.5,3.0,-4.398082
2018_05_WAS_NO,2018,5,NO,WAS,43.0,19.0,5.5,24.0,-6.2310696
2018_06_PHI_NYG,2018,6,NYG,PHI,13.0,34.0,-1.5,-21.0,-2.654074
2018_06_TB_ATL,2018,6,ATL,TB,34.0,29.0,3.0,5.0,1.48071
2018_06_PIT_CIN,2018,6,CIN,PIT,21.0,28.0,1.0,-7.0,2.2283366
2018_06_LAC_CLE,2018,6,CLE,LAC,14.0,38.0,1.0,-24.0,3.792231
2018_06_BUF_HOU,2018,6,HOU,BUF,20.0,13.0,10.5,7.0,5.021555
2018_06_CHI_MIA,2018,6,MIA,CHI,31.0,28.0,-7.5,3.0,2.704052
2018_06_ARI_MIN,2018,6,MIN,ARI,27.0,17.0,10.0,10.0,-0.17870992
2018_06_IND_NYJ,2018,6,NYJ,IND,42.0,34.0,2.5,8.0,8.793205
2018_06_CAR_WAS,2018,6,WAS,CAR,23.0,17.0,-1.0,6.0,2.0227952
2018_06_LA_DEN,2018,6,DEN,LA,20.0,23.0,-7.0,-3.0,-0.7376168
2018_06_JAX_DAL,2018,6,DAL,JAX,40.0,7.0,-3.0,33.0,5.871904
2018_06_BAL_TEN,2018,6,TEN,BAL,0.0,21.0,-2.5,-21.0,-2.4302003
2018_06_KC_NE,2018,6,NE,KC,43.0,40.0,4.0,3.0,7.5965066
2018_06_SF_GB,2018,6,GB,SF,33.0,30.0,9.0,3.0,3.769527
2018_07_DEN_ARI,2018,7,ARI,DEN,10.0,45.0,-1.0,-35.0,-1.5051987
2018_07_NE_CHI,2018,7,CHI,NE,31.0,38.0,-1.0,-7.0,4.5774264
2018_07_BUF_IND,2018,7,IND,BUF,37.0,5.0,7.0,32.0,4.2949343
2018_07_HOU_JAX,2018,7,JAX,HOU,7.0,20.0,4.0,-13.0,3.1069903
2018_07_DET_MIA,2018,7,MIA,DET,21.0,32.0,-3.0,-11.0,-0.83691776
2018_07_MIN_NYJ,2018,7,NYJ,MIN,17.0,37.0,-3.5,-20.0,1.454197
2018_07_CAR_PHI,2018,7,PHI,CAR,17.0,21.0,5.0,-4.0,5.5530562
2018_07_CLE_TB,2018,7,TB,CLE,26.0,23.0,3.5,3.0,1.2383474
2018_07_NO_BAL,2018,7,BAL,NO,23.0,24.0,2.5,-1.0,1.0924714
2018_07_LA_SF,2018,7,SF,LA,10.0,39.0,-8.0,-29.0,2.5995603
2018_07_DAL_WAS,2018,7,WAS,DAL,20.0,17.0,-1.5,3.0,-0.30263114
2018_07_CIN_KC,2018,7,KC,CIN,45.0,10.0,6.5,35.0,3.8608627
2018_07_TEN_LAC,2018,7,LAC,TEN,20.0,19.0,6.5,1.0,2.9778838
2018_07_NYG_ATL,2018,7,ATL,NYG,23.0,20.0,4.5,3.0,-3.6078792
2018_08_MIA_HOU,2018,8,HOU,MIA,42.0,23.0,7.5,19.0,6.2272573
2018_08_BAL_CAR,2018,8,CAR,BAL,36.0,21.0,-2.5,15.0,-5.441421
2018_08_NYJ_CHI,2018,8,CHI,NYJ,24.0,10.0,8.5,14.0,5.2179127
2018_08_TB_CIN,2018,8,CIN,TB,37.0,34.0,3.5,3.0,4.9746203
2018_08_SEA_DET,2018,8,DET,SEA,14.0,28.0,3.0,-14.0,-4.159401
2018_08_DEN_KC,2018,8,KC,DEN,30.0,23.0,8.5,7.0,-3.7707934
2018_08_WAS_NYG,2018,8,NYG,WAS,13.0,20.0,-1.0,-7.0,10.394104
2018_08_CLE_PIT,2018,8,PIT,CLE,33.0,18.0,8.5,15.0,-2.5487695
2018_08_SF_ARI,2018,8,ARI,SF,18.0,15.0,-2.5,3.0,-0.51283985
2018_08_GB_LA,2018,8,LA,GB,29.0,27.0,7.5,2.0,-4.956131
2018_08_NO_MIN,2018,8,MIN,NO,20.0,30.0,-2.5,-10.0,-0.70649624
2018_08_PHI_JAX,2018,8,JAX,PHI,18.0,24.0,-4.0,-6.0,-1.2940927
2018_08_NE_BUF,2018,8,BUF,NE,6.0,25.0,-13.5,-19.0,-6.7923975
2018_09_PIT_BAL,2018,9,BAL,PIT,16.0,23.0,1.5,-7.0,0.8205292
2018_09_CHI_BUF,2018,9,BUF,CHI,9.0,41.0,-10.5,-32.0,1.0796161
2018_09_KC_CLE,2018,9,CLE,KC,21.0,37.0,-7.5,-16.0,-2.7207508
2018_09_NYJ_MIA,2018,9,MIA,NYJ,13.0,6.0,3.0,7.0,-1.3124175
2018_09_DET_MIN,2018,9,MIN,DET,24.0,9.0,4.5,15.0,-4.986698
2018_09_ATL_WAS,2018,9,WAS,ATL,14.0,38.0,1.5,-24.0,0.5032691
2018_09_HOU_DEN,2018,9,DEN,HOU,17.0,19.0,1.0,-2.0,-0.036923587
2018_09_LAC_SEA,2018,9,SEA,LAC,17.0,25.0,1.0,-8.0,2.2760592
2018_09_LA_NO,2018,9,NO,LA,45.0,35.0,-2.5,10.0,0.47890627
2018_09_GB_NE,2018,9,NE,GB,31.0,17.0,5.0,14.0,-1.080435
2018_09_TEN_DAL,2018,9,DAL,TEN,14.0,28.0,4.5,-14.0,-5.367969
2018_10_CAR_PIT,2018,10,PIT,CAR,52.0,21.0,3.5,31.0,5.150322
2018_10_DET_CHI,2018,10,CHI,DET,34.0,22.0,7.5,12.0,-5.2225776
2018_10_NO_CIN,2018,10,CIN,NO,14.0,51.0,-5.5,-37.0,3.817048
2018_10_ATL_CLE,2018,10,CLE,ATL,28.0,16.0,-5.5,12.0,0.2529844
2018_10_JAX_IND,2018,10,IND,JAX,29.0,26.0,3.0,3.0,-5.366062
2018_10_ARI_KC,2018,10,KC,ARI,26.0,14.0,16.5,12.0,-3.1572804
2018_10_BUF_NYJ,2018,10,NYJ,BUF,10.0,41.0,6.5,-31.0,4.8623247
2018_10_WAS_TB,2018,10,TB,WAS,3.0,16.0,3.5,-13.0,5.9583983
2018_10_NE_TEN,2018,10,TEN,NE,34.0,10.0,-6.0,24.0,5.726175
2018_10_MIA_GB,2018,10,GB,MIA,31.0,12.0,13.0,19.0,6.841642
2018_10_SEA_LA,2018,10,LA,SEA,36.0,31.0,10.0,5.0,13.337593
2018_10_DAL_PHI,2018,10,PHI,DAL,20.0,27.0,7.5,-7.0,3.1191561
2018_10_NYG_SF,2018,10,SF,NYG,23.0,27.0,3.0,-4.0,-2.88482
2018_11_GB_SEA,2018,11,SEA,GB,27.0,24.0,3.0,3.0,3.6234095
2018_11_DAL_ATL,2018,11,ATL,DAL,19.0,22.0,3.5,-3.0,2.5393746
2018_11_CIN_BAL,2018,11,BAL,CIN,24.0,21.0,6.5,3.0,-6.7459507
2018_11_CAR_DET,2018,11,DET,CAR,20.0,19.0,-4.0,1.0,3.448522
2018_11_TEN_IND,2018,11,IND,TEN,38.0,10.0,2.0,28.0,-2.8214612
2018_11_PIT_JAX,2018,11,JAX,PIT,16.0,20.0,-4.0,-4.0,-0.8873578
2018_11_TB_NYG,2018,11,NYG,TB,38.0,35.0,3.0,3.0,3.4882488
2018_11_HOU_WAS,2018,11,WAS,HOU,21.0,23.0,-3.0,-2.0,0.17305797
2018_11_DEN_LAC,2018,11,LAC,DEN,22.0,23.0,7.5,-1.0,-1.7528168
2018_11_PHI_NO,2018,11,NO,PHI,48.0,7.0,7.0,41.0,6.273907
2018_11_MIN_CHI,2018,11,CHI,MIN,25.0,20.0,2.5,5.0,-1.1444799
2018_11_KC_LA,2018,11,LA,KC,54.0,51.0,3.0,3.0,0.6605787
2018_12_CHI_DET,2018,12,DET,CHI,16.0,23.0,-3.0,-7.0,6.098018
2018_12_WAS_DAL,2018,12,DAL,WAS,31.0,23.0,7.0,8.0,-1.0896971
2018_12_ATL_NO,2018,12,NO,ATL,31.0,17.0,11.5,14.0,1.660712
2018_12_JAX_BUF,2018,12,BUF,JAX,24.0,21.0,-3.0,3.0,0.762371
2018_12_SEA_CAR,2018,12,CAR,SEA,27.0,30.0,3.0,-3.0,-0.15782933
2018_12_CLE_CIN,2018,12,CIN,CLE,20.0,35.0,-1.0,-15.0,-6.438649
2018_12_NE_NYJ,2018,12,NYJ,NE,13.0,27.0,-13.0,-14.0,3.512181
2018_12_NYG_PHI,2018,12,PHI,NYG,25.0,22.0,4.5,3.0,-3.0082667
2018_12_SF_TB,2018,12,TB,SF,27.0,9.0,1.5,18.0,0.4387654
2018_12_ARI_LAC,2018,12,LAC,ARI,45.0,10.0,14.0,35.0,0.52961737
2018_12_PIT_DEN,2018,12,DEN,PIT,24.0,17.0,-3.0,7.0,3.7151678
2018_12_MIA_IND,2018,12,IND,MIA,27.0,24.0,9.0,3.0,-2.1341615
2018_12_GB_MIN,2018,12,MIN,GB,24.0,17.0,4.0,7.0,0.24702445
2018_12_TEN_HOU,2018,12,HOU,TEN,34.0,17.0,3.5,17.0,1.7231653
2018_13_NO_DAL,2018,13,DAL,NO,13.0,10.0,-7.0,3.0,-1.274471
2018_13_BAL_ATL,2018,13,ATL,BAL,16.0,26.0,2.5,-10.0,0.9679197
2018_13_DEN_CIN,2018,13,CIN,DEN,10.0,24.0,-3.5,-14.0,3.3926866
2018_13_LA_DET,2018,13,DET,LA,16.0,30.0,-10.5,-14.0,-3.110371
2018_13_ARI_GB,2018,13,GB,ARI,17.0,20.0,13.5,-3.0,0.47520736
2018_13_CLE_HOU,2018,13,HOU,CLE,29.0,13.0,5.0,16.0,-0.17022668
2018_13_IND_JAX,2018,13,JAX,IND,6.0,0.0,-4.0,6.0,2.6658456
2018_13_BUF_MIA,2018,13,MIA,BUF,21.0,17.0,3.5,4.0,7.2699637
2018_13_CHI_NYG,2018,13,NYG,CHI,30.0,27.0,-3.5,3.0,-0.79827464
2018_13_CAR_TB,2018,13,TB,CAR,24.0,17.0,-3.5,7.0,7.6534133
2018_13_NYJ_TEN,2018,13,TEN,NYJ,26.0,22.0,10.5,4.0,-1.8738565
2018_13_MIN_NE,2018,13,NE,MIN,24.0,10.0,6.0,14.0,-2.1544363
2018_13_SF_SEA,2018,13,SEA,SF,43.0,16.0,10.0,27.0,-2.40748
2018_13_LAC_PIT,2018,13,PIT,LAC,30.0,33.0,3.5,-3.0,-2.431931
2018_13_WAS_PHI,2018,13,PHI,WAS,28.0,13.0,5.5,15.0,-1.7302043
2018_14_JAX_TEN,2018,14,TEN,JAX,30.0,9.0,5.5,21.0,3.8786476
2018_14_NYJ_BUF,2018,14,BUF,NYJ,23.0,27.0,4.5,-4.0,1.0335863
2018_14_CAR_CLE,2018,14,CLE,CAR,26.0,20.0,-1.0,6.0,10.917057
2018_14_ATL_GB,2018,14,GB,ATL,34.0,20.0,4.0,14.0,2.4042904
2018_14_IND_HOU,2018,14,HOU,IND,21.0,24.0,4.0,-3.0,0.8781
2018_14_BAL_KC,2018,14,KC,BAL,27.0,24.0,6.5,3.0,-4.165472
2018_14_NE_MIA,2018,14,MIA,NE,34.0,33.0,-8.5,1.0,-5.1301413
2018_14_NO_TB,2018,14,TB,NO,14.0,28.0,-8.5,-14.0,7.553638
2018_14_NYG_WAS,2018,14,WAS,NYG,16.0,40.0,-3.0,-24.0,-2.303154
2018_14_CIN_LAC,2018,14,LAC,CIN,26.0,21.0,17.0,5.0,4.586773
2018_14_DEN_SF,2018,14,SF,DEN,20.0,14.0,-3.0,6.0,4.493705
2018_14_DET_ARI,2018,14,ARI,DET,3.0,17.0,-2.5,-14.0,3.4863126
2018_14_PHI_DAL,2018,14,DAL,PHI,29.0,23.0,3.5,6.0,-0.042240433
2018_14_LA_CHI,2018,14,CHI,LA,15.0,6.0,-3.0,9.0,1.7070867
2018_14_MIN_SEA,2018,14,SEA,MIN,21.0,7.0,3.0,14.0,4.2575827
2018_15_LAC_KC,2018,15,KC,LAC,28.0,29.0,3.5,-1.0,-2.3942108
2018_15_HOU_NYJ,2018,15,NYJ,HOU,22.0,29.0,-7.0,-7.0,3.4152021
2018_15_CLE_DEN,2018,15,DEN,CLE,16.0,17.0,1.0,-1.0,2.5653453
2018_15_ARI_ATL,2018,15,ATL,ARI,40.0,14.0,10.0,26.0,5.155457
2018_15_TB_BAL,2018,15,BAL,TB,20.0,12.0,8.5,8.0,-2.058378
2018_15_DET_BUF,2018,15,BUF,DET,14.0,13.0,2.5,1.0,10.698153
2018_15_GB_CHI,2018,15,CHI,GB,24.0,17.0,6.0,7.0,-2.1054125
2018_15_DAL_IND,2018,15,IND,DAL,23.0,0.0,3.0,23.0,0.117190376
2018_15_WAS_JAX,2018,15,JAX,WAS,13.0,16.0,7.5,-3.0,9.248825
2018_15_MIA_MIN,2018,15,MIN,MIA,41.0,17.0,7.5,24.0,4.950091
2018_15_TEN_NYG,2018,15,NYG,TEN,0.0,17.0,-2.5,-17.0,7.2761183
2018_15_NE_PIT,2018,15,PIT,NE,17.0,10.0,-2.5,7.0,5.0656114
2018_15_PHI_LA,2018,15,LA,PHI,23.0,30.0,13.5,-7.0,4.6616907
2018_15_NO_CAR,2018,15,CAR,NO,9.0,12.0,-6.0,-3.0,6.11798
2018_16_WAS_TEN,2018,16,TEN,WAS,25.0,16.0,12.5,9.0,5.1226335
2018_16_BAL_LAC,2018,16,LAC,BAL,10.0,22.0,4.0,-12.0,-4.439956
2018_16_ATL_CAR,2018,16,CAR,ATL,10.0,24.0,-2.5,-14.0,3.0755644
2018_16_CIN_CLE,2018,16,CLE,CIN,26.0,18.0,10.0,8.0,1.8792135
2018_16_TB_DAL,2018,16,DAL,TB,27.0,20.0,7.0,7.0,0.41857636
2018_16_MIN_DET,2018,16,DET,MIN,9.0,27.0,-6.5,-18.0,-1.607016
2018_16_NYG_IND,2018,16,IND,NYG,28.0,27.0,10.0,1.0,-3.0632474
2018_16_JAX_MIA,2018,16,MIA,JAX,7.0,17.0,3.0,-10.0,6.130901
2018_16_BUF_NE,2018,16,NE,BUF,24.0,12.0,14.0,12.0,2.4408286
2018_16_GB_NYJ,2018,16,NYJ,GB,38.0,44.0,-3.0,-6.0,-6.213588
2018_16_HOU_PHI,2018,16,PHI,HOU,32.0,30.0,1.0,2.0,4.143293
2018_16_LA_ARI,2018,16,ARI,LA,9.0,31.0,-14.5,-22.0,-11.680061
2018_16_CHI_SF,2018,16,SF,CHI,9.0,14.0,-3.5,-5.0,0.9323444
2018_16_PIT_NO,2018,16,NO,PIT,31.0,28.0,6.5,3.0,0.24983004
2018_16_KC_SEA,2018,16,SEA,KC,38.0,31.0,-1.0,7.0,5.9505134
2018_17_MIA_BUF,2018,17,BUF,MIA,42.0,17.0,5.5,25.0,4.764134
2018_17_DET_GB,2018,17,GB,DET,0.0,31.0,7.5,-31.0,2.5595725
2018_17_JAX_HOU,2018,17,HOU,JAX,20.0,3.0,7.0,17.0,-0.013002079
2018_17_NYJ_NE,2018,17,NE,NYJ,38.0,3.0,14.0,35.0,4.336778
2018_17_CAR_NO,2018,17,NO,CAR,14.0,33.0,8.0,-19.0,1.689272
2018_17_DAL_NYG,2018,17,NYG,DAL,35.0,36.0,7.5,-1.0,10.487662
2018_17_ATL_TB,2018,17,TB,ATL,32.0,34.0,-2.5,-2.0,-2.4373603
2018_17_CLE_BAL,2018,17,BAL,CLE,26.0,24.0,7.0,2.0,10.003531
2018_17_LAC_DEN,2018,17,DEN,LAC,9.0,23.0,-7.0,-14.0,9.481632
2018_17_SF_LA,2018,17,LA,SF,48.0,32.0,10.5,16.0,5.6724114
2018_17_CHI_MIN,2018,17,MIN,CHI,10.0,24.0,6.0,-14.0,4.153983
2018_17_CIN_PIT,2018,17,PIT,CIN,16.0,13.0,14.0,3.0,-1.5401433
2018_17_ARI_SEA,2018,17,SEA,ARI,27.0,24.0,15.5,3.0,-0.2677388
2018_17_PHI_WAS,2018,17,WAS,PHI,0.0,24.0,-6.0,-24.0,1.3083614
2018_17_IND_TEN,2018,17,TEN,IND,17.0,33.0,-5.0,-16.0,7.141688
2018_18_IND_HOU,2018,18,HOU,IND,7.0,21.0,2.0,-14.0,7.324137
2018_18_SEA_DAL,2018,18,DAL,SEA,24.0,22.0,2.5,2.0,5.006611
2018_18_LAC_BAL,2018,18,BAL,LAC,17.0,23.0,3.0,-6.0,10.590746
2018_18_PHI_CHI,2018,18,CHI,PHI,15.0,16.0,6.5,-1.0,3.2773607
2018_19_IND_KC,2018,19,KC,IND,31.0,13.0,4.0,18.0,9.962992
2018_19_DAL_LA,2018,19,LA,DAL,30.0,22.0,7.5,8.0,12.451558
2018_19_LAC_NE,2018,19,NE,LAC,41.0,28.0,4.0,13.0,15.57485
2018_19_PHI_NO,2018,19,NO,PHI,20.0,14.0,8.5,6.0,11.0852585
2018_20_LA_NO,2018,20,NO,LA,23.0,26.0,3.0,-3.0,5.5302234
2018_20_NE_KC,2018,20,KC,NE,31.0,37.0,3.0,-6.0,-4.443458
2018_21_NE_LA,2018,21,LA,NE,3.0,13.0,-2.0,-10.0,5.0725384
2019_01_GB_CHI,2019,1,CHI,GB,3.0,10.0,3.5,-7.0,-2.4109688
2019_01_LA_CAR,2019,1,CAR,LA,27.0,30.0,-1.5,-3.0,-0.2718899
2019_01_TEN_CLE,2019,1,CLE,TEN,13.0,43.0,5.5,-30.0,-2.8735127
2019_01_KC_JAX,2019,1,JAX,KC,26.0,40.0,-3.5,-14.0,3.9860365
2019_01_BAL_MIA,2019,1,MIA,BAL,10.0,59.0,-7.0,-49.0,11.061128
2019_01_ATL_MIN,2019,1,MIN,ATL,28.0,12.0,3.5,16.0,12.258579
2019_01_BUF_NYJ,2019,1,NYJ,BUF,16.0,17.0,2.5,-1.0,12.272897
2019_01_WAS_PHI,2019,1,PHI,WAS,32.0,27.0,10.5,5.0,0.084813885
2019_01_IND_LAC,2019,1,LAC,IND,30.0,24.0,6.0,6.0,6.0906835
2019_01_CIN_SEA,2019,1,SEA,CIN,21.0,20.0,9.5,1.0,4.9228277
2019_01_DET_ARI,2019,1,ARI,DET,27.0,27.0,-2.5,0.0,3.189996
2019_01_NYG_DAL,2019,1,DAL,NYG,35.0,17.0,7.0,18.0,2.7095945
2019_01_SF_TB,2019,1,TB,SF,17.0,31.0,1.0,-14.0,6.8423886
2019_01_PIT_NE,2019,1,NE,PIT,33.0,3.0,5.5,30.0,-4.3037558
2019_01_HOU_NO,2019,1,NO,HOU,30.0,28.0,6.5,2.0,0.46009856
2019_02_TB_CAR,2019,2,CAR,TB,14.0,20.0,6.5,-6.0,10.486246
2019_02_ARI_BAL,2019,2,BAL,ARI,23.0,17.0,13.0,6.0,0.8602627
2019_02_SF_CIN,2019,2,CIN,SF,17.0,41.0,1.0,-24.0,-1.1291684
2019_02_LAC_DET,2019,2,DET,LAC,13.0,10.0,-1.0,3.0,5.11658
2019_02_MIN_GB,2019,2,GB,MIN,21.0,16.0,3.0,5.0,2.0617695
2019_02_JAX_HOU,2019,2,HOU,JAX,13.0,12.0,7.5,1.0,4.6563835
2019_02_NE_MIA,2019,2,MIA,NE,0.0,43.0,-18.0,-43.0,3.903474
2019_02_BUF_NYG,2019,2,NYG,BUF,14.0,28.0,-1.0,-14.0,6.717426
2019_02_SEA_PIT,2019,2,PIT,SEA,26.0,28.0,4.0,-2.0,7.373712
2019_02_IND_TEN,2019,2,TEN,IND,17.0,19.0,3.0,-2.0,4.017686
2019_02_DAL_WAS,2019,2,WAS,DAL,21.0,31.0,-6.0,-10.0,4.4837894
2019_02_CHI_DEN,2019,2,DEN,CHI,14.0,16.0,-3.0,-2.0,3.1520944
2019_02_NO_LA,2019,2,LA,NO,27.0,9.0,2.0,18.0,-5.0073466
2019_02_PHI_ATL,2019,2,ATL,PHI,24.0,20.0,-1.0,4.0,-5.9957404
2019_02_CLE_NYJ,2019,2,NYJ,CLE,3.0,23.0,-6.5,-20.0,5.834904
2019_03_TEN_JAX,2019,3,JAX,TEN,20.0,7.0,-1.5,13.0,2.3698533
2019_03_CIN_BUF,2019,3,BUF,CIN,21.0,17.0,5.5,4.0,0.42664424
2019_03_MIA_DAL,2019,3,DAL,MIA,31.0,6.0,22.0,25.0,2.0462973
2019_03_DEN_GB,2019,3,GB,DEN,27.0,16.0,7.0,11.0,-7.866077
2019_03_ATL_IND,2019,3,IND,ATL,27.0,24.0,1.0,3.0,4.0047336
2019_03_BAL_KC,2019,3,KC,BAL,33.0,28.0,4.5,5.0,1.241895
2019_03_NYJ_NE,2019,3,NE,NYJ,30.0,14.0,20.5,16.0,-0.9089789
2019_03_DET_PHI,2019,3,PHI,DET,24.0,27.0,4.0,-3.0,4.340452
2019_03_CAR_ARI,2019,3,ARI,CAR,20.0,38.0,2.5,-18.0,0.6841673
2019_03_NYG_TB,2019,3,TB,NYG,31.0,32.0,5.0,-1.0,2.9744203
2019_03_HOU_LAC,2019,3,LAC,HOU,20.0,27.0,3.0,-7.0,0.77706164
2019_03_NO_SEA,2019,3,SEA,NO,27.0,33.0,5.0,-6.0,7.8732543
2019_03_PIT_SF,2019,3,SF,PIT,24.0,20.0,6.0,4.0,2.8473692
2019_03_CHI_WAS,2019,3,WAS,CHI,15.0,31.0,-5.0,-16.0,-1.0529028
2019_04_PHI_GB,2019,4,GB,PHI,27.0,34.0,3.5,-7.0,4.38175
2019_04_TEN_ATL,2019,4,ATL,TEN,10.0,24.0,3.5,-14.0,-2.5797775
2019_04_CLE_BAL,2019,4,BAL,CLE,25.0,40.0,7.5,-15.0,-3.6492825
2019_04_NE_BUF,2019,4,BUF,NE,10.0,16.0,-7.0,-6.0,2.9812098
2019_04_KC_DET,2019,4,DET,KC,30.0,34.0,-7.5,-4.0,1.2720497
2019_04_CAR_HOU,2019,4,HOU,CAR,10.0,16.0,5.5,-6.0,0.22960538
2019_04_LAC_MIA,2019,4,MIA,LAC,10.0,30.0,-15.0,-20.0,4.322547
2019_04_WAS_NYG,2019,4,NYG,WAS,24.0,3.0,3.0,21.0,6.3947797
2019_04_SEA_ARI,2019,4,ARI,SEA,10.0,27.0,-5.5,-17.0,3.4608278
2019_04_TB_LA,2019,4,LA,TB,40.0,55.0,9.0,-15.0,0.7222474
2019_04_MIN_CHI,2019,4,CHI,MIN,16.0,6.0,-1.0,10.0,6.7533574
2019_04_JAX_DEN,2019,4,DEN,JAX,24.0,26.0,2.5,-2.0,0.8340699
2019_04_DAL_NO,2019,4,NO,DAL,12.0,10.0,-2.5,2.0,-0.2025852
2019_04_CIN_PIT,2019,4,PIT,CIN,27.0,3.0,3.5,24.0,-3.4699023
2019_05_LA_SEA,2019,5,SEA,LA,30.0,29.0,1.5,1.0,0.70124626
2019_05_JAX_CAR,2019,5,CAR,JAX,34.0,27.0,3.0,7.0,-2.6606598
2019_05_ARI_CIN,2019,5,CIN,ARI,23.0,26.0,3.0,-3.0,5.826929
2019_05_ATL_HOU,2019,5,HOU,ATL,53.0,32.0,4.0,21.0,-2.680265
2019_05_TB_NO,2019,5,NO,TB,31.0,24.0,3.0,7.0,-1.2047002
2019_05_MIN_NYG,2019,5,NYG,MIN,10.0,28.0,-5.5,-18.0,-0.862261
2019_05_NYJ_PHI,2019,5,PHI,NYJ,31.0,6.0,14.0,25.0,3.0731618
2019_05_BAL_PIT,2019,5,PIT,BAL,23.0,26.0,-3.5,-3.0,1.5048691
2019_05_BUF_TEN,2019,5,TEN,BUF,7.0,14.0,3.5,-7.0,3.9745078
2019_05_NE_WAS,2019,5,WAS,NE,7.0,33.0,-15.5,-26.0,3.5770342
2019_05_DEN_LAC,2019,5,LAC,DEN,13.0,20.0,4.0,-7.0,3.2602348
2019_05_GB_DAL,2019,5,DAL,GB,24.0,34.0,3.5,-10.0,-6.0952787
2019_05_IND_KC,2019,5,KC,IND,13.0,19.0,10.5,-6.0,3.1355839
2019_05_CLE_SF,2019,5,SF,CLE,31.0,3.0,5.0,28.0,-2.9154077
2019_06_NYG_NE,2019,6,NE,NYG,35.0,14.0,16.5,21.0,1.3909446
2019_06_CAR_TB,2019,6,TB,CAR,26.0,37.0,-2.0,-11.0,-0.9192302
2019_06_CIN_BAL,2019,6,BAL,CIN,23.0,17.0,10.5,6.0,8.540979
2019_06_SEA_CLE,2019,6,CLE,SEA,28.0,32.0,1.0,-4.0,7.8194137
2019_06_NO_JAX,2019,6,JAX,NO,6.0,13.0,2.5,-7.0,6.8127756
2019_06_HOU_KC,2019,6,KC,HOU,24.0,31.0,3.5,-7.0,4.575146
2019_06_WAS_MIA,2019,6,MIA,WAS,16.0,17.0,-6.0,-1.0,1.3547397
2019_06_PHI_MIN,2019,6,MIN,PHI,38.0,20.0,3.5,18.0,8.014043
2019_06_ATL_ARI,2019,6,ARI,ATL,34.0,33.0,-3.0,1.0,2.168665
2019_06_SF_LA,2019,6,LA,SF,7.0,20.0,3.0,-13.0,2.573099
2019_06_TEN_DEN,2019,6,DEN,TEN,16.0,0.0,1.0,16.0,-1.4709805
2019_06_DAL_NYJ,2019,6,NYJ,DAL,24.0,22.0,-7.0,2.0,6.8214674
2019_06_PIT_LAC,2019,6,LAC,PIT,17.0,24.0,6.0,-7.0,1.4588014
2019_06_DET_GB,2019,6,GB,DET,23.0,22.0,3.5,1.0,-0.6188994
2019_07_KC_DEN,2019,7,DEN,KC,6.0,30.0,-3.0,-24.0,2.0360703
2019_07_LA_ATL,2019,7,ATL,LA,10.0,37.0,-3.0,-27.0,4.0458455
2019_07_MIA_BUF,2019,7,BUF,MIA,31.0,21.0,17.0,10.0,5.479799
2019_07_JAX_CIN,2019,7,CIN,JAX,17.0,27.0,-4.0,-10.0,2.831038
2019_07_MIN_DET,2019,7,DET,MIN,30.0,42.0,-2.5,-12.0,2.1319022
2019_07_HOU_IND,2019,7,IND,HOU,30.0,23.0,1.5,7.0,-1.752411
2019_07_ARI_NYG,2019,7,NYG,ARI,21.0,27.0,3.5,-6.0,5.328243
2019_07_SF_WAS,2019,7,WAS,SF,0.0,9.0,-10.0,-9.0,5.2047567
2019_07_LAC_TEN,2019,7,TEN,LAC,23.0,20.0,3.0,3.0,-1.6831714
2019_07_NO_CHI,2019,7,CHI,NO,25.0,36.0,4.0,-11.0,4.6031137
2019_07_BAL_SEA,2019,7,SEA,BAL,16.0,30.0,3.0,-14.0,0.5542337
2019_07_PHI_DAL,2019,7,DAL,PHI,37.0,10.0,3.0,27.0,9.024213
2019_07_NE_NYJ,2019,7,NYJ,NE,0.0,33.0,-9.5,-33.0,-1.9940716
2019_08_WAS_MIN,2019,8,MIN,WAS,19.0,9.0,16.5,10.0,3.5090125
2019_08_SEA_ATL,2019,8,ATL,SEA,20.0,27.0,-7.5,-7.0,10.741034
2019_08_PHI_BUF,2019,8,BUF,PHI,13.0,31.0,1.0,-18.0,5.250633
2019_08_LAC_CHI,2019,8,CHI,LAC,16.0,17.0,3.5,-1.0,6.5056605
2019_08_NYG_DET,2019,8,DET,NYG,31.0,26.0,6.5,5.0,1.2015382
2019_08_DEN_IND,2019,8,IND,DEN,15.0,13.0,6.0,2.0,6.753248
2019_08_NYJ_JAX,2019,8,JAX,NYJ,29.0,15.0,7.0,14.0,-1.2867156
2019_08_CIN_LA,2019,8,LA,CIN,24.0,10.0,12.0,14.0,3.749224
2019_08_ARI_NO,2019,8,NO,ARI,31.0,9.0,12.5,22.0,8.637535
2019_08_TB_TEN,2019,8,TEN,TB,27.0,23.0,2.0,4.0,1.2345041
2019_08_CAR_SF,2019,8,SF,CAR,51.0,13.0,4.5,38.0,5.1658106
2019_08_CLE_NE,2019,8,NE,CLE,27.0,13.0,9.5,14.0,-6.4429398
2019_08_GB_KC,2019,8,KC,GB,24.0,31.0,-5.0,-7.0,3.3691316
2019_08_MIA_PIT,2019,8,PIT,MIA,27.0,14.0,14.0,13.0,-0.6405498
2019_09_SF_ARI,2019,9,ARI,SF,25.0,28.0,-10.5,-3.0,4.133002
2019_09_HOU_JAX,2019,9,JAX,HOU,3.0,26.0,1.0,-23.0,2.9687426
2019_09_WAS_BUF,2019,9,BUF,WAS,24.0,9.0,10.5,15.0,1.4470088
2019_09_TEN_CAR,2019,9,CAR,TEN,30.0,20.0,3.5,10.0,12.564673
2019_09_MIN_KC,2019,9,KC,MIN,26.0,23.0,-5.5,3.0,0.7703222
2019_09_NYJ_MIA,2019,9,MIA,NYJ,26.0,18.0,-3.5,8.0,5.1875668
2019_09_CHI_PHI,2019,9,PHI,CHI,22.0,14.0,5.0,8.0,7.6037893
2019_09_IND_PIT,2019,9,PIT,IND,26.0,24.0,1.0,2.0,11.270649
2019_09_TB_SEA,2019,9,SEA,TB,40.0,34.0,4.0,6.0,12.49672
2019_09_CLE_DEN,2019,9,DEN,CLE,24.0,19.0,-4.0,5.0,5.2267666
2019_09_GB_LAC,2019,9,LAC,GB,26.0,11.0,-4.0,15.0,4.2343965
2019_09_NE_BAL,2019,9,BAL,NE,37.0,20.0,-3.0,17.0,-3.4103107
2019_09_DAL_NYG,2019,9,NYG,DAL,18.0,37.0,-6.5,-19.0,-4.417865
2019_10_DET_CHI,2019,10,CHI,DET,20.0,13.0,6.0,7.0,4.342535
2019_10_BAL_CIN,2019,10,CIN,BAL,13.0,49.0,-10.5,-36.0,3.8866153
2019_10_BUF_CLE,2019,10,CLE,BUF,19.0,16.0,3.0,3.0,2.0291216
2019_10_ATL_NO,2019,10,NO,ATL,9.0,26.0,14.0,-17.0,1.1530148
2019_10_NYG_NYJ,2019,10,NYJ,NYG,34.0,27.0,-3.0,7.0,-0.81906646
2019_10_ARI_TB,2019,10,TB,ARI,30.0,27.0,5.5,3.0,3.1338232
2019_10_KC_TEN,2019,10,TEN,KC,35.0,32.0,-5.0,3.0,1.9129214
2019_10_MIA_IND,2019,10,IND,MIA,12.0,16.0,11.0,-4.0,-2.9617386
2019_10_CAR_GB,2019,10,GB,CAR,24.0,16.0,5.0,8.0,4.6787953
2019_10_LA_PIT,2019,10,PIT,LA,17.0,12.0,-4.0,5.0,-5.7787366
2019_10_MIN_DAL,2019,10,DAL,MIN,24.0,28.0,3.5,-4.0,7.415943
2019_10_SEA_SF,2019,10,SF,SEA,24.0,27.0,6.5,-3.0,-0.5560115
2019_11_PIT_CLE,2019,11,CLE,PIT,21.0,7.0,3.0,14.0,4.8459573
2019_11_HOU_BAL,2019,11,BAL,HOU,41.0,7.0,4.0,34.0,0.54430425
2019_11_ATL_CAR,2019,11,CAR,ATL,3.0,29.0,3.5,-26.0,0.5186519
2019_11_DAL_DET,2019,11,DET,DAL,27.0,35.0,-7.5,-8.0,7.6582875
2019_11_JAX_IND,2019,11,IND,JAX,33.0,13.0,2.5,20.0,4.1843777
2019_11_BUF_MIA,2019,11,MIA,BUF,20.0,37.0,-7.0,-17.0,-1.3047125
2019_11_DEN_MIN,2019,11,MIN,DEN,27.0,23.0,10.0,4.0,7.4787774
2019_11_NO_TB,2019,11,TB,NO,17.0,34.0,-5.0,-17.0,1.0589534
2019_11_NYJ_WAS,2019,11,WAS,NYJ,17.0,34.0,1.0,-17.0,2.0491538
2019_11_ARI_SF,2019,11,SF,ARI,36.0,26.0,10.0,10.0,0.6429716
2019_11_NE_PHI,2019,11,PHI,NE,10.0,17.0,-4.5,-7.0,-2.4218926
2019_11_CHI_LA,2019,11,LA,CHI,17.0,7.0,5.0,10.0,8.209558
2019_11_KC_LAC,2019,11,LAC,KC,17.0,24.0,-5.5,-7.0,7.5048327
2019_12_IND_HOU,2019,12,HOU,IND,20.0,17.0,3.5,3.0,-2.0162404
2019_12_TB_ATL,2019,12,ATL,TB,22.0,35.0,3.5,-13.0,1.5121658
2019_12_DEN_BUF,2019,12,BUF,DEN,20.0,3.0,3.5,17.0,-5.950141
2019_12_NYG_CHI,2019,12,CHI,NYG,19.0,14.0,6.0,5.0,-0.15114084
2019_12_PIT_CIN,2019,12,CIN,PIT,10.0,16.0,-5.5,-6.0,-2.5699332
2019_12_MIA_CLE,2019,12,CLE,MIA,41.0,24.0,11.0,17.0,1.4700198
2019_12_CAR_NO,2019,12,NO,CAR,34.0,31.0,10.0,3.0,-4.886431
2019_12_SEA_PHI,2019,12,PHI,SEA,9.0,17.0,-1.0,-8.0,-3.5459752
2019_12_DET_WAS,2019,12,WAS,DET,19.0,16.0,-4.0,3.0,-0.62768716
2019_12_JAX_TEN,2019,12,TEN,JAX,42.0,20.0,4.5,22.0,-1.1513194
2019_12_DAL_NE,2019,12,NE,DAL,13.0,9.0,5.5,4.0,1.0492626
2019_12_GB_SF,2019,12,SF,GB,37.0,8.0,3.0,29.0,-6.161344
2019_12_BAL_LA,2019,12,LA,BAL,6.0,45.0,-3.5,-39.0,2.1667945
2019_13_CHI_DET,2019,13,DET,CHI,20.0,24.0,-5.5,-4.0,0.6828377
2019_13_BUF_DAL,2019,13,DAL,BUF,15.0,26.0,6.5,-11.0,-4.567152
2019_13_NO_ATL,2019,13,ATL,NO,18.0,26.0,-7.0,-8.0,5.939991
2019_13_SF_BAL,2019,13,BAL,SF,20.0,17.0,5.5,3.0,3.614987
2019_13_WAS_CAR,2019,13,CAR,WAS,21.0,29.0,10.5,-8.0,2.0187795
2019_13_NYJ_CIN,2019,13,CIN,NYJ,22.0,6.0,-2.5,16.0,10.1329565
2019_13_TEN_IND,2019,13,IND,TEN,17.0,31.0,-1.0,-14.0,1.9917471
2019_13_TB_JAX,2019,13,JAX,TB,11.0,28.0,-3.0,-17.0,5.1917663
2019_13_PHI_MIA,2019,13,MIA,PHI,37.0,31.0,-10.5,6.0,5.3528767
2019_13_GB_NYG,2019,13,NYG,GB,13.0,31.0,-6.5,-18.0,-1.0253562
2019_13_CLE_PIT,2019,13,PIT,CLE,20.0,13.0,-1.0,7.0,2.6662128
2019_13_LA_ARI,2019,13,ARI,LA,7.0,34.0,-2.5,-27.0,10.582121
2019_13_LAC_DEN,2019,13,DEN,LAC,23.0,20.0,-4.5,3.0,1.5009762
2019_13_NE_HOU,2019,13,HOU,NE,28.0,22.0,-3.5,6.0,5.8820963
2019_13_MIN_SEA,2019,13,SEA,MIN,37.0,30.0,2.5,7.0,-7.1670985
2019_14_DAL_CHI,2019,14,CHI,DAL,31.0,24.0,-3.0,7.0,2.018168
2019_14_CAR_ATL,2019,14,ATL,CAR,40.0,20.0,3.5,20.0,2.4935353
2019_14_BAL_BUF,2019,14,BUF,BAL,17.0,24.0,-6.5,-7.0,5.494114
2019_14_CIN_CLE,2019,14,CLE,CIN,27.0,19.0,6.5,8.0,-0.5913278
2019_14_WAS_GB,2019,14,GB,WAS,20.0,15.0,13.0,5.0,-1.489868
2019_14_DEN_HOU,2019,14,HOU,DEN,24.0,38.0,8.0,-14.0,-2.1631777
2019_14_DET_MIN,2019,14,MIN,DET,20.0,7.0,12.0,13.0,1.7887315
2019_14_SF_NO,2019,14,NO,SF,46.0,48.0,1.0,-2.0,8.586768
2019_14_MIA_NYJ,2019,14,NYJ,MIA,22.0,21.0,5.0,1.0,3.8942842
2019_14_IND_TB,2019,14,TB,IND,38.0,35.0,3.0,3.0,-0.4136204
2019_14_LAC_JAX,2019,14,JAX,LAC,10.0,45.0,-3.5,-35.0,4.997152
2019_14_PIT_ARI,2019,14,ARI,PIT,17.0,23.0,-2.5,-6.0,11.751516
2019_14_KC_NE,2019,14,NE,KC,16.0,23.0,3.0,-7.0,1.8376086
2019_14_SEA_LA,2019,14,LA,SEA,28.0,12.0,1.0,16.0,4.8013954
2019_14_NYG_PHI,2019,14,PHI,NYG,23.0,17.0,9.5,6.0,1.397719
2019_15_NYJ_BAL,2019,15,BAL,NYJ,42.0,21.0,17.0,21.0,5.071371
2019_15_SEA_CAR,2019,15,CAR,SEA,24.0,30.0,-6.0,-6.0,-3.647271
2019_15_NE_CIN,2019,15,CIN,NE,13.0,34.0,-10.5,-21.0,3.8188338
2019_15_TB_DET,2019,15,DET,TB,17.0,38.0,-5.5,-21.0,4.6026583
2019_15_CHI_GB,2019,15,GB,CHI,21.0,13.0,4.0,8.0,-3.5550292
2019_15_DEN_KC,2019,15,KC,DEN,23.0,3.0,10.0,20.0,-0.34952426
2019_15_MIA_NYG,2019,15,NYG,MIA,36.0,20.0,3.5,16.0,3.1542943
2019_15_HOU_TEN,2019,15,TEN,HOU,21.0,24.0,3.0,-3.0,0.54913574
2019_15_PHI_WAS,2019,15,WAS,PHI,27.0,37.0,-7.0,-10.0,0.8692092
2019_15_CLE_ARI,2019,15,ARI,CLE,38.0,24.0,-3.0,14.0,1.8686906
2019_15_MIN_LAC,2019,15,LAC,MIN,10.0,39.0,-1.0,-29.0,5.251281
2019_15_LA_DAL,2019,15,DAL,LA,44.0,21.0,-1.0,23.0,-1.0407493
2019_15_BUF_PIT,2019,15,PIT,BUF,10.0,17.0,1.0,-7.0,2.6491745
2019_15_IND_NO,2019,15,NO,IND,34.0,7.0,8.0,27.0,3.8433914
2019_16_HOU_TB,2019,16,TB,HOU,20.0,23.0,-3.0,-3.0,-3.0539389
2019_16_BUF_NE,2019,16,NE,BUF,24.0,17.0,7.0,7.0,-1.1700128
2019_16_LA_SF,2019,16,SF,LA,34.0,31.0,7.0,3.0,6.6386876
2019_16_JAX_ATL,2019,16,ATL,JAX,24.0,12.0,7.5,12.0,3.8787875
2019_16_BAL_CLE,2019,16,CLE,BAL,15.0,31.0,-9.5,-16.0,0.2754982
2019_16_CAR_IND,2019,16,IND,CAR,38.0,6.0,7.5,32.0,-4.0810266
2019_16_CIN_MIA,2019,16,MIA,CIN,38.0,35.0,-1.5,3.0,0.78281945
2019_16_PIT_NYJ,2019,16,NYJ,PIT,16.0,10.0,-3.0,6.0,2.9707665
2019_16_NO_TEN,2019,16,TEN,NO,28.0,38.0,-3.5,-10.0,6.510324
2019_16_NYG_WAS,2019,16,WAS,NYG,35.0,41.0,-1.0,-6.0,-0.47633618
2019_16_DET_DEN,2019,16,DEN,DET,27.0,17.0,9.5,10.0,4.0315948
2019_16_DAL_PHI,2019,16,PHI,DAL,17.0,9.0,-2.0,8.0,5.3788424
2019_16_ARI_SEA,2019,16,SEA,ARI,13.0,27.0,8.0,-14.0,1.5252417
2019_16_KC_CHI,2019,16,CHI,KC,3.0,26.0,-6.5,-23.0,0.5457559
2019_16_GB_MIN,2019,16,MIN,GB,10.0,23.0,4.0,-13.0,-3.1512716
2019_17_NYJ_BUF,2019,17,BUF,NYJ,6.0,13.0,-1.5,-7.0,0.74684787
2019_17_NO_CAR,2019,17,CAR,NO,10.0,42.0,-13.5,-32.0,5.1009088
2019_17_CLE_CIN,2019,17,CIN,CLE,33.0,23.0,-2.5,10.0,-2.54972
2019_17_GB_DET,2019,17,DET,GB,20.0,23.0,-13.5,-3.0,3.3881571
2019_17_LAC_KC,2019,17,KC,LAC,31.0,21.0,10.0,10.0,6.887509
2019_17_CHI_MIN,2019,17,MIN,CHI,19.0,21.0,-5.5,-2.0,1.8782543
2019_17_MIA_NE,2019,17,NE,MIA,24.0,27.0,17.5,-3.0,3.5138383
2019_17_ATL_TB,2019,17,TB,ATL,22.0,28.0,1.0,-6.0,-0.12266022
2019_17_PIT_BAL,2019,17,BAL,PIT,28.0,10.0,-2.0,18.0,4.6766343
2019_17_WAS_DAL,2019,17,DAL,WAS,47.0,16.0,13.0,31.0,4.0297093
2019_17_TEN_HOU,2019,17,HOU,TEN,14.0,35.0,-10.0,-21.0,5.531023
2019_17_IND_JAX,2019,17,JAX,IND,38.0,20.0,-5.0,18.0,5.8793163
2019_17_ARI_LA,2019,17,LA,ARI,31.0,24.0,7.0,7.0,-2.0471241
2019_17_PHI_NYG,2019,17,NYG,PHI,17.0,34.0,-4.0,-17.0,7.082132
2019_17_SF_SEA,2019,17,SEA,SF,21.0,26.0,-3.5,-5.0,2.6669543
2019_18_BUF_HOU,2019,18,HOU,BUF,22.0,19.0,2.5,3.0,7.7535563
2019_18_TEN_NE,2019,18,NE,TEN,13.0,20.0,4.5,-7.0,3.2425153
2019_18_MIN_NO,2019,18,NO,MIN,20.0,26.0,7.5,-6.0,2.2915983
2019_18_SEA_PHI,2019,18,PHI,SEA,9.0,17.0,1.0,-8.0,5.776297
2019_19_MIN_SF,2019,19,SF,MIN,27.0,10.0,7.0,17.0,4.9516187
2019_19_TEN_BAL,2019,19,BAL,TEN,12.0,28.0,10.0,-16.0,0.40665957
2019_19_HOU_KC,2019,19,KC,HOU,51.0,31.0,10.0,20.0,3.0673451
2019_19_SEA_GB,2019,19,GB,SEA,28.0,23.0,4.5,5.0,4.774367
2019_20_TEN_KC,2019,20,KC,TEN,35.0,24.0,7.5,11.0,5.4942784
2019_20_GB_SF,2019,20,SF,GB,37.0,20.0,8.0,17.0,1.7908682
2019_21_SF_KC,2019,21,KC,SF,31.0,20.0,1.5,11.0,6.78949
2020_01_HOU_KC,2020,1,KC,HOU,34.0,20.0,9.5,14.0,0.64592206
2020_01_SEA_ATL,2020,1,ATL,SEA,25.0,38.0,1.0,-13.0,1.3101468
2020_01_CLE_BAL,2020,1,BAL,CLE,38.0,6.0,7.0,32.0,6.1354823
2020_01_NYJ_BUF,2020,1,BUF,NYJ,27.0,17.0,6.5,10.0,10.03982
2020_01_LV_CAR,2020,1,CAR,LV,30.0,34.0,-3.0,-4.0,5.888845
2020_01_CHI_DET,2020,1,DET,CHI,23.0,27.0,2.5,-4.0,10.698233
2020_01_IND_JAX,2020,1,JAX,IND,27.0,20.0,-7.0,7.0,1.2681005
2020_01_GB_MIN,2020,1,MIN,GB,34.0,43.0,1.0,-9.0,-0.83915895
2020_01_MIA_NE,2020,1,NE,MIA,21.0,11.0,7.5,10.0,7.16963
2020_01_PHI_WAS,2020,1,WAS,PHI,27.0,17.0,-5.5,10.0,2.9855485
2020_01_LAC_CIN,2020,1,CIN,LAC,13.0,16.0,-2.5,-3.0,9.235495
2020_01_TB_NO,2020,1,NO,TB,34.0,23.0,4.0,11.0,5.869557
2020_01_ARI_SF,2020,1,SF,ARI,20.0,24.0,7.0,-4.0,0.70796883
2020_01_DAL_LA,2020,1,LA,DAL,20.0,17.0,1.0,3.0,1.6369216
2020_01_PIT_NYG,2020,1,NYG,PIT,16.0,26.0,-6.0,-10.0,-0.17086758
2020_01_TEN_DEN,2020,1,DEN,TEN,14.0,16.0,-3.0,-2.0,9.283699
2020_02_CIN_CLE,2020,2,CLE,CIN,35.0,30.0,6.0,5.0,4.3980904
2020_02_NYG_CHI,2020,2,CHI,NYG,17.0,13.0,4.5,4.0,7.706488
2020_02_ATL_DAL,2020,2,DAL,ATL,40.0,39.0,3.0,1.0,4.1852565
2020_02_DET_GB,2020,2,GB,DET,42.0,21.0,7.0,21.0,2.032624
2020_02_MIN_IND,2020,2,IND,MIN,28.0,11.0,3.5,17.0,13.864773
2020_02_BUF_MIA,2020,2,MIA,BUF,28.0,31.0,-5.5,-3.0,4.842295
2020_02_SF_NYJ,2020,2,NYJ,SF,13.0,31.0,-7.0,-18.0,8.887208
2020_02_LA_PHI,2020,2,PHI,LA,19.0,37.0,2.0,-18.0,1.9842297
2020_02_DEN_PIT,2020,2,PIT,DEN,26.0,21.0,6.0,5.0,7.5740547
2020_02_CAR_TB,2020,2,TB,CAR,31.0,17.0,7.5,14.0,4.6357446
2020_02_JAX_TEN,2020,2,TEN,JAX,33.0,30.0,7.0,3.0,6.1132317
2020_02_WAS_ARI,2020,2,ARI,WAS,30.0,15.0,7.5,15.0,12.018238
2020_02_BAL_HOU,2020,2,HOU,BAL,16.0,33.0,-7.5,-17.0,4.6476693
2020_02_KC_LAC,2020,2,LAC,KC,20.0,23.0,-8.5,-3.0,7.076953
2020_02_NE_SEA,2020,2,SEA,NE,35.0,30.0,4.0,5.0,7.0937076
2020_02_NO_LV,2020,2,LV,NO,34.0,24.0,-4.0,10.0,9.220393
2020_03_MIA_JAX,2020,3,JAX,MIA,13.0,31.0,3.0,-18.0,-2.9952843
2020_03_CHI_ATL,2020,3,ATL,CHI,26.0,30.0,2.5,-4.0,5.7074223
2020_03_LA_BUF,2020,3,BUF,LA,35.0,32.0,1.5,3.0,-8.805177
2020_03_WAS_CLE,2020,3,CLE,WAS,34.0,20.0,7.5,14.0,2.407541
2020_03_TEN_MIN,2020,3,MIN,TEN,30.0,31.0,-3.0,-1.0,-4.9260178
2020_03_LV_NE,2020,3,NE,LV,36.0,20.0,7.0,16.0,-5.347806
2020_03_SF_NYG,2020,3,NYG,SF,9.0,36.0,-3.0,-27.0,-2.0630221
2020_03_CIN_PHI,2020,3,PHI,CIN,23.0,23.0,5.5,0.0,5.7540846
2020_03_HOU_PIT,2020,3,PIT,HOU,28.0,21.0,4.0,7.0,-10.5155115
2020_03_NYJ_IND,2020,3,IND,NYJ,36.0,7.0,12.5,29.0,1.0061936
2020_03_CAR_LAC,2020,3,LAC,CAR,16.0,21.0,6.0,-5.0,10.645384
2020_03_TB_DEN,2020,3,DEN,TB,10.0,28.0,-6.0,-18.0,3.0689707
2020_03_DAL_SEA,2020,3,SEA,DAL,38.0,31.0,5.5,7.0,12.7767
2020_03_GB_NO,2020,3,NO,GB,30.0,37.0,3.5,-7.0,-5.6178308
2020_03_KC_BAL,2020,3,BAL,KC,20.0,34.0,3.5,-14.0,-6.055547
2020_04_DEN_NYJ,2020,4,NYJ,DEN,28.0,37.0,1.0,-9.0,-7.22563
2020_04_ARI_CAR,2020,4,CAR,ARI,31.0,21.0,-3.0,10.0,0.7652646
2020_04_JAX_CIN,2020,4,CIN,JAX,33.0,25.0,1.0,8.0,-5.2458687
2020_04_CLE_DAL,2020,4,DAL,CLE,38.0,49.0,3.5,-11.0,-1.508984
2020_04_NO_DET,2020,4,DET,NO,29.0,35.0,-3.0,-6.0,4.8615155
2020_04_MIN_HOU,2020,4,HOU,MIN,23.0,31.0,3.5,-8.0,-4.029096
2020_04_SEA_MIA,2020,4,MIA,SEA,23.0,31.0,-4.5,-8.0,2.3884656
2020_04_LAC_TB,2020,4,TB,LAC,38.0,31.0,7.5,7.0,-5.8568788
2020_04_BAL_WAS,2020,4,WAS,BAL,17.0,31.0,-14.5,-14.0,3.947793
2020_04_NYG_LA,2020,4,LA,NYG,17.0,9.0,13.5,8.0,-2.9663088
2020_04_IND_CHI,2020,4,CHI,IND,11.0,19.0,-3.5,-8.0,1.2686236
2020_04_BUF_LV,2020,4,LV,BUF,23.0,30.0,-3.0,-7.0,3.16431
2020_04_PHI_SF,2020,4,SF,PHI,20.0,25.0,8.5,-5.0,-3.6939993
2020_04_NE_KC,2020,4,KC,NE,26.0,10.0,7.0,16.0,-6.847435
2020_04_ATL_GB,2020,4,GB,ATL,30.0,16.0,5.0,14.0,-7.4910192
2020_05_TB_CHI,2020,5,CHI,TB,20.0,19.0,-3.5,1.0,11.330403
2020_05_CAR_ATL,2020,5,ATL,CAR,16.0,23.0,2.5,-7.0,5.6848893
2020_05_CIN_BAL,2020,5,BAL,CIN,27.0,3.0,12.5,24.0,0.06048165
2020_05_JAX_HOU,2020,5,HOU,JAX,30.0,14.0,6.5,16.0,4.586945
2020_05_LV_KC,2020,5,KC,LV,32.0,40.0,11.0,-8.0,4.2319164
2020_05_ARI_NYJ,2020,5,NYJ,ARI,10.0,30.0,-7.0,-20.0,-8.5562725
2020_05_PHI_PIT,2020,5,PIT,PHI,38.0,29.0,7.5,9.0,8.960783
2020_05_LA_WAS,2020,5,WAS,LA,10.0,30.0,-7.0,-20.0,8.334699
2020_05_MIA_SF,2020,5,SF,MIA,17.0,43.0,8.5,-26.0,3.0069253
2020_05_IND_CLE,2020,5,CLE,IND,32.0,23.0,1.0,9.0,2.649837
2020_05_NYG_DAL,2020,5,DAL,NYG,37.0,34.0,7.5,3.0,8.37294
2020_05_MIN_SEA,2020,5,SEA,MIN,27.0,26.0,6.5,1.0,0.67639655
2020_05_LAC_NO,2020,5,NO,LAC,30.0,27.0,7.0,3.0,-7.509199
2020_05_BUF_TEN,2020,5,TEN,BUF,42.0,16.0,-3.0,26.0,-5.164097
2020_06_CHI_CAR,2020,6,CAR,CHI,16.0,23.0,2.0,-7.0,0.38620228
2020_06_CIN_IND,2020,6,IND,CIN,31.0,27.0,7.5,4.0,5.0576143
2020_06_DET_JAX,2020,6,JAX,DET,16.0,34.0,-3.0,-18.0,8.671359
2020_06_ATL_MIN,2020,6,MIN,ATL,23.0,40.0,3.5,-17.0,3.7613401
2020_06_DEN_NE,2020,6,NE,DEN,12.0,18.0,7.0,-6.0,3.130875
2020_06_WAS_NYG,2020,6,NYG,WAS,20.0,19.0,2.0,1.0,-4.005808
2020_06_BAL_PHI,2020,6,PHI,BAL,28.0,30.0,-10.5,-2.0,5.7720327
2020_06_CLE_PIT,2020,6,PIT,CLE,38.0,7.0,3.0,31.0,-5.3115244
2020_06_HOU_TEN,2020,6,TEN,HOU,42.0,36.0,4.0,6.0,0.6173468
2020_06_NYJ_MIA,2020,6,MIA,NYJ,24.0,0.0,9.5,24.0,0.9272037
2020_06_GB_TB,2020,6,TB,GB,38.0,10.0,-3.0,28.0,0.7444365
2020_06_LA_SF,2020,6,SF,LA,24.0,16.0,-2.0,8.0,3.9210196
2020_06_KC_BUF,2020,6,BUF,KC,17.0,26.0,-5.5,-9.0,1.1621133
2020_06_ARI_DAL,2020,6,DAL,ARI,10.0,38.0,1.0,-28.0,-2.3875418
2020_07_NYG_PHI,2020,7,PHI,NYG,22.0,21.0,5.0,1.0,3.94758
2020_07_DET_ATL,2020,7,ATL,DET,22.0,23.0,1.0,-1.0,5.226757
2020_07_CLE_CIN,2020,7,CIN,CLE,34.0,37.0,-4.5,-3.0,2.0302684
2020_07_GB_HOU,2020,7,HOU,GB,20.0,35.0,-2.5,-15.0,7.8215866
2020_07_CAR_NO,2020,7,NO,CAR,27.0,24.0,7.0,3.0,6.537889
2020_07_BUF_NYJ,2020,7,NYJ,BUF,10.0,18.0,-9.5,-8.0,3.7289257
2020_07_PIT_TEN,2020,7,TEN,PIT,24.0,27.0,1.0,-3.0,3.956419
2020_07_DAL_WAS,2020,7,WAS,DAL,25.0,3.0,-1.0,22.0,2.4555175
2020_07_TB_LV,2020,7,LV,TB,20.0,45.0,-3.5,-25.0,-5.8661537
2020_07_KC_DEN,2020,7,DEN,KC,16.0,43.0,-7.0,-27.0,4.4605107
2020_07_JAX_LAC,2020,7,LAC,JAX,39.0,29.0,8.0,10.0,-0.032035165
2020_07_SF_NE,2020,7,NE,SF,6.0,33.0,3.0,-27.0,6.8375854
2020_07_SEA_ARI,2020,7,ARI,SEA,37.0,34.0,-3.5,3.0,2.8455555
2020_07_CHI_LA,2020,7,LA,CHI,24.0,10.0,6.5,14.0,-3.045743
2020_08_ATL_CAR,2020,8,CAR,ATL,17.0,25.0,1.5,-8.0,-2.1184387
2020_08_PIT_BAL,2020,8,BAL,PIT,24.0,28.0,4.0,-4.0,-3.4272823
2020_08_NE_BUF,2020,8,BUF,NE,24.0,21.0,4.0,3.0,-0.07452428
2020_08_TEN_CIN,2020,8,CIN,TEN,31.0,20.0,-7.5,11.0,-2.2537816
2020_08_LV_CLE,2020,8,CLE,LV,6.0,16.0,1.0,-10.0,1.8580754
2020_08_IND_DET,2020,8,DET,IND,21.0,41.0,-3.5,-20.0,-5.7888236
2020_08_MIN_GB,2020,8,GB,MIN,22.0,28.0,5.5,-6.0,-1.69687
2020_08_NYJ_KC,2020,8,KC,NYJ,35.0,9.0,20.0,26.0,9.331592
2020_08_LA_MIA,2020,8,MIA,LA,28.0,17.0,-3.5,11.0,-1.785364
2020_08_LAC_DEN,2020,8,DEN,LAC,31.0,30.0,-3.0,1.0,4.811994
2020_08_NO_CHI,2020,8,CHI,NO,23.0,26.0,-5.5,-3.0,1.8566655
2020_08_SF_SEA,2020,8,SEA,SF,37.0,27.0,1.0,10.0,3.2370234
2020_08_DAL_PHI,2020,8,PHI,DAL,23.0,9.0,10.0,14.0,-1.5555558
2020_08_TB_NYG,2020,8,NYG,TB,23.0,25.0,-13.0,-2.0,2.0295217
2020_09_DEN_ATL,2020,9,ATL,DEN,34.0,27.0,4.5,7.0,0.3334205
2020_09_SEA_BUF,2020,9,BUF,SEA,44.0,34.0,-3.0,10.0,-2.6384702
2020_09_BAL_IND,2020,9,IND,BAL,10.0,24.0,1.0,-14.0,4.4352574
2020_09_HOU_JAX,2020,9,JAX,HOU,25.0,27.0,-7.0,-2.0,5.8511095
2020_09_CAR_KC,2020,9,KC,CAR,33.0,31.0,10.0,2.0,12.987858
2020_09_DET_MIN,2020,9,MIN,DET,34.0,20.0,3.0,14.0,0.10185836
2020_09_CHI_TEN,2020,9,TEN,CHI,24.0,17.0,6.5,7.0,4.9274206
2020_09_NYG_WAS,2020,9,WAS,NYG,20.0,23.0,3.0,-3.0,-1.3755035
2020_09_LV_LAC,2020,9,LAC,LV,26.0,31.0,-1.0,-5.0,6.816248
2020_09_MIA_ARI,2020,9,ARI,MIA,31.0,34.0,6.0,-3.0,2.724089
2020_09_PIT_DAL,2020,9,DAL,PIT,19.0,24.0,-14.0,-5.0,3.7494133
2020_09_NO_TB,2020,9,TB,NO,3.0,38.0,3.0,-35.0,7.344627
2020_09_NE_NYJ,2020,9,NYJ,NE,27.0,30.0,-9.5,-3.0,7.777494
2020_10_IND_TEN,2020,10,TEN,IND,17.0,34.0,-1.0,-17.0,3.1755736
2020_10_TB_CAR,2020,10,CAR,TB,23.0,46.0,-6.0,-23.0,1.7285607
2020_10_HOU_CLE,2020,10,CLE,HOU,10.0,7.0,4.5,3.0,0.2921716
2020_10_WAS_DET,2020,10,DET,WAS,30.0,27.0,2.5,3.0,5.9044814
2020_10_JAX_GB,2020,10,GB,JAX,24.0,20.0,13.5,4.0,-10.46341
2020_10_PHI_NYG,2020,10,NYG,PHI,27.0,17.0,-4.5,10.0,-10.936568
2020_10_BUF_ARI,2020,10,ARI,BUF,32.0,30.0,3.0,2.0,1.4506223
2020_10_DEN_LV,2020,10,LV,DEN,37.0,12.0,3.5,25.0,3.6097353
2020_10_LAC_MIA,2020,10,MIA,LAC,29.0,21.0,1.0,8.0,-0.19893499
2020_10_SEA_LA,2020,10,LA,SEA,23.0,16.0,3.0,7.0,1.5007263
2020_10_SF_NO,2020,10,NO,SF,27.0,13.0,9.5,14.0,3.118509
2020_10_CIN_PIT,2020,10,PIT,CIN,36.0,10.0,6.5,26.0,-0.16547513
2020_10_BAL_NE,2020,10,NE,BAL,23.0,17.0,-7.0,6.0,9.416919
2020_10_MIN_CHI,2020,10,CHI,MIN,13.0,19.0,-3.5,-6.0,1.5828012
2020_11_ARI_SEA,2020,11,SEA,ARI,28.0,21.0,3.0,7.0,1.0238783
2020_11_TEN_BAL,2020,11,BAL,TEN,24.0,30.0,6.0,-6.0,4.434568
2020_11_DET_CAR,2020,11,CAR,DET,20.0,0.0,-3.0,20.0,0.89264435
2020_11_PHI_CLE,2020,11,CLE,PHI,22.0,17.0,2.5,5.0,-0.67315817
2020_11_NE_HOU,2020,11,HOU,NE,27.0,20.0,-2.5,7.0,0.45358795
2020_11_PIT_JAX,2020,11,JAX,PIT,3.0,27.0,-11.0,-24.0,-2.3264256
2020_11_ATL_NO,2020,11,NO,ATL,24.0,9.0,3.5,15.0,-4.559304
2020_11_CIN_WAS,2020,11,WAS,CIN,20.0,9.0,2.0,11.0,2.3578773
2020_11_MIA_DEN,2020,11,DEN,MIA,20.0,13.0,-4.0,7.0,-3.3627262
2020_11_NYJ_LAC,2020,11,LAC,NYJ,34.0,28.0,10.0,6.0,4.369484
2020_11_GB_IND,2020,11,IND,GB,34.0,31.0,1.5,3.0,0.86312187
2020_11_DAL_MIN,2020,11,MIN,DAL,28.0,31.0,7.0,-3.0,2.7306008
2020_11_KC_LV,2020,11,LV,KC,31.0,35.0,-7.5,-4.0,-3.7641156
2020_11_LA_TB,2020,11,TB,LA,24.0,27.0,4.0,-3.0,-1.0868775
2020_12_HOU_DET,2020,12,DET,HOU,25.0,41.0,-3.0,-16.0,0.5447423
2020_12_WAS_DAL,2020,12,DAL,WAS,16.0,41.0,2.5,-25.0,2.1887221
2020_12_LV_ATL,2020,12,ATL,LV,43.0,6.0,-3.5,37.0,4.2062874
2020_12_LAC_BUF,2020,12,BUF,LAC,27.0,17.0,4.5,10.0,3.2098887
2020_12_NYG_CIN,2020,12,CIN,NYG,17.0,19.0,-6.5,-2.0,7.29046
2020_12_TEN_IND,2020,12,IND,TEN,26.0,45.0,3.0,-19.0,1.8324018
2020_12_CLE_JAX,2020,12,JAX,CLE,25.0,27.0,-7.5,-2.0,4.83066
2020_12_CAR_MIN,2020,12,MIN,CAR,28.0,27.0,3.0,1.0,6.7604527
2020_12_ARI_NE,2020,12,NE,ARI,20.0,17.0,-1.0,3.0,10.1977825
2020_12_MIA_NYJ,2020,12,NYJ,MIA,3.0,20.0,-7.5,-17.0,-1.4544022
2020_12_NO_DEN,2020,12,DEN,NO,3.0,31.0,-17.0,-28.0,10.959859
2020_12_SF_LA,2020,12,LA,SF,20.0,23.0,5.0,-3.0,10.766923
2020_12_KC_TB,2020,12,TB,KC,24.0,27.0,-3.5,-3.0,4.17547
2020_12_CHI_GB,2020,12,GB,CHI,41.0,25.0,7.5,16.0,-0.98666143
2020_12_SEA_PHI,2020,12,PHI,SEA,17.0,23.0,-6.5,-6.0,2.9485927
2020_12_BAL_PIT,2020,12,PIT,BAL,19.0,14.0,10.5,5.0,11.608283
2020_13_NO_ATL,2020,13,ATL,NO,16.0,21.0,-2.5,-5.0,-2.4004989
2020_13_DET_CHI,2020,13,CHI,DET,30.0,34.0,3.0,-4.0,7.883629
2020_13_IND_HOU,2020,13,HOU,IND,20.0,26.0,-3.5,-6.0,5.3644996
2020_13_CIN_MIA,2020,13,MIA,CIN,19.0,7.0,10.5,12.0,0.23413661
2020_13_JAX_MIN,2020,13,MIN,JAX,27.0,24.0,10.5,3.0,5.544727
2020_13_LV_NYJ,2020,13,NYJ,LV,28.0,31.0,-7.5,-3.0,-1.4460163
2020_13_CLE_TEN,2020,13,TEN,CLE,35.0,41.0,4.0,-6.0,2.040727
2020_13_LA_ARI,2020,13,ARI,LA,28.0,38.0,-2.5,-10.0,1.5223073
2020_13_NYG_SEA,2020,13,SEA,NYG,12.0,17.0,11.0,-5.0,4.9535303
2020_13_PHI_GB,2020,13,GB,PHI,30.0,16.0,8.0,14.0,1.2923752
2020_13_NE_LAC,2020,13,LAC,NE,0.0,45.0,2.5,-45.0,2.6881988
2020_13_DEN_KC,2020,13,KC,DEN,22.0,16.0,13.0,6.0,7.917745
2020_13_WAS_PIT,2020,13,PIT,WAS,17.0,23.0,5.5,-6.0,1.7697728
2020_13_BUF_SF,2020,13,SF,BUF,24.0,34.0,1.5,-10.0,0.6758386
2020_13_DAL_BAL,2020,13,BAL,DAL,34.0,17.0,8.5,17.0,3.6497638
2020_14_NE_LA,2020,14,LA,NE,24.0,3.0,5.0,21.0,1.3808285
2020_14_DEN_CAR,2020,14,CAR,DEN,27.0,32.0,4.0,-5.0,3.6381528
2020_14_HOU_CHI,2020,14,CHI,HOU,36.0,7.0,-1.0,29.0,10.440381
2020_14_DAL_CIN,2020,14,CIN,DAL,7.0,30.0,-3.0,-23.0,2.8757386
2020_14_TEN_JAX,2020,14,JAX,TEN,10.0,31.0,-7.5,-21.0,1.3560128
2020_14_KC_MIA,2020,14,MIA,KC,27.0,33.0,-7.5,-6.0,-3.9273176
2020_14_ARI_NYG,2020,14,NYG,ARI,7.0,26.0,-3.0,-19.0,4.3086157
2020_14_MIN_TB,2020,14,TB,MIN,26.0,14.0,7.0,12.0,2.4813812
2020_14_IND_LV,2020,14,LV,IND,27.0,44.0,-2.5,-17.0,15.457182
2020_14_NYJ_SEA,2020,14,SEA,NYJ,40.0,3.0,16.5,37.0,2.4110196
2020_14_GB_DET,2020,14,DET,GB,24.0,31.0,-9.5,-7.0,-0.20874193
2020_14_ATL_LAC,2020,14,LAC,ATL,20.0,17.0,1.0,3.0,6.1563606
2020_14_NO_PHI,2020,14,PHI,NO,24.0,21.0,-7.5,3.0,2.4630716
2020_14_WAS_SF,2020,14,SF,WAS,15.0,23.0,3.0,-8.0,4.682421
2020_14_PIT_BUF,2020,14,BUF,PIT,26.0,15.0,2.0,11.0,7.4217567
2020_14_BAL_CLE,2020,14,CLE,BAL,42.0,47.0,-3.0,-5.0,3.761338
2020_15_LAC_LV,2020,15,LV,LAC,27.0,30.0,3.5,-3.0,1.3338987
2020_15_TB_ATL,2020,15,ATL,TB,27.0,31.0,-6.0,-4.0,5.4734306
2020_15_JAX_BAL,2020,15,BAL,JAX,40.0,14.0,13.0,26.0,1.5406735
2020_15_SF_DAL,2020,15,DAL,SF,41.0,33.0,-4.0,8.0,2.2387133
2020_15_HOU_IND,2020,15,IND,HOU,27.0,20.0,7.5,7.0,3.7024574
2020_15_NE_MIA,2020,15,MIA,NE,22.0,12.0,-1.5,10.0,-2.0894167
2020_15_CHI_MIN,2020,15,MIN,CHI,27.0,33.0,2.5,-6.0,2.287597
2020_15_DET_TEN,2020,15,TEN,DET,46.0,25.0,9.5,21.0,5.6232977
2020_15_SEA_WAS,2020,15,WAS,SEA,15.0,20.0,-6.0,-5.0,1.4710578
2020_15_PHI_ARI,2020,15,ARI,PHI,33.0,26.0,6.5,7.0,-3.8567986
2020_15_NYJ_LA,2020,15,LA,NYJ,20.0,23.0,17.5,-3.0,4.240833
2020_15_KC_NO,2020,15,NO,KC,29.0,32.0,-2.5,-3.0,-2.8134055
2020_15_CLE_NYG,2020,15,NYG,CLE,6.0,20.0,-6.0,-14.0,-4.9742637
2020_15_PIT_CIN,2020,15,CIN,PIT,27.0,17.0,-14.5,10.0,-2.0591414
2020_16_MIN_NO,2020,16,NO,MIN,52.0,33.0,6.5,19.0,10.003275
2020_16_TB_DET,2020,16,DET,TB,7.0,47.0,-12.0,-40.0,2.8146558
2020_16_SF_ARI,2020,16,ARI,SF,12.0,20.0,6.0,-8.0,1.6685206
2020_16_MIA_LV,2020,16,LV,MIA,25.0,26.0,-2.0,-1.0,1.3737966
2020_16_NYG_BAL,2020,16,BAL,NYG,27.0,13.0,10.0,14.0,11.011227
2020_16_CIN_HOU,2020,16,HOU,CIN,31.0,37.0,7.5,-6.0,1.1258738
2020_16_CHI_JAX,2020,16,JAX,CHI,17.0,41.0,-9.5,-24.0,-2.5310085
2020_16_ATL_KC,2020,16,KC,ATL,17.0,14.0,11.0,3.0,7.3561354
2020_16_CLE_NYJ,2020,16,NYJ,CLE,23.0,16.0,-6.5,7.0,1.0858568
2020_16_IND_PIT,2020,16,PIT,IND,28.0,24.0,-1.0,4.0,1.6725867
2020_16_DEN_LAC,2020,16,LAC,DEN,19.0,16.0,2.5,3.0,3.2646556
2020_16_CAR_WAS,2020,16,WAS,CAR,13.0,20.0,-1.0,-7.0,3.9623353
2020_16_PHI_DAL,2020,16,DAL,PHI,37.0,17.0,-3.0,20.0,4.972332
2020_16_LA_SEA,2020,16,SEA,LA,20.0,9.0,1.5,11.0,2.1282063
2020_16_TEN_GB,2020,16,GB,TEN,40.0,14.0,3.0,26.0,8.750646
2020_16_BUF_NE,2020,16,NE,BUF,9.0,38.0,-7.0,-29.0,5.3663516
2020_17_MIA_BUF,2020,17,BUF,MIA,56.0,26.0,-3.5,30.0,3.5313318
2020_17_BAL_CIN,2020,17,CIN,BAL,3.0,38.0,-13.5,-35.0,3.215912
2020_17_PIT_CLE,2020,17,CLE,PIT,24.0,22.0,10.5,2.0,0.8176614
2020_17_MIN_DET,2020,17,DET,MIN,35.0,37.0,-3.0,-2.0,3.2364967
2020_17_NYJ_NE,2020,17,NE,NYJ,28.0,14.0,3.0,14.0,1.7010493
2020_17_DAL_NYG,2020,17,NYG,DAL,23.0,19.0,-1.5,4.0,6.6418376
2020_17_ATL_TB,2020,17,TB,ATL,44.0,27.0,7.5,17.0,7.3808026
2020_17_NO_CAR,2020,17,CAR,NO,7.0,33.0,-6.0,-26.0,4.8102436
2020_17_GB_CHI,2020,17,CHI,GB,16.0,35.0,-4.5,-19.0,5.655897
2020_17_LV_DEN,2020,17,DEN,LV,31.0,32.0,-2.5,-1.0,4.5252967
2020_17_TEN_HOU,2020,17,HOU,TEN,38.0,41.0,-7.0,-3.0,1.6336093
2020_17_JAX_IND,2020,17,IND,JAX,28.0,14.0,15.5,14.0,0.8688421
2020_17_LAC_KC,2020,17,KC,LAC,21.0,38.0,-7.0,-17.0,3.316402
2020_17_ARI_LA,2020,17,LA,ARI,18.0,7.0,1.0,11.0,2.843966
2020_17_SEA_SF,2020,17,SF,SEA,23.0,26.0,-7.0,-3.0,-0.007497549
2020_17_WAS_PHI,2020,17,PHI,WAS,14.0,20.0,-6.5,-6.0,4.4394765
2020_18_IND_BUF,2020,18,BUF,IND,27.0,24.0,7.0,3.0,2.6003265
2020_18_LA_SEA,2020,18,SEA,LA,20.0,30.0,3.0,-10.0,6.678797
2020_18_TB_WAS,2020,18,WAS,TB,23.0,31.0,-10.0,-8.0,0.84820265
2020_18_BAL_TEN,2020,18,TEN,BAL,13.0,20.0,-3.5,-7.0,13.807538
2020_18_CHI_NO,2020,18,NO,CHI,21.0,9.0,11.0,12.0,8.890885
2020_18_CLE_PIT,2020,18,PIT,CLE,37.0,48.0,5.0,-11.0,10.836544
2020_19_LA_GB,2020,19,GB,LA,32.0,18.0,7.0,14.0,0.69548506
2020_19_BAL_BUF,2020,19,BUF,BAL,17.0,3.0,2.5,14.0,5.330604
2020_19_CLE_KC,2020,19,KC,CLE,22.0,17.0,7.5,5.0,0.86604285
2020_19_TB_NO,2020,19,NO,TB,20.0,30.0,2.5,-10.0,-1.6695788
2020_20_TB_GB,2020,20,GB,TB,26.0,31.0,3.0,-5.0,4.975327
2020_20_BUF_KC,2020,20,KC,BUF,38.0,24.0,3.0,14.0,2.3813255
2020_21_KC_TB,2020,21,TB,KC,31.0,9.0,-3.0,22.0,5.044229
2021_01_DAL_TB,2021,1,TB,DAL,31.0,29.0,10.0,2.0,-0.5777981
2021_01_PHI_ATL,2021,1,ATL,PHI,6.0,32.0,3.5,-26.0,2.0482097
2021_01_PIT_BUF,2021,1,BUF,PIT,16.0,23.0,6.5,-7.0,-1.0056245
2021_01_NYJ_CAR,2021,1,CAR,NYJ,19.0,14.0,3.5,5.0,-5.2908497
2021_01_MIN_CIN,2021,1,CIN,MIN,27.0,24.0,-3.0,3.0,-1.6304455
2021_01_SF_DET,2021,1,DET,SF,33.0,41.0,-9.5,-8.0,-0.28552988
2021_01_JAX_HOU,2021,1,HOU,JAX,37.0,21.0,-3.5,16.0,-5.0362854
2021_01_SEA_IND,2021,1,IND,SEA,16.0,28.0,-3.0,-12.0,1.4753338
2021_01_ARI_TEN,2021,1,TEN,ARI,13.0,38.0,2.5,-25.0,5.2800884
2021_01_LAC_WAS,2021,1,WAS,LAC,16.0,20.0,2.5,-4.0,2.959168
2021_01_CLE_KC,2021,1,KC,CLE,33.0,29.0,5.5,4.0,-0.8466918
2021_01_MIA_NE,2021,1,NE,MIA,16.0,17.0,3.5,-1.0,-2.8661876
2021_01_GB_NO,2021,1,NO,GB,38.0,3.0,-4.0,35.0,-0.49892408
2021_01_DEN_NYG,2021,1,NYG,DEN,13.0,27.0,-3.0,-14.0,2.3310163
2021_01_CHI_LA,2021,1,LA,CHI,34.0,14.0,9.5,20.0,2.213522
2021_01_BAL_LV,2021,1,LV,BAL,33.0,27.0,-3.0,6.0,5.525676
2021_02_NYG_WAS,2021,2,WAS,NYG,30.0,29.0,4.0,1.0,-5.5696473
2021_02_NO_CAR,2021,2,CAR,NO,26.0,7.0,-3.0,19.0,-1.9661015
2021_02_CIN_CHI,2021,2,CHI,CIN,20.0,17.0,2.0,3.0,2.3716774
2021_02_LA_IND,2021,2,IND,LA,24.0,27.0,-4.0,-3.0,-0.3142627
2021_02_DEN_JAX,2021,2,JAX,DEN,13.0,23.0,-6.0,-10.0,-3.868765
2021_02_BUF_MIA,2021,2,MIA,BUF,0.0,35.0,-3.5,-35.0,4.9350395
2021_02_NE_NYJ,2021,2,NYJ,NE,6.0,25.0,-5.5,-19.0,6.248995
2021_02_SF_PHI,2021,2,PHI,SF,11.0,17.0,-3.0,-6.0,-0.23294534
2021_02_LV_PIT,2021,2,PIT,LV,17.0,26.0,5.5,-9.0,0.5367369
2021_02_MIN_ARI,2021,2,ARI,MIN,34.0,33.0,4.0,1.0,0.5733932
2021_02_ATL_TB,2021,2,TB,ATL,48.0,25.0,13.5,23.0,1.2186764
2021_02_DAL_LAC,2021,2,LAC,DAL,17.0,20.0,3.0,-3.0,5.1159472
2021_02_TEN_SEA,2021,2,SEA,TEN,30.0,33.0,6.5,-3.0,1.0870013
2021_02_KC_BAL,2021,2,BAL,KC,36.0,35.0,-3.5,1.0,3.2914314
2021_02_DET_GB,2021,2,GB,DET,35.0,17.0,11.5,18.0,0.19869691
2021_03_CAR_HOU,2021,3,HOU,CAR,9.0,24.0,-8.0,-15.0,7.4583216
2021_03_WAS_BUF,2021,3,BUF,WAS,43.0,21.0,7.5,22.0,-7.57015
2021_03_CHI_CLE,2021,3,CLE,CHI,26.0,6.0,7.5,20.0,2.9047434
2021_03_BAL_DET,2021,3,DET,BAL,17.0,19.0,-7.5,-2.0,-0.7684629
2021_03_ARI_JAX,2021,3,JAX,ARI,19.0,31.0,-8.0,-12.0,-3.7138793
2021_03_LAC_KC,2021,3,KC,LAC,24.0,30.0,6.5,-6.0,-6.9671926
2021_03_NO_NE,2021,3,NE,NO,13.0,28.0,3.0,-15.0,1.1450021
2021_03_ATL_NYG,2021,3,NYG,ATL,14.0,17.0,3.0,-3.0,-7.686453
2021_03_CIN_PIT,2021,3,PIT,CIN,10.0,24.0,2.5,-14.0,0.352268
2021_03_IND_TEN,2021,3,TEN,IND,25.0,16.0,4.5,9.0,0.033998676
2021_03_NYJ_DEN,2021,3,DEN,NYJ,26.0,0.0,10.5,26.0,2.1087792
2021_03_MIA_LV,2021,3,LV,MIA,31.0,28.0,4.0,3.0,-1.0237046
2021_03_TB_LA,2021,3,LA,TB,34.0,24.0,-1.0,10.0,-0.9709987
2021_03_SEA_MIN,2021,3,MIN,SEA,30.0,17.0,-2.0,13.0,1.7699734
2021_03_GB_SF,2021,3,SF,GB,28.0,30.0,3.5,-2.0,3.072857
2021_03_PHI_DAL,2021,3,DAL,PHI,41.0,21.0,3.5,20.0,1.8326815
2021_04_JAX_CIN,2021,4,CIN,JAX,24.0,21.0,7.5,3.0,-6.373308
2021_04_WAS_ATL,2021,4,ATL,WAS,30.0,34.0,-1.0,-4.0,4.646402
2021_04_HOU_BUF,2021,4,BUF,HOU,40.0,0.0,19.0,40.0,-1.0912936
2021_04_DET_CHI,2021,4,CHI,DET,24.0,14.0,3.0,10.0,-2.4526098
2021_04_CAR_DAL,2021,4,DAL,CAR,36.0,28.0,4.5,8.0,-1.3797097
2021_04_IND_MIA,2021,4,MIA,IND,17.0,27.0,2.5,-10.0,-2.425004
2021_04_CLE_MIN,2021,4,MIN,CLE,7.0,14.0,-1.0,-7.0,0.5350516
2021_04_NYG_NO,2021,4,NO,NYG,21.0,27.0,7.5,-6.0,-7.851214
2021_04_TEN_NYJ,2021,4,NYJ,TEN,27.0,24.0,-5.5,3.0,6.230216
2021_04_KC_PHI,2021,4,PHI,KC,30.0,42.0,-7.5,-12.0,-5.7143292
2021_04_ARI_LA,2021,4,LA,ARI,20.0,37.0,3.5,-17.0,-3.0213208
2021_04_SEA_SF,2021,4,SF,SEA,21.0,28.0,2.5,-7.0,-5.5617175
2021_04_BAL_DEN,2021,4,DEN,BAL,7.0,23.0,1.0,-16.0,-7.584591
2021_04_PIT_GB,2021,4,GB,PIT,27.0,17.0,6.5,10.0,4.100132
2021_04_TB_NE,2021,4,NE,TB,17.0,19.0,-6.0,-2.0,-2.5100486
2021_04_LV_LAC,2021,4,LAC,LV,28.0,14.0,3.0,14.0,1.0352259
2021_05_LA_SEA,2021,5,SEA,LA,17.0,26.0,-2.5,-9.0,3.1134539
2021_05_NYJ_ATL,2021,5,ATL,NYJ,27.0,20.0,3.0,7.0,-2.23222
2021_05_PHI_CAR,2021,5,CAR,PHI,18.0,21.0,2.5,-3.0,7.059409
2021_05_GB_CIN,2021,5,CIN,GB,22.0,25.0,-2.0,-3.0,1.4535546
2021_05_NE_HOU,2021,5,HOU,NE,22.0,25.0,-8.0,-3.0,-2.988507
2021_05_TEN_JAX,2021,5,JAX,TEN,19.0,37.0,-4.0,-18.0,1.8477166
2021_05_DET_MIN,2021,5,MIN,DET,19.0,17.0,10.0,2.0,1.0140312
2021_05_DEN_PIT,2021,5,PIT,DEN,27.0,19.0,-2.0,8.0,0.060012706
2021_05_MIA_TB,2021,5,TB,MIA,45.0,17.0,11.0,28.0,1.1172572
2021_05_NO_WAS,2021,5,WAS,NO,22.0,33.0,-2.5,-11.0,-0.77800536
2021_05_CLE_LAC,2021,5,LAC,CLE,47.0,42.0,2.5,5.0,5.0372853
2021_05_CHI_LV,2021,5,LV,CHI,9.0,20.0,5.5,-11.0,-1.071025
2021_05_SF_ARI,2021,5,ARI,SF,17.0,10.0,6.0,7.0,7.3006015
2021_05_NYG_DAL,2021,5,DAL,NYG,44.0,20.0,7.5,24.0,-1.7946097
2021_05_BUF_KC,2021,5,KC,BUF,20.0,38.0,2.5,-18.0,3.9488719
2021_05_IND_BAL,2021,5,BAL,IND,31.0,25.0,7.5,6.0,3.6726549
2021_06_TB_PHI,2021,6,PHI,TB,22.0,28.0,-7.0,-6.0,0.07194352
2021_06_MIA_JAX,2021,6,JAX,MIA,23.0,20.0,-2.5,3.0,6.295816
2021_06_LAC_BAL,2021,6,BAL,LAC,34.0,6.0,3.0,28.0,2.07023
2021_06_MIN_CAR,2021,6,CAR,MIN,28.0,34.0,-2.5,-6.0,8.011246
2021_06_GB_CHI,2021,6,CHI,GB,14.0,24.0,-5.5,-10.0,2.6473212
2021_06_CIN_DET,2021,6,DET,CIN,11.0,34.0,-3.5,-23.0,-0.58275604
2021_06_HOU_IND,2021,6,IND,HOU,31.0,3.0,10.5,28.0,0.19118747
2021_06_LA_NYG,2021,6,NYG,LA,11.0,38.0,-7.5,-27.0,-2.98372
2021_06_KC_WAS,2021,6,WAS,KC,13.0,31.0,-6.0,-18.0,-0.47456786
2021_06_ARI_CLE,2021,6,CLE,ARI,14.0,37.0,3.0,-23.0,-3.3217325
2021_06_LV_DEN,2021,6,DEN,LV,24.0,34.0,5.0,-10.0,-3.5551462
2021_06_DAL_NE,2021,6,NE,DAL,29.0,35.0,-3.5,-6.0,1.5543898
2021_06_SEA_PIT,2021,6,PIT,SEA,23.0,20.0,5.5,3.0,4.3202004
2021_06_BUF_TEN,2021,6,TEN,BUF,34.0,31.0,-6.0,3.0,3.0365946
2021_07_DEN_CLE,2021,7,CLE,DEN,17.0,14.0,2.0,3.0,-5.7123523
2021_07_CIN_BAL,2021,7,BAL,CIN,17.0,41.0,6.5,-24.0,-5.9015017
2021_07_ATL_MIA,2021,7,MIA,ATL,28.0,30.0,-1.5,-2.0,-1.2556325
2021_07_NYJ_NE,2021,7,NE,NYJ,54.0,13.0,7.0,41.0,4.035969
2021_07_CAR_NYG,2021,7,NYG,CAR,25.0,3.0,-3.0,22.0,-1.549428
2021_07_KC_TEN,2021,7,TEN,KC,27.0,3.0,-4.0,24.0,3.4372034
2021_07_DET_LA,2021,7,LA,DET,28.0,19.0,17.0,9.0,-3.4531913
2021_07_PHI_LV,2021,7,LV,PHI,33.0,22.0,1.0,11.0,0.10304688
2021_07_HOU_ARI,2021,7,ARI,HOU,31.0,5.0,20.5,26.0,-3.744757
2021_07_CHI_TB,2021,7,TB,CHI,38.0,3.0,12.5,35.0,-0.093384184
2021_07_IND_SF,2021,7,SF,IND,18.0,30.0,3.5,-12.0,-5.0731716
2021_07_NO_SEA,2021,7,SEA,NO,10.0,13.0,-6.0,-3.0,-0.78440344
2021_08_GB_ARI,2021,8,ARI,GB,21.0,24.0,6.5,-3.0,9.060946
2021_08_CAR_ATL,2021,8,ATL,CAR,13.0,19.0,2.5,-6.0,-1.5984536
2021_08_MIA_BUF,2021,8,BUF,MIA,26.0,11.0,15.0,15.0,1.7468503
2021_08_SF_CHI,2021,8,CHI,SF,22.0,33.0,-4.5,-11.0,5.5455904
2021_08_PIT_CLE,2021,8,CLE,PIT,10.0,15.0,5.5,-5.0,1.6284641
2021_08_PHI_DET,2021,8,DET,PHI,6.0,44.0,-3.0,-38.0,2.9178483
2021_08_LA_HOU,2021,8,HOU,LA,22.0,38.0,-17.0,-16.0,1.7128549
2021_08_TEN_IND,2021,8,IND,TEN,31.0,34.0,3.0,-3.0,1.8620074
2021_08_CIN_NYJ,2021,8,NYJ,CIN,34.0,31.0,-11.5,3.0,1.761759
2021_08_NE_LAC,2021,8,LAC,NE,24.0,27.0,3.5,-3.0,4.057795
2021_08_JAX_SEA,2021,8,SEA,JAX,31.0,7.0,4.0,24.0,1.5533619
2021_08_WAS_DEN,2021,8,DEN,WAS,17.0,10.0,4.0,7.0,1.8898482
2021_08_TB_NO,2021,8,NO,TB,36.0,27.0,-4.0,9.0,-0.9932441
2021_08_DAL_MIN,2021,8,MIN,DAL,16.0,20.0,4.5,-4.0,-3.6658683
2021_08_NYG_KC,2021,8,KC,NYG,20.0,17.0,10.5,3.0,-3.6493762
2021_09_NYJ_IND,2021,9,IND,NYJ,45.0,30.0,10.5,15.0,-14.99563
2021_09_MIN_BAL,2021,9,BAL,MIN,34.0,31.0,7.5,3.0,-3.7087474
2021_09_NE_CAR,2021,9,CAR,NE,6.0,24.0,-3.5,-18.0,-10.628775
2021_09_CLE_CIN,2021,9,CIN,CLE,16.0,41.0,2.5,-25.0,4.777046
2021_09_DEN_DAL,2021,9,DAL,DEN,16.0,30.0,10.5,-14.0,6.447081
2021_09_BUF_JAX,2021,9,JAX,BUF,9.0,6.0,-14.5,3.0,2.1786327
2021_09_HOU_MIA,2021,9,MIA,HOU,17.0,9.0,4.0,8.0,0.3345612
2021_09_ATL_NO,2021,9,NO,ATL,25.0,27.0,7.0,-2.0,-1.3655068
2021_09_LV_NYG,2021,9,NYG,LV,23.0,16.0,-3.0,7.0,1.2721325
2021_09_LAC_PHI,2021,9,PHI,LAC,24.0,27.0,-1.0,-3.0,-0.6945704
2021_09_GB_KC,2021,9,KC,GB,13.0,7.0,7.0,6.0,-6.5494547
2021_09_ARI_SF,2021,9,SF,ARI,17.0,31.0,5.5,-14.0,0.54129183
2021_09_TEN_LA,2021,9,LA,TEN,16.0,28.0,7.0,-12.0,-9.852629
2021_09_CHI_PIT,2021,9,PIT,CHI,29.0,27.0,7.0,2.0,3.8841937
2021_10_BAL_MIA,2021,10,MIA,BAL,22.0,10.0,-8.5,12.0,1.0016918
2021_10_ATL_DAL,2021,10,DAL,ATL,43.0,3.0,8.0,40.0,9.252419
2021_10_JAX_IND,2021,10,IND,JAX,23.0,17.0,10.5,6.0,-2.7277946
2021_10_CLE_NE,2021,10,NE,CLE,45.0,7.0,2.5,38.0,-7.160256
2021_10_BUF_NYJ,2021,10,NYJ,BUF,17.0,45.0,-13.0,-28.0,1.7531091
2021_10_DET_PIT,2021,10,PIT,DET,16.0,16.0,9.0,0.0,3.687883
2021_10_NO_TEN,2021,10,TEN,NO,23.0,21.0,3.0,2.0,-5.3503003
2021_10_TB_WAS,2021,10,WAS,TB,29.0,19.0,-10.0,10.0,-8.085295
2021_10_CAR_ARI,2021,10,ARI,CAR,10.0,34.0,7.0,-24.0,1.7924237
2021_10_MIN_LAC,2021,10,LAC,MIN,20.0,27.0,3.0,-7.0,-4.696847
2021_10_PHI_DEN,2021,10,DEN,PHI,13.0,30.0,1.0,-17.0,0.22112502
2021_10_SEA_GB,2021,10,GB,SEA,17.0,0.0,3.0,17.0,-2.5325541
2021_10_KC_LV,2021,10,LV,KC,14.0,41.0,-2.5,-27.0,-2.723454
2021_10_LA_SF,2021,10,SF,LA,31.0,10.0,-3.5,21.0,-4.9255733
2021_11_NE_ATL,2021,11,ATL,NE,0.0,25.0,-7.0,-25.0,3.8248594
2021_11_IND_BUF,2021,11,BUF,IND,15.0,41.0,7.5,-26.0,0.25355825
2021_11_WAS_CAR,2021,11,CAR,WAS,21.0,27.0,3.5,-6.0,1.539332
2021_11_BAL_CHI,2021,11,CHI,BAL,13.0,16.0,-5.0,-3.0,0.89374155
2021_11_DET_CLE,2021,11,CLE,DET,13.0,10.0,13.0,3.0,-1.6590433
2021_11_SF_JAX,2021,11,JAX,SF,10.0,30.0,-6.5,-20.0,-1.0939662
2021_11_GB_MIN,2021,11,MIN,GB,34.0,31.0,-1.0,3.0,-6.38905
2021_11_MIA_NYJ,2021,11,NYJ,MIA,17.0,24.0,-3.5,-7.0,1.5893991
2021_11_NO_PHI,2021,11,PHI,NO,40.0,29.0,2.5,11.0,-0.27790713
2021_11_HOU_TEN,2021,11,TEN,HOU,13.0,22.0,10.5,-9.0,-5.4947133
2021_11_CIN_LV,2021,11,LV,CIN,13.0,32.0,-1.0,-19.0,-7.9879613
2021_11_DAL_KC,2021,11,KC,DAL,19.0,9.0,2.5,10.0,-4.8501534
2021_11_ARI_SEA,2021,11,SEA,ARI,13.0,23.0,2.5,-10.0,-4.3577857
2021_11_PIT_LAC,2021,11,LAC,PIT,41.0,37.0,5.5,4.0,2.0128562
2021_11_NYG_TB,2021,11,TB,NYG,30.0,10.0,11.5,20.0,1.2538635
2021_12_CHI_DET,2021,12,DET,CHI,14.0,16.0,-2.0,-2.0,-5.867984
2021_12_LV_DAL,2021,12,DAL,LV,33.0,36.0,7.0,-3.0,-8.2585335
2021_12_BUF_NO,2021,12,NO,BUF,6.0,31.0,-7.0,-25.0,-0.48981088
2021_12_PIT_CIN,2021,12,CIN,PIT,41.0,10.0,3.5,31.0,-3.746724
2021_12_NYJ_HOU,2021,12,HOU,NYJ,14.0,21.0,3.0,-7.0,-1.0248798
2021_12_TB_IND,2021,12,IND,TB,31.0,38.0,-3.0,-7.0,-2.825946
2021_12_ATL_JAX,2021,12,JAX,ATL,14.0,21.0,-1.5,-7.0,-2.7358792
2021_12_CAR_MIA,2021,12,MIA,CAR,33.0,10.0,-1.0,23.0,-3.9419792
2021_12_TEN_NE,2021,12,NE,TEN,36.0,13.0,7.5,23.0,0.47387803
2021_12_PHI_NYG,2021,12,NYG,PHI,13.0,7.0,-4.0,6.0,-9.856013
2021_12_LAC_DEN,2021,12,DEN,LAC,28.0,13.0,-2.5,15.0,-8.2371
2021_12_LA_GB,2021,12,GB,LA,36.0,28.0,-2.0,8.0,-1.862492
2021_12_MIN_SF,2021,12,SF,MIN,34.0,26.0,3.5,8.0,-7.073347
2021_12_CLE_BAL,2021,12,BAL,CLE,16.0,10.0,3.0,6.0,0.65042233
2021_12_SEA_WAS,2021,12,WAS,SEA,17.0,15.0,-1.0,2.0,-2.8709931
2021_13_DAL_NO,2021,13,NO,DAL,17.0,27.0,-6.0,-10.0,5.5056677
2021_13_TB_ATL,2021,13,ATL,TB,17.0,30.0,-11.0,-13.0,-3.3932817
2021_13_ARI_CHI,2021,13,CHI,ARI,22.0,33.0,-7.5,-11.0,3.7114737
2021_13_LAC_CIN,2021,13,CIN,LAC,22.0,41.0,2.5,-19.0,1.0629946
2021_13_MIN_DET,2021,13,DET,MIN,29.0,27.0,-7.0,2.0,2.0970345
2021_13_IND_HOU,2021,13,HOU,IND,0.0,31.0,-10.0,-31.0,0.7076135
2021_13_NYG_MIA,2021,13,MIA,NYG,20.0,9.0,6.5,11.0,1.2561657
2021_13_PHI_NYJ,2021,13,NYJ,PHI,18.0,33.0,-5.0,-15.0,-3.6511898
2021_13_JAX_LA,2021,13,LA,JAX,37.0,7.0,14.0,30.0,2.5161157
2021_13_WAS_LV,2021,13,LV,WAS,15.0,17.0,1.0,-2.0,-2.4388578
2021_13_BAL_PIT,2021,13,PIT,BAL,20.0,19.0,-4.0,1.0,2.2533329
2021_13_DEN_KC,2021,13,KC,DEN,22.0,9.0,8.5,13.0,-1.6162126
2021_13_NE_BUF,2021,13,BUF,NE,10.0,14.0,3.0,-4.0,2.6061018
2021_14_PIT_MIN,2021,14,MIN,PIT,36.0,28.0,3.5,8.0,6.2269487
2021_14_ATL_CAR,2021,14,CAR,ATL,21.0,29.0,2.5,-8.0,-0.95957756
2021_14_BAL_CLE,2021,14,CLE,BAL,24.0,22.0,3.0,2.0,2.0445197
2021_14_SEA_HOU,2021,14,HOU,SEA,13.0,33.0,-10.0,-20.0,-2.0010335
2021_14_LV_KC,2021,14,KC,LV,48.0,9.0,10.0,39.0,-7.3394184
2021_14_NO_NYJ,2021,14,NYJ,NO,9.0,30.0,-4.5,-21.0,5.6148314
2021_14_JAX_TEN,2021,14,TEN,JAX,20.0,0.0,8.5,20.0,6.725766
2021_14_DAL_WAS,2021,14,WAS,DAL,20.0,27.0,-6.5,-7.0,5.757234
2021_14_DET_DEN,2021,14,DEN,DET,38.0,10.0,13.0,28.0,7.4014707
2021_14_NYG_LAC,2021,14,LAC,NYG,37.0,21.0,9.5,16.0,0.84339863
2021_14_SF_CIN,2021,14,CIN,SF,23.0,26.0,-2.5,-3.0,3.6507976
2021_14_BUF_TB,2021,14,TB,BUF,33.0,27.0,3.5,6.0,9.290756
2021_14_CHI_GB,2021,14,GB,CHI,45.0,30.0,11.5,15.0,3.6420517
2021_14_LA_ARI,2021,14,ARI,LA,23.0,30.0,3.0,-7.0,7.916263
2021_15_KC_LAC,2021,15,LAC,KC,28.0,34.0,-3.0,-6.0,11.304267
2021_15_NE_IND,2021,15,IND,NE,27.0,17.0,-1.0,10.0,-2.3271227
2021_15_CAR_BUF,2021,15,BUF,CAR,31.0,14.0,14.0,17.0,-1.3887321
2021_15_ARI_DET,2021,15,DET,ARI,30.0,12.0,-13.0,18.0,1.9943401
2021_15_HOU_JAX,2021,15,JAX,HOU,16.0,30.0,6.0,-14.0,5.727149
2021_15_NYJ_MIA,2021,15,MIA,NYJ,31.0,24.0,10.5,7.0,3.3459468
2021_15_DAL_NYG,2021,15,NYG,DAL,6.0,21.0,-11.5,-15.0,2.0515966
2021_15_TEN_PIT,2021,15,PIT,TEN,19.0,13.0,1.0,6.0,3.5145152
2021_15_CIN_DEN,2021,15,DEN,CIN,10.0,15.0,3.0,-5.0,-2.952539
2021_15_ATL_SF,2021,15,SF,ATL,31.0,13.0,9.5,18.0,1.218209
2021_15_GB_BAL,2021,15,BAL,GB,30.0,31.0,-9.5,-1.0,3.1407907
2021_15_NO_TB,2021,15,TB,NO,0.0,9.0,11.5,-9.0,-2.603458
2021_15_LV_CLE,2021,15,CLE,LV,14.0,16.0,-3.0,-2.0,3.9865274
2021_15_MIN_CHI,2021,15,CHI,MIN,9.0,17.0,-7.0,-8.0,4.066376
2021_15_SEA_LA,2021,15,LA,SEA,20.0,10.0,7.5,10.0,11.559826
2021_15_WAS_PHI,2021,15,PHI,WAS,27.0,17.0,10.0,10.0,-0.36202633
2021_16_SF_TEN,2021,16,TEN,SF,20.0,17.0,-3.5,3.0,0.039294556
2021_16_CLE_GB,2021,16,GB,CLE,24.0,22.0,7.5,2.0,7.2788086
2021_16_IND_ARI,2021,16,ARI,IND,16.0,22.0,3.0,-6.0,-0.30770767
2021_16_DET_ATL,2021,16,ATL,DET,20.0,16.0,7.5,4.0,0.7893396
2021_16_TB_CAR,2021,16,CAR,TB,6.0,32.0,-11.5,-26.0,-1.2805883
2021_16_BAL_CIN,2021,16,CIN,BAL,41.0,21.0,7.5,20.0,4.391187
2021_16_LAC_HOU,2021,16,HOU,LAC,41.0,29.0,-13.5,12.0,0.5554235
2021_16_LA_MIN,2021,16,MIN,LA,23.0,30.0,-3.5,-7.0,0.88978875
2021_16_BUF_NE,2021,16,NE,BUF,21.0,33.0,1.0,-12.0,7.2780175
2021_16_JAX_NYJ,2021,16,NYJ,JAX,26.0,21.0,2.5,5.0,-10.5043335
2021_16_NYG_PHI,2021,16,PHI,NYG,34.0,10.0,11.0,24.0,2.1073208
2021_16_CHI_SEA,2021,16,SEA,CHI,24.0,25.0,7.0,-1.0,4.7076135
2021_16_PIT_KC,2021,16,KC,PIT,36.0,10.0,10.5,26.0,-1.1020565
2021_16_DEN_LV,2021,16,LV,DEN,17.0,13.0,-1.0,4.0,-3.552736
2021_16_WAS_DAL,2021,16,DAL,WAS,56.0,14.0,10.5,42.0,1.8979317
2021_16_MIA_NO,2021,16,NO,MIA,3.0,20.0,-3.0,-17.0,1.287111
2021_17_LA_BAL,2021,17,BAL,LA,19.0,20.0,-7.0,-1.0,-1.9231135
2021_17_ATL_BUF,2021,17,BUF,ATL,29.0,15.0,14.0,14.0,4.1836643
2021_17_NYG_CHI,2021,17,CHI,NYG,29.0,3.0,7.0,26.0,-5.125459
2021_17_KC_CIN,2021,17,CIN,KC,34.0,31.0,-3.5,3.0,1.4428668
2021_17_LV_IND,2021,17,IND,LV,20.0,23.0,8.5,-3.0,-0.9484054
2021_17_JAX_NE,2021,17,NE,JAX,50.0,10.0,17.5,40.0,-2.5703688
2021_17_TB_NYJ,2021,17,NYJ,TB,24.0,28.0,-14.5,-4.0,0.7647776
2021_17_MIA_TEN,2021,17,TEN,MIA,34.0,3.0,3.0,31.0,9.675071
2021_17_PHI_WAS,2021,17,WAS,PHI,16.0,20.0,-6.5,-4.0,-1.032463
2021_17_DEN_LAC,2021,17,LAC,DEN,34.0,13.0,8.0,21.0,2.1134768
2021_17_HOU_SF,2021,17,SF,HOU,23.0,7.0,14.0,16.0,-4.7601566
2021_17_ARI_DAL,2021,17,DAL,ARI,22.0,25.0,6.5,-3.0,1.4894359
2021_17_CAR_NO,2021,17,NO,CAR,18.0,10.0,7.0,8.0,-8.746907
2021_17_DET_SEA,2021,17,SEA,DET,51.0,29.0,8.5,22.0,-1.3377745
2021_17_MIN_GB,2021,17,GB,MIN,37.0,10.0,13.0,27.0,0.2028613
2021_17_CLE_PIT,2021,17,PIT,CLE,26.0,14.0,-1.0,12.0,-7.214639
2021_18_KC_DEN,2021,18,DEN,KC,24.0,28.0,-11.5,-4.0,-0.46466583
2021_18_DAL_PHI,2021,18,PHI,DAL,26.0,51.0,-6.5,-25.0,-3.1553016
2021_18_PIT_BAL,2021,18,BAL,PIT,13.0,16.0,3.0,-3.0,-4.574373
2021_18_CIN_CLE,2021,18,CLE,CIN,21.0,16.0,6.5,5.0,5.846767
2021_18_GB_DET,2021,18,DET,GB,37.0,30.0,-4.0,7.0,1.7501891
2021_18_TEN_HOU,2021,18,HOU,TEN,25.0,28.0,-10.5,-3.0,-0.67065257
2021_18_IND_JAX,2021,18,JAX,IND,26.0,11.0,-14.0,15.0,7.1387143
2021_18_CHI_MIN,2021,18,MIN,CHI,31.0,17.0,3.5,14.0,4.8017497
2021_18_WAS_NYG,2021,18,NYG,WAS,7.0,22.0,-6.0,-15.0,4.2933755
2021_18_SEA_ARI,2021,18,ARI,SEA,30.0,38.0,5.5,-8.0,-0.5687426
2021_18_NO_ATL,2021,18,ATL,NO,20.0,30.0,-4.5,-10.0,8.245112
2021_18_NYJ_BUF,2021,18,BUF,NYJ,27.0,10.0,16.0,17.0,4.8615766
2021_18_SF_LA,2021,18,LA,SF,24.0,27.0,3.0,-3.0,0.58025795
2021_18_NE_MIA,2021,18,MIA,NE,33.0,24.0,-6.0,9.0,-2.604604
2021_18_CAR_TB,2021,18,TB,CAR,41.0,17.0,11.0,24.0,2.4895902
2021_18_LAC_LV,2021,18,LV,LAC,35.0,32.0,-3.5,3.0,0.21646157
2021_19_LV_CIN,2021,19,CIN,LV,26.0,19.0,6.0,7.0,4.3636227
2021_19_NE_BUF,2021,19,BUF,NE,47.0,17.0,4.5,30.0,6.893403
2021_19_PHI_TB,2021,19,TB,PHI,31.0,15.0,7.5,16.0,2.2011473
2021_19_SF_DAL,2021,19,DAL,SF,17.0,23.0,3.0,-6.0,3.2186382
2021_19_PIT_KC,2021,19,KC,PIT,42.0,21.0,13.0,21.0,-7.563012
2021_19_ARI_LA,2021,19,LA,ARI,34.0,11.0,4.0,23.0,-4.6323113
2021_20_CIN_TEN,2021,20,TEN,CIN,16.0,19.0,4.0,-3.0,3.124701
2021_20_SF_GB,2021,20,GB,SF,10.0,13.0,5.5,-3.0,6.3594193
2021_20_BUF_KC,2021,20,KC,BUF,42.0,36.0,2.5,6.0,-7.296409
2021_21_CIN_KC,2021,21,KC,CIN,24.0,27.0,7.0,-3.0,5.188984
2021_21_SF_LA,2021,21,LA,SF,20.0,17.0,3.5,3.0,3.119779
2021_22_LA_CIN,2021,22,CIN,LA,20.0,23.0,-4.5,-3.0,-3.8526764
2022_01_BUF_LA,2022,1,LA,BUF,10.0,31.0,-1.0,-21.0,3.4792602
2022_01_NO_ATL,2022,1,ATL,NO,26.0,27.0,-6.0,-1.0,-0.7084933
2022_01_CLE_CAR,2022,1,CAR,CLE,24.0,26.0,2.5,-2.0,3.0869946
2022_01_SF_CHI,2022,1,CHI,SF,19.0,10.0,-6.5,9.0,0.596962
2022_01_PIT_CIN,2022,1,CIN,PIT,20.0,23.0,7.5,-3.0,4.365119
2022_01_PHI_DET,2022,1,DET,PHI,35.0,38.0,-6.0,-3.0,7.2450585
2022_01_IND_HOU,2022,1,HOU,IND,20.0,20.0,-7.0,0.0,-6.6362014
2022_01_NE_MIA,2022,1,MIA,NE,20.0,7.0,3.0,13.0,2.8730135
2022_01_BAL_NYJ,2022,1,NYJ,BAL,9.0,24.0,-6.5,-15.0,-0.74288553
2022_01_JAX_WAS,2022,1,WAS,JAX,28.0,22.0,3.0,6.0,4.4647484
2022_01_KC_ARI,2022,1,ARI,KC,21.0,44.0,-6.0,-23.0,-0.5713629
2022_01_LV_LAC,2022,1,LAC,LV,24.0,19.0,3.5,5.0,2.3446934
2022_01_GB_MIN,2022,1,MIN,GB,23.0,7.0,2.5,16.0,-1.6520369
2022_01_NYG_TEN,2022,1,TEN,NYG,20.0,21.0,5.5,-1.0,4.675985
2022_01_TB_DAL,2022,1,DAL,TB,3.0,19.0,-2.5,-16.0,1.5237399
2022_01_DEN_SEA,2022,1,SEA,DEN,17.0,16.0,-6.0,1.0,7.9633074
2022_02_LAC_KC,2022,2,KC,LAC,27.0,24.0,4.0,3.0,4.3435736
2022_02_MIA_BAL,2022,2,BAL,MIA,38.0,42.0,3.0,-4.0,0.23293632
2022_02_NYJ_CLE,2022,2,CLE,NYJ,30.0,31.0,6.5,-1.0,0.7421061
2022_02_WAS_DET,2022,2,DET,WAS,36.0,27.0,-1.0,9.0,3.5631375
2022_02_IND_JAX,2022,2,JAX,IND,24.0,0.0,-3.0,24.0,1.9179198
2022_02_TB_NO,2022,2,NO,TB,10.0,20.0,-2.5,-10.0,-0.87600905
2022_02_CAR_NYG,2022,2,NYG,CAR,19.0,16.0,-1.0,3.0,6.2573195
2022_02_NE_PIT,2022,2,PIT,NE,14.0,17.0,-3.0,-3.0,5.430965
2022_02_ATL_LA,2022,2,LA,ATL,31.0,27.0,10.5,4.0,2.492521
2022_02_SEA_SF,2022,2,SF,SEA,27.0,7.0,8.5,20.0,2.2572312
2022_02_CIN_DAL,2022,2,DAL,CIN,20.0,17.0,-7.5,3.0,4.4011073
2022_02_HOU_DEN,2022,2,DEN,HOU,16.0,9.0,10.5,7.0,3.769456
2022_02_ARI_LV,2022,2,LV,ARI,23.0,29.0,5.5,-6.0,1.7252265
2022_02_CHI_GB,2022,2,GB,CHI,27.0,10.0,10.5,17.0,4.9735956
2022_02_TEN_BUF,2022,2,BUF,TEN,41.0,7.0,10.0,34.0,12.225235
2022_02_MIN_PHI,2022,2,PHI,MIN,24.0,7.0,2.5,17.0,-2.767174
2022_03_PIT_CLE,2022,3,CLE,PIT,29.0,17.0,4.5,12.0,2.6291924
2022_03_NO_CAR,2022,3,CAR,NO,22.0,14.0,-2.0,8.0,6.4345512
2022_03_HOU_CHI,2022,3,CHI,HOU,23.0,20.0,3.0,3.0,12.1913595
2022_03_KC_IND,2022,3,IND,KC,20.0,17.0,-4.5,3.0,4.1297927
2022_03_BUF_MIA,2022,3,MIA,BUF,21.0,19.0,-4.0,2.0,5.5783257
2022_03_DET_MIN,2022,3,MIN,DET,28.0,24.0,6.5,4.0,0.19950145
2022_03_BAL_NE,2022,3,NE,BAL,26.0,37.0,-2.5,-11.0,9.83023
2022_03_CIN_NYJ,2022,3,NYJ,CIN,12.0,27.0,-6.5,-15.0,3.0925758
2022_03_LV_TEN,2022,3,TEN,LV,24.0,22.0,-1.5,2.0,0.52021307
2022_03_PHI_WAS,2022,3,WAS,PHI,8.0,24.0,-6.0,-16.0,5.6254697
2022_03_JAX_LAC,2022,3,LAC,JAX,10.0,38.0,6.5,-28.0,1.1346754
2022_03_LA_ARI,2022,3,ARI,LA,12.0,20.0,-3.5,-8.0,4.464031
2022_03_ATL_SEA,2022,3,SEA,ATL,23.0,27.0,1.0,-4.0,4.36167
2022_03_GB_TB,2022,3,TB,GB,12.0,14.0,1.0,-2.0,9.342931
2022_03_SF_DEN,2022,3,DEN,SF,11.0,10.0,-1.0,1.0,0.7693653
2022_03_DAL_NYG,2022,3,NYG,DAL,16.0,23.0,1.0,-7.0,1.8207843
2022_04_MIA_CIN,2022,4,CIN,MIA,27.0,15.0,4.0,12.0,4.7111883
2022_04_MIN_NO,2022,4,NO,MIN,25.0,28.0,-4.0,-3.0,3.0129347
2022_04_CLE_ATL,2022,4,ATL,CLE,23.0,20.0,-1.0,3.0,-1.4735035
2022_04_BUF_BAL,2022,4,BAL,BUF,20.0,23.0,-3.0,-3.0,5.571619
2022_04_WAS_DAL,2022,4,DAL,WAS,25.0,10.0,3.0,15.0,-1.3316188
2022_04_SEA_DET,2022,4,DET,SEA,45.0,48.0,3.0,-3.0,0.50270474
2022_04_LAC_HOU,2022,4,HOU,LAC,24.0,34.0,-5.5,-10.0,5.6729517
2022_04_TEN_IND,2022,4,IND,TEN,17.0,24.0,4.5,-7.0,5.0103483
2022_04_CHI_NYG,2022,4,NYG,CHI,20.0,12.0,3.0,8.0,3.797286
2022_04_JAX_PHI,2022,4,PHI,JAX,29.0,21.0,6.5,8.0,-1.0278524
2022_04_NYJ_PIT,2022,4,PIT,NYJ,20.0,24.0,3.0,-4.0,-1.1390611
2022_04_ARI_CAR,2022,4,CAR,ARI,16.0,26.0,1.0,-10.0,8.948153
2022_04_NE_GB,2022,4,GB,NE,27.0,24.0,10.0,3.0,6.958329
2022_04_DEN_LV,2022,4,LV,DEN,32.0,23.0,2.5,9.0,7.3158717
2022_04_KC_TB,2022,4,TB,KC,31.0,41.0,1.0,-10.0,5.502744
2022_04_LA_SF,2022,4,SF,LA,24.0,9.0,1.0,15.0,6.3837423
2022_05_IND_DEN,2022,5,DEN,IND,9.0,12.0,3.5,-3.0,3.6548445
2022_05_NYG_GB,2022,5,GB,NYG,22.0,27.0,8.5,-5.0,6.4913716
2022_05_PIT_BUF,2022,5,BUF,PIT,38.0,3.0,14.0,35.0,0.41841945
2022_05_LAC_CLE,2022,5,CLE,LAC,28.0,30.0,-1.0,-2.0,4.52258
2022_05_HOU_JAX,2022,5,JAX,HOU,6.0,13.0,7.0,-7.0,4.931826
2022_05_CHI_MIN,2022,5,MIN,CHI,29.0,22.0,10.0,7.0,5.144484
2022_05_DET_NE,2022,5,NE,DET,29.0,0.0,3.0,29.0,1.1452863
2022_05_SEA_NO,2022,5,NO,SEA,39.0,32.0,5.5,7.0,1.009323
2022_05_MIA_NYJ,2022,5,NYJ,MIA,40.0,17.0,-3.0,23.0,1.7094129
2022_05_ATL_TB,2022,5,TB,ATL,21.0,15.0,10.5,6.0,0.7867268
2022_05_TEN_WAS,2022,5,WAS,TEN,17.0,21.0,-1.0,-4.0,-2.422397
2022_05_SF_CAR,2022,5,CAR,SF,15.0,37.0,-6.0,-22.0,2.6190653
2022_05_PHI_ARI,2022,5,ARI,PHI,17.0,20.0,-5.5,-3.0,6.6069427
2022_05_DAL_LA,2022,5,LA,DAL,10.0,22.0,5.5,-12.0,2.1780674
2022_05_CIN_BAL,2022,5,BAL,CIN,19.0,17.0,3.0,2.0,5.6962647
2022_05_LV_KC,2022,5,KC,LV,30.0,29.0,7.5,1.0,6.013926
2022_06_WAS_CHI,2022,6,CHI,WAS,7.0,12.0,-1.0,-5.0,-2.6889346
2022_06_SF_ATL,2022,6,ATL,SF,28.0,14.0,-3.5,14.0,-1.0497674
2022_06_NE_CLE,2022,6,CLE,NE,15.0,38.0,2.5,-23.0,3.7255645
2022_06_NYJ_GB,2022,6,GB,NYJ,10.0,27.0,7.5,-17.0,2.0649447
2022_06_JAX_IND,2022,6,IND,JAX,34.0,27.0,1.0,7.0,0.38449425
2022_06_MIN_MIA,2022,6,MIA,MIN,16.0,24.0,-3.0,-8.0,9.757991
2022_06_CIN_NO,2022,6,NO,CIN,26.0,30.0,-3.0,-4.0,-6.9276166
2022_06_BAL_NYG,2022,6,NYG,BAL,24.0,20.0,-5.5,4.0,8.022676
2022_06_TB_PIT,2022,6,PIT,TB,20.0,18.0,-10.0,2.0,-3.715409
2022_06_CAR_LA,2022,6,LA,CAR,24.0,10.0,10.0,14.0,6.9461155
2022_06_BUF_KC,2022,6,KC,BUF,20.0,24.0,-2.5,-4.0,7.4583797
2022_06_DAL_PHI,2022,6,PHI,DAL,26.0,17.0,6.5,9.0,2.706989
2022_06_DEN_LAC,2022,6,LAC,DEN,19.0,16.0,3.5,3.0,-1.6977268
2022_07_NO_ARI,2022,7,ARI,NO,42.0,34.0,2.5,8.0,3.1335225
2022_07_CLE_BAL,2022,7,BAL,CLE,23.0,20.0,6.5,3.0,2.506299
2022_07_TB_CAR,2022,7,CAR,TB,21.0,3.0,-13.0,18.0,-0.6036603
2022_07_ATL_CIN,2022,7,CIN,ATL,35.0,17.0,6.5,18.0,1.2417505
2022_07_DET_DAL,2022,7,DAL,DET,24.0,6.0,7.0,18.0,-4.3044653
2022_07_NYG_JAX,2022,7,JAX,NYG,17.0,23.0,3.0,-6.0,1.6830142
2022_07_IND_TEN,2022,7,TEN,IND,19.0,10.0,2.5,9.0,3.9637377
2022_07_GB_WAS,2022,7,WAS,GB,23.0,21.0,-4.0,2.0,1.5310365
2022_07_NYJ_DEN,2022,7,DEN,NYJ,9.0,16.0,-2.0,-7.0,0.41645205
2022_07_HOU_LV,2022,7,LV,HOU,38.0,20.0,7.0,18.0,-5.695795
2022_07_SEA_LAC,2022,7,LAC,SEA,23.0,37.0,5.5,-14.0,-3.5710392
2022_07_KC_SF,2022,7,SF,KC,23.0,44.0,-1.0,-21.0,-2.5473208
2022_07_PIT_MIA,2022,7,MIA,PIT,16.0,10.0,7.5,6.0,1.6625772
2022_07_CHI_NE,2022,7,NE,CHI,14.0,33.0,9.5,-19.0,6.5941186
2022_08_BAL_TB,2022,8,TB,BAL,22.0,27.0,2.0,-5.0,8.181259
2022_08_DEN_JAX,2022,8,JAX,DEN,17.0,21.0,1.0,-4.0,3.7086902
2022_08_CAR_ATL,2022,8,ATL,CAR,37.0,34.0,4.5,3.0,1.3689811
2022_08_CHI_DAL,2022,8,DAL,CHI,49.0,29.0,10.5,20.0,2.3229613
2022_08_MIA_DET,2022,8,DET,MIA,27.0,31.0,-3.5,-4.0,2.0076592
2022_08_ARI_MIN,2022,8,MIN,ARI,34.0,26.0,4.0,8.0,2.5415542
2022_08_LV_NO,2022,8,NO,LV,24.0,0.0,-1.0,24.0,4.4771395
2022_08_NE_NYJ,2022,8,NYJ,NE,17.0,22.0,-3.0,-5.0,2.87653
2022_08_PIT_PHI,2022,8,PHI,PIT,35.0,13.0,11.0,22.0,4.166066
2022_08_TEN_HOU,2022,8,HOU,TEN,10.0,17.0,-1.0,-7.0,-2.1265326
2022_08_WAS_IND,2022,8,IND,WAS,16.0,17.0,3.0,-1.0,12.286411
2022_08_SF_LA,2022,8,LA,SF,14.0,31.0,-1.0,-17.0,-2.6370554
2022_08_NYG_SEA,2022,8,SEA,NYG,27.0,13.0,3.0,14.0,4.9114094
2022_08_GB_BUF,2022,8,BUF,GB,27.0,17.0,10.5,10.0,4.2557135
2022_08_CIN_CLE,2022,8,CLE,CIN,32.0,13.0,-3.0,19.0,1.2356768
2022_09_PHI_HOU,2022,9,HOU,PHI,17.0,29.0,-14.0,-12.0,0.11444314
2022_09_LAC_ATL,2022,9,ATL,LAC,17.0,20.0,-2.5,-3.0,-1.5516765
2022_09_MIA_CHI,2022,9,CHI,MIA,32.0,35.0,-4.0,-3.0,9.540802
2022_09_CAR_CIN,2022,9,CIN,CAR,42.0,21.0,7.0,21.0,3.313935
2022_09_GB_DET,2022,9,DET,GB,15.0,9.0,-4.0,6.0,-0.26859164
2022_09_LV_JAX,2022,9,JAX,LV,27.0,20.0,-2.5,7.0,3.4787467
2022_09_IND_NE,2022,9,NE,IND,26.0,3.0,5.0,23.0,0.83423465
2022_09_BUF_NYJ,2022,9,NYJ,BUF,20.0,17.0,-11.0,3.0,0.38710535
2022_09_MIN_WAS,2022,9,WAS,MIN,17.0,20.0,-3.0,-3.0,9.451466
2022_09_SEA_ARI,2022,9,ARI,SEA,21.0,31.0,1.5,-10.0,-2.8707914
2022_09_LA_TB,2022,9,TB,LA,16.0,13.0,3.0,3.0,3.3253365
2022_09_TEN_KC,2022,9,KC,TEN,20.0,17.0,14.0,3.0,-3.9581428
2022_09_BAL_NO,2022,9,NO,BAL,13.0,27.0,-1.0,-14.0,7.5114393
2022_10_SEA_TB,2022,10,TB,SEA,21.0,16.0,2.5,5.0,-0.34022486
2022_10_MIN_BUF,2022,10,BUF,MIN,30.0,33.0,6.5,-3.0,3.998699
2022_10_DET_CHI,2022,10,CHI,DET,30.0,31.0,3.0,-1.0,2.4579418
2022_10_JAX_KC,2022,10,KC,JAX,27.0,17.0,10.0,10.0,-1.3281696
2022_10_CLE_MIA,2022,10,MIA,CLE,39.0,17.0,3.0,22.0,-2.767359
2022_10_HOU_NYG,2022,10,NYG,HOU,24.0,16.0,5.5,8.0,2.913799
2022_10_NO_PIT,2022,10,PIT,NO,20.0,10.0,1.0,10.0,-0.92188007
2022_10_DEN_TEN,2022,10,TEN,DEN,17.0,10.0,2.5,7.0,3.2726467
2022_10_IND_LV,2022,10,LV,IND,20.0,25.0,4.5,-5.0,0.46890396
2022_10_DAL_GB,2022,10,GB,DAL,31.0,28.0,-3.5,3.0,-3.2193365
2022_10_ARI_LA,2022,10,LA,ARI,17.0,27.0,3.5,-10.0,2.6257215
2022_10_LAC_SF,2022,10,SF,LAC,22.0,16.0,8.5,6.0,5.3142715
2022_10_WAS_PHI,2022,10,PHI,WAS,21.0,32.0,11.0,-11.0,-0.6967097
2022_11_TEN_GB,2022,11,GB,TEN,17.0,27.0,3.0,-10.0,5.8070383
2022_11_CHI_ATL,2022,11,ATL,CHI,27.0,24.0,3.0,3.0,0.00093169324
2022_11_CAR_BAL,2022,11,BAL,CAR,13.0,3.0,13.0,10.0,-2.2690034
2022_11_CLE_BUF,2022,11,BUF,CLE,31.0,23.0,7.5,8.0,2.10541
2022_11_WAS_HOU,2022,11,HOU,WAS,10.0,23.0,-3.0,-13.0,0.68408287
2022_11_PHI_IND,2022,11,IND,PHI,16.0,17.0,-6.5,-1.0,2.9669387
2022_11_NYJ_NE,2022,11,NE,NYJ,10.0,3.0,3.5,7.0,-2.7606103
2022_11_LA_NO,2022,11,NO,LA,27.0,20.0,2.5,7.0,0.036910553
2022_11_DET_NYG,2022,11,NYG,DET,18.0,31.0,3.0,-13.0,0.81443375
2022_11_LV_DEN,2022,11,DEN,LV,16.0,22.0,2.5,-6.0,1.1988657
2022_11_DAL_MIN,2022,11,MIN,DAL,3.0,40.0,-1.5,-37.0,2.5496974
2022_11_CIN_PIT,2022,11,PIT,CIN,30.0,37.0,-3.5,-7.0,3.810698
2022_11_KC_LAC,2022,11,LAC,KC,27.0,30.0,-5.5,-3.0,-2.895905
2022_11_SF_ARI,2022,11,ARI,SF,10.0,38.0,-10.0,-28.0,12.684149
2022_12_BUF_DET,2022,12,DET,BUF,25.0,28.0,-10.0,-3.0,-3.686259
2022_12_NYG_DAL,2022,12,DAL,NYG,28.0,20.0,10.5,8.0,3.5976918
2022_12_NE_MIN,2022,12,MIN,NE,33.0,26.0,2.5,7.0,6.182692
2022_12_DEN_CAR,2022,12,CAR,DEN,23.0,10.0,-1.0,13.0,-4.124923
2022_12_TB_CLE,2022,12,CLE,TB,23.0,17.0,-3.0,6.0,0.24916263
2022_12_BAL_JAX,2022,12,JAX,BAL,28.0,27.0,-3.5,1.0,0.8377542
2022_12_HOU_MIA,2022,12,MIA,HOU,30.0,15.0,14.0,15.0,-3.0225365
2022_12_CHI_NYJ,2022,12,NYJ,CHI,31.0,10.0,8.5,21.0,0.19443652
2022_12_CIN_TEN,2022,12,TEN,CIN,16.0,20.0,-1.0,-4.0,6.063661
2022_12_LAC_ARI,2022,12,ARI,LAC,24.0,25.0,-2.5,-1.0,4.013615
2022_12_LV_SEA,2022,12,SEA,LV,34.0,40.0,4.0,-6.0,0.21933585
2022_12_LA_KC,2022,12,KC,LA,26.0,10.0,16.5,16.0,5.70281
2022_12_NO_SF,2022,12,SF,NO,13.0,0.0,9.5,13.0,6.0631266
2022_12_GB_PHI,2022,12,PHI,GB,40.0,33.0,6.5,7.0,-2.0087173
2022_12_PIT_IND,2022,12,IND,PIT,17.0,24.0,2.5,-7.0,0.29428357
2022_13_BUF_NE,2022,13,NE,BUF,10.0,24.0,-3.5,-14.0,2.943766
2022_13_PIT_ATL,2022,13,ATL,PIT,16.0,19.0,-1.0,-3.0,1.958418
2022_13_DEN_BAL,2022,13,BAL,DEN,10.0,9.0,9.5,1.0,-1.675591
2022_13_GB_CHI,2022,13,CHI,GB,19.0,28.0,-4.0,-9.0,2.0525906
2022_13_JAX_DET,2022,13,DET,JAX,40.0,14.0,1.0,26.0,0.21271887
2022_13_CLE_HOU,2022,13,HOU,CLE,14.0,27.0,-7.5,-13.0,-3.5733657
2022_13_NYJ_MIN,2022,13,MIN,NYJ,27.0,22.0,3.0,5.0,-1.1264771
2022_13_WAS_NYG,2022,13,NYG,WAS,20.0,20.0,-2.5,0.0,-5.818886
2022_13_TEN_PHI,2022,13,PHI,TEN,35.0,10.0,5.0,25.0,1.5614344
2022_13_SEA_LA,2022,13,LA,SEA,23.0,27.0,-7.0,-4.0,-2.747629
2022_13_MIA_SF,2022,13,SF,MIA,33.0,17.0,4.5,16.0,0.046984013
2022_13_KC_CIN,2022,13,CIN,KC,27.0,24.0,-2.5,3.0,-2.4755886
2022_13_LAC_LV,2022,13,LV,LAC,27.0,20.0,2.5,7.0,-3.088364
2022_13_IND_DAL,2022,13,DAL,IND,54.0,19.0,11.0,35.0,-0.76191884
2022_13_NO_TB,2022,13,TB,NO,17.0,16.0,3.5,1.0,-2.0421405
2022_14_LV_LA,2022,14,LA,LV,17.0,16.0,-6.5,1.0,-3.9515133
2022_14_NYJ_BUF,2022,14,BUF,NYJ,20.0,12.0,10.0,8.0,-1.5459298
2022_14_CLE_CIN,2022,14,CIN,CLE,23.0,10.0,4.5,13.0,2.1626935
2022_14_HOU_DAL,2022,14,DAL,HOU,27.0,23.0,17.0,4.0,6.4644527
2022_14_MIN_DET,2022,14,DET,MIN,34.0,23.0,2.5,11.0,-2.9318871
2022_14_PHI_NYG,2022,14,NYG,PHI,22.0,48.0,-7.5,-26.0,-1.444669
2022_14_BAL_PIT,2022,14,PIT,BAL,14.0,16.0,1.5,-2.0,-2.800123
2022_14_JAX_TEN,2022,14,TEN,JAX,22.0,36.0,3.0,-14.0,-6.199208
2022_14_KC_DEN,2022,14,DEN,KC,28.0,34.0,-8.5,-6.0,-7.122493
2022_14_CAR_SEA,2022,14,SEA,CAR,24.0,30.0,3.5,-6.0,3.5007052
2022_14_TB_SF,2022,14,SF,TB,35.0,7.0,3.5,28.0,3.9650717
2022_14_MIA_LAC,2022,14,LAC,MIA,23.0,17.0,-3.0,6.0,-0.2948979
2022_14_NE_ARI,2022,14,ARI,NE,13.0,27.0,-2.0,-14.0,-2.1506026
2022_15_SF_SEA,2022,15,SEA,SF,13.0,21.0,-3.0,-8.0,5.500418
2022_15_IND_MIN,2022,15,MIN,IND,39.0,36.0,3.5,3.0,-5.027528
2022_15_BAL_CLE,2022,15,CLE,BAL,13.0,3.0,2.5,10.0,-0.4455427
2022_15_MIA_BUF,2022,15,BUF,MIA,32.0,29.0,7.0,3.0,6.679139
2022_15_PIT_CAR,2022,15,CAR,PIT,16.0,24.0,2.5,-8.0,0.2753908
2022_15_PHI_CHI,2022,15,CHI,PHI,20.0,25.0,-8.5,-5.0,3.9352286
2022_15_KC_HOU,2022,15,HOU,KC,24.0,30.0,-14.5,-6.0,-7.217864
2022_15_DAL_JAX,2022,15,JAX,DAL,40.0,34.0,-4.0,6.0,-1.5578625
2022_15_ATL_NO,2022,15,NO,ATL,21.0,18.0,5.0,3.0,-5.9533534
2022_15_DET_NYJ,2022,15,NYJ,DET,17.0,20.0,2.0,-3.0,6.174261
2022_15_ARI_DEN,2022,15,DEN,ARI,24.0,15.0,1.5,9.0,-1.2034285
2022_15_NE_LV,2022,15,LV,NE,30.0,24.0,1.0,6.0,0.0047287773
2022_15_TEN_LAC,2022,15,LAC,TEN,17.0,14.0,3.0,3.0,2.4194968
2022_15_CIN_TB,2022,15,TB,CIN,23.0,34.0,-3.5,-11.0,1.1304762
2022_15_NYG_WAS,2022,15,WAS,NYG,12.0,20.0,4.5,-8.0,-3.9745972
2022_15_LA_GB,2022,15,GB,LA,24.0,12.0,8.0,12.0,1.793469
2022_16_JAX_NYJ,2022,16,NYJ,JAX,3.0,19.0,2.5,-16.0,-4.2044525
2022_16_ATL_BAL,2022,16,BAL,ATL,17.0,9.0,6.5,8.0,3.6174526
2022_16_DET_CAR,2022,16,CAR,DET,37.0,23.0,-2.5,14.0,-2.367951
2022_16_BUF_CHI,2022,16,CHI,BUF,13.0,35.0,-8.0,-22.0,2.3564763
2022_16_NO_CLE,2022,16,CLE,NO,10.0,17.0,3.0,-7.0,0.276676
2022_16_SEA_KC,2022,16,KC,SEA,24.0,10.0,10.5,14.0,9.48709
2022_16_NYG_MIN,2022,16,MIN,NYG,27.0,24.0,4.5,3.0,4.1377554
2022_16_CIN_NE,2022,16,NE,CIN,18.0,22.0,-3.0,-4.0,2.540555
2022_16_HOU_TEN,2022,16,TEN,HOU,14.0,19.0,3.0,-5.0,-6.6431704
2022_16_WAS_SF,2022,16,SF,WAS,37.0,20.0,6.5,17.0,4.945564
2022_16_PHI_DAL,2022,16,DAL,PHI,40.0,34.0,4.0,6.0,0.5133468
2022_16_LV_PIT,2022,16,PIT,LV,13.0,10.0,2.5,3.0,10.1441345
2022_16_GB_MIA,2022,16,MIA,GB,20.0,26.0,3.5,-6.0,-3.3973525
2022_16_DEN_LA,2022,16,LA,DEN,51.0,14.0,-3.0,37.0,3.3183014
2022_16_TB_ARI,2022,16,ARI,TB,16.0,19.0,-7.5,-3.0,-0.8932033
2022_16_LAC_IND,2022,16,IND,LAC,3.0,20.0,-3.5,-17.0,-0.55240244
2022_17_DAL_TEN,2022,17,TEN,DAL,13.0,27.0,-14.0,-14.0,-2.101464
2022_17_ARI_ATL,2022,17,ATL,ARI,20.0,19.0,7.0,1.0,1.0008006
2022_17_CHI_DET,2022,17,DET,CHI,41.0,10.0,4.5,31.0,5.1322994
2022_17_JAX_HOU,2022,17,HOU,JAX,3.0,31.0,-3.5,-28.0,5.0688457
2022_17_DEN_KC,2022,17,KC,DEN,27.0,24.0,13.5,3.0,0.44430536
2022_17_MIA_NE,2022,17,NE,MIA,23.0,21.0,3.0,2.0,-0.6868832
2022_17_NO_PHI,2022,17,PHI,NO,10.0,20.0,5.5,-10.0,3.0800135
2022_17_CAR_TB,2022,17,TB,CAR,30.0,24.0,3.5,6.0,0.50420725
2022_17_CLE_WAS,2022,17,WAS,CLE,10.0,24.0,1.0,-14.0,0.42700928
2022_17_SF_LV,2022,17,LV,SF,34.0,37.0,-10.0,-3.0,2.643442
2022_17_NYJ_SEA,2022,17,SEA,NYJ,23.0,6.0,-1.0,17.0,8.209731
2022_17_MIN_GB,2022,17,GB,MIN,41.0,17.0,3.0,24.0,6.044496
2022_17_LA_LAC,2022,17,LAC,LA,31.0,10.0,6.5,21.0,3.3785045
2022_17_PIT_BAL,2022,17,BAL,PIT,13.0,16.0,1.0,-3.0,1.4887445
2022_18_KC_LV,2022,18,LV,KC,13.0,31.0,-9.0,-18.0,0.8077404
2022_18_TEN_JAX,2022,18,JAX,TEN,20.0,16.0,6.0,4.0,2.4922972
2022_18_TB_ATL,2022,18,ATL,TB,30.0,17.0,6.0,13.0,2.398721
2022_18_NE_BUF,2022,18,BUF,NE,35.0,23.0,8.0,12.0,0.10261583
2022_18_MIN_CHI,2022,18,CHI,MIN,13.0,29.0,-6.5,-16.0,-3.184201
2022_18_BAL_CIN,2022,18,CIN,BAL,27.0,16.0,11.0,11.0,3.0115743
2022_18_HOU_IND,2022,18,IND,HOU,31.0,32.0,3.0,-1.0,1.80781
2022_18_NYJ_MIA,2022,18,MIA,NYJ,11.0,6.0,3.5,5.0,-0.70830303
2022_18_CAR_NO,2022,18,NO,CAR,7.0,10.0,3.5,-3.0,1.9240466
2022_18_CLE_PIT,2022,18,PIT,CLE,28.0,14.0,2.5,14.0,0.1305438
2022_18_LAC_DEN,2022,18,DEN,LAC,31.0,28.0,6.0,3.0,3.6835608
2022_18_NYG_PHI,2022,18,PHI,NYG,22.0,16.0,16.5,6.0,3.1632955
2022_18_LA_SEA,2022,18,SEA,LA,19.0,16.0,5.5,3.0,1.3591517
2022_18_ARI_SF,2022,18,SF,ARI,38.0,13.0,14.0,25.0,-3.6896605
2022_18_DAL_WAS,2022,18,WAS,DAL,26.0,6.0,-7.5,20.0,-1.0480194
2022_18_DET_GB,2022,18,GB,DET,16.0,20.0,5.5,-4.0,-1.0912085
2022_19_SEA_SF,2022,19,SF,SEA,41.0,23.0,10.0,18.0,2.2955048
2022_19_LAC_JAX,2022,19,JAX,LAC,31.0,30.0,-2.0,1.0,2.5888016
2022_19_MIA_BUF,2022,19,BUF,MIA,34.0,31.0,14.0,3.0,-1.7275125
2022_19_NYG_MIN,2022,19,MIN,NYG,24.0,31.0,2.5,-7.0,4.371059
2022_19_BAL_CIN,2022,19,CIN,BAL,24.0,17.0,7.5,7.0,3.8193424
2022_19_DAL_TB,2022,19,TB,DAL,14.0,31.0,-2.5,-17.0,6.6145043
2022_20_JAX_KC,2022,20,KC,JAX,27.0,20.0,10.0,7.0,0.53450286
2022_20_NYG_PHI,2022,20,PHI,NYG,38.0,7.0,8.0,31.0,5.5949645
2022_20_CIN_BUF,2022,20,BUF,CIN,10.0,27.0,6.0,-17.0,-1.93871
2022_20_DAL_SF,2022,20,SF,DAL,19.0,12.0,3.5,7.0,-0.79709494
2022_21_SF_PHI,2022,21,PHI,SF,31.0,7.0,2.5,24.0,5.9567175
2022_21_CIN_KC,2022,21,KC,CIN,23.0,20.0,2.0,3.0,0.6892672
2022_22_KC_PHI,2022,22,PHI,KC,35.0,38.0,1.0,-3.0,1.5038978
2023_01_DET_KC,2023,1,KC,DET,20.0,21.0,4.0,-1.0,5.432487
2023_01_CAR_ATL,2023,1,ATL,CAR,24.0,10.0,3.5,14.0,2.7105985
2023_01_HOU_BAL,2023,1,BAL,HOU,25.0,9.0,9.5,16.0,0.12740684
2023_01_CIN_CLE,2023,1,CLE,CIN,24.0,3.0,-1.0,21.0,-0.2571987
2023_01_JAX_IND,2023,1,IND,JAX,21.0,31.0,-4.0,-10.0,2.6256983
2023_01_TB_MIN,2023,1,MIN,TB,17.0,20.0,4.0,-3.0,-4.345933
2023_01_TEN_NO,2023,1,NO,TEN,16.0,15.0,3.0,1.0,-3.0297484
2023_01_SF_PIT,2023,1,PIT,SF,7.0,30.0,-1.5,-23.0,2.5872848
2023_01_ARI_WAS,2023,1,WAS,ARI,20.0,16.0,7.0,4.0,-2.7478998
2023_01_GB_CHI,2023,1,CHI,GB,20.0,38.0,1.0,-18.0,-1.830591
2023_01_LV_DEN,2023,1,DEN,LV,16.0,17.0,3.0,-1.0,4.5863075
2023_01_MIA_LAC,2023,1,LAC,MIA,34.0,36.0,3.0,-2.0,-0.7371128
2023_01_PHI_NE,2023,1,NE,PHI,20.0,25.0,-3.5,-5.0,-2.3870285
2023_01_LA_SEA,2023,1,SEA,LA,13.0,30.0,4.5,-17.0,-1.1242809
2023_01_DAL_NYG,2023,1,NYG,DAL,0.0,40.0,-3.5,-40.0,0.91427594
2023_01_BUF_NYJ,2023,1,NYJ,BUF,22.0,16.0,-2.5,6.0,0.7426267
2023_02_MIN_PHI,2023,2,PHI,MIN,34.0,28.0,6.0,6.0,-0.6949876
2023_02_GB_ATL,2023,2,ATL,GB,25.0,24.0,3.0,1.0,3.4231577
2023_02_LV_BUF,2023,2,BUF,LV,38.0,10.0,7.5,28.0,2.7948642
2023_02_BAL_CIN,2023,2,CIN,BAL,24.0,27.0,3.5,-3.0,-5.487214
2023_02_SEA_DET,2023,2,DET,SEA,31.0,37.0,4.5,-6.0,2.6635678
2023_02_IND_HOU,2023,2,HOU,IND,20.0,31.0,-1.0,-11.0,3.8381577
2023_02_KC_JAX,2023,2,JAX,KC,9.0,17.0,-3.5,-8.0,8.011408
2023_02_CHI_TB,2023,2,TB,CHI,27.0,17.0,2.5,10.0,-0.06837245
2023_02_LAC_TEN,2023,2,TEN,LAC,27.0,24.0,-2.5,3.0,-0.81966776
2023_02_NYG_ARI,2023,2,ARI,NYG,28.0,31.0,-5.0,-3.0,1.2555493
2023_02_SF_LA,2023,2,LA,SF,23.0,30.0,-7.5,-7.0,3.5084286
2023_02_NYJ_DAL,2023,2,DAL,NYJ,30.0,10.0,8.5,20.0,0.3207769
2023_02_WAS_DEN,2023,2,DEN,WAS,33.0,35.0,4.0,-2.0,3.789023
2023_02_MIA_NE,2023,2,NE,MIA,17.0,24.0,-2.0,-7.0,-2.0831199
2023_02_NO_CAR,2023,2,CAR,NO,17.0,20.0,-3.0,-3.0,-3.0397432
2023_02_CLE_PIT,2023,2,PIT,CLE,26.0,22.0,-2.5,4.0,2.7931345
2023_03_NYG_SF,2023,3,SF,NYG,30.0,12.0,10.5,18.0,-2.0861301
2023_03_IND_BAL,2023,3,BAL,IND,19.0,22.0,7.5,-3.0,5.50939
2023_03_TEN_CLE,2023,3,CLE,TEN,27.0,3.0,3.5,24.0,4.2769704
2023_03_ATL_DET,2023,3,DET,ATL,20.0,6.0,3.0,14.0,1.2950872
2023_03_NO_GB,2023,3,GB,NO,18.0,17.0,-1.5,1.0,3.270598
2023_03_HOU_JAX,2023,3,JAX,HOU,17.0,37.0,7.5,-20.0,2.670594
2023_03_DEN_MIA,2023,3,MIA,DEN,70.0,20.0,6.0,50.0,5.478252
2023_03_LAC_MIN,2023,3,MIN,LAC,24.0,28.0,1.0,-4.0,3.2228487
2023_03_NE_NYJ,2023,3,NYJ,NE,10.0,15.0,-2.5,-5.0,0.88711303
2023_03_BUF_WAS,2023,3,WAS,BUF,3.0,37.0,-5.5,-34.0,-4.85926
2023_03_CAR_SEA,2023,3,SEA,CAR,37.0,27.0,5.0,10.0,5.644898
2023_03_DAL_ARI,2023,3,ARI,DAL,28.0,16.0,-11.5,12.0,1.2590517
2023_03_CHI_KC,2023,3,KC,CHI,41.0,10.0,13.0,31.0,5.424592
2023_03_PIT_LV,2023,3,LV,PIT,18.0,23.0,3.0,-5.0,3.2170753
2023_03_PHI_TB,2023,3,TB,PHI,11.0,25.0,-6.0,-14.0,0.054966718
2023_03_LA_CIN,2023,3,CIN,LA,19.0,16.0,3.0,3.0,-3.2351487
2023_04_DET_GB,2023,4,GB,DET,20.0,34.0,-2.5,-14.0,-2.9920561
2023_04_ATL_JAX,2023,4,JAX,ATL,23.0,7.0,3.5,16.0,-1.9669746
2023_04_MIA_BUF,2023,4,BUF,MIA,48.0,20.0,2.5,28.0,10.471655
2023_04_MIN_CAR,2023,4,CAR,MIN,13.0,21.0,-4.5,-8.0,3.2807364
2023_04_DEN_CHI,2023,4,CHI,DEN,28.0,31.0,-3.0,-3.0,-6.2644997
2023_04_BAL_CLE,2023,4,CLE,BAL,3.0,28.0,-2.0,-25.0,1.1058351
2023_04_PIT_HOU,2023,4,HOU,PIT,30.0,6.0,-3.0,24.0,-2.4788132
2023_04_LA_IND,2023,4,IND,LA,23.0,29.0,-1.0,-6.0,3.1899524
2023_04_TB_NO,2023,4,NO,TB,9.0,26.0,4.0,-17.0,2.3574154
2023_04_WAS_PHI,2023,4,PHI,WAS,34.0,31.0,9.5,3.0,6.453236
2023_04_LV_LAC,2023,4,LAC,LV,24.0,17.0,7.0,7.0,7.4630637
2023_04_NE_DAL,2023,4,DAL,NE,38.0,3.0,6.5,35.0,5.0677705
2023_04_ARI_SF,2023,4,SF,ARI,35.0,16.0,15.0,19.0,1.6918987
2023_04_KC_NYJ,2023,4,NYJ,KC,20.0,23.0,-9.5,-3.0,-2.2682936
2023_04_SEA_NYG,2023,4,NYG,SEA,3.0,24.0,-2.5,-21.0,2.5274832
2023_05_CHI_WAS,2023,5,WAS,CHI,20.0,40.0,6.0,-20.0,1.7289908
2023_05_JAX_BUF,2023,5,BUF,JAX,20.0,25.0,5.5,-5.0,4.2036324
2023_05_HOU_ATL,2023,5,ATL,HOU,21.0,19.0,2.5,2.0,5.9809737
2023_05_CAR_DET,2023,5,DET,CAR,42.0,24.0,9.5,18.0,3.5916145
2023_05_TEN_IND,2023,5,IND,TEN,23.0,16.0,-2.5,7.0,-4.6310797
2023_05_NYG_MIA,2023,5,MIA,NYG,31.0,16.0,12.5,15.0,7.0808387
2023_05_NO_NE,2023,5,NE,NO,0.0,34.0,2.5,-34.0,7.560331
2023_05_BAL_PIT,2023,5,PIT,BAL,17.0,10.0,-4.5,7.0,2.25852
2023_05_CIN_ARI,2023,5,ARI,CIN,20.0,34.0,-3.0,-14.0,2.293219
2023_05_PHI_LA,2023,5,LA,PHI,14.0,23.0,-3.5,-9.0,-4.867397
2023_05_NYJ_DEN,2023,5,DEN,NYJ,21.0,31.0,2.5,-10.0,4.834583
2023_05_KC_MIN,2023,5,MIN,KC,20.0,27.0,-3.5,-7.0,0.11498324
2023_05_DAL_SF,2023,5,SF,DAL,42.0,10.0,3.5,32.0,-1.0373824
2023_05_GB_LV,2023,5,LV,GB,17.0,13.0,1.0,4.0,1.3212866
2023_06_DEN_KC,2023,6,KC,DEN,19.0,8.0,10.5,11.0,2.743004
2023_06_BAL_TEN,2023,6,TEN,BAL,16.0,24.0,-5.5,-8.0,7.174415
2023_06_WAS_ATL,2023,6,ATL,WAS,16.0,24.0,1.5,-8.0,5.5114055
2023_06_MIN_CHI,2023,6,CHI,MIN,13.0,19.0,-3.0,-6.0,-1.6673636
2023_06_SEA_CIN,2023,6,CIN,SEA,17.0,13.0,3.0,4.0,0.7266274
2023_06_SF_CLE,2023,6,CLE,SF,19.0,17.0,-9.5,2.0,-4.518202
2023_06_NO_HOU,2023,6,HOU,NO,20.0,13.0,-2.0,7.0,1.4243176
2023_06_IND_JAX,2023,6,JAX,IND,37.0,20.0,4.0,17.0,1.8615323
2023_06_CAR_MIA,2023,6,MIA,CAR,42.0,21.0,14.0,21.0,-4.1450114
2023_06_NE_LV,2023,6,LV,NE,21.0,17.0,3.0,4.0,1.257912
2023_06_ARI_LA,2023,6,LA,ARI,26.0,9.0,7.0,17.0,4.3923736
2023_06_PHI_NYJ,2023,6,NYJ,PHI,20.0,14.0,-6.5,6.0,1.5926225
2023_06_DET_TB,2023,6,TB,DET,6.0,20.0,-3.0,-14.0,4.7613497
2023_06_NYG_BUF,2023,6,BUF,NYG,14.0,9.0,15.5,5.0,1.5654445
2023_06_DAL_LAC,2023,6,LAC,DAL,17.0,20.0,-1.5,-3.0,3.1008906
2023_07_JAX_NO,2023,7,NO,JAX,24.0,31.0,2.5,-7.0,2.3330355
2023_07_DET_BAL,2023,7,BAL,DET,38.0,6.0,3.0,32.0,-1.3019503
2023_07_LV_CHI,2023,7,CHI,LV,30.0,12.0,-2.5,18.0,6.5293846
2023_07_CLE_IND,2023,7,IND,CLE,38.0,39.0,-3.5,-1.0,2.220851
2023_07_BUF_NE,2023,7,NE,BUF,29.0,25.0,-7.5,4.0,5.216351
2023_07_WAS_NYG,2023,7,NYG,WAS,14.0,7.0,-3.0,7.0,3.355085
2023_07_ATL_TB,2023,7,TB,ATL,13.0,16.0,3.0,-3.0,-0.075578175
2023_07_PIT_LA,2023,7,LA,PIT,17.0,24.0,3.5,-7.0,-0.93551147
2023_07_ARI_SEA,2023,7,SEA,ARI,20.0,10.0,9.5,10.0,-3.1986744
2023_07_GB_DEN,2023,7,DEN,GB,19.0,17.0,1.5,2.0,2.605781
2023_07_LAC_KC,2023,7,KC,LAC,31.0,17.0,5.5,14.0,-3.5235655
2023_07_MIA_PHI,2023,7,PHI,MIA,31.0,17.0,3.0,14.0,0.33688793
2023_07_SF_MIN,2023,7,MIN,SF,22.0,17.0,-7.0,5.0,-1.3309687
2023_08_TB_BUF,2023,8,BUF,TB,24.0,18.0,10.0,6.0,-3.3820355
2023_08_HOU_CAR,2023,8,CAR,HOU,15.0,13.0,-3.0,2.0,5.7019973
2023_08_LA_DAL,2023,8,DAL,LA,43.0,20.0,6.5,23.0,-3.824266
2023_08_MIN_GB,2023,8,GB,MIN,10.0,24.0,-1.0,-14.0,3.251777
2023_08_NO_IND,2023,8,IND,NO,27.0,38.0,-2.0,-11.0,-2.7132707
2023_08_NE_MIA,2023,8,MIA,NE,31.0,17.0,7.5,14.0,-4.493336
2023_08_NYJ_NYG,2023,8,NYG,NYJ,10.0,13.0,-3.0,-3.0,0.816444
2023_08_JAX_PIT,2023,8,PIT,JAX,10.0,20.0,-2.5,-10.0,-1.8669039
2023_08_ATL_TEN,2023,8,TEN,ATL,28.0,23.0,-2.5,5.0,-2.2412171
2023_08_PHI_WAS,2023,8,WAS,PHI,31.0,38.0,-7.0,-7.0,2.999946
2023_08_CLE_SEA,2023,8,SEA,CLE,24.0,20.0,4.0,4.0,-1.2114706
2023_08_BAL_ARI,2023,8,ARI,BAL,24.0,31.0,-9.5,-7.0,0.64343184
2023_08_KC_DEN,2023,8,DEN,KC,24.0,9.0,-7.0,15.0,-5.454951
2023_08_CIN_SF,2023,8,SF,CIN,17.0,31.0,4.0,-14.0,1.4944919
2023_08_CHI_LAC,2023,8,LAC,CHI,30.0,13.0,9.5,17.0,1.3855808
2023_08_LV_DET,2023,8,DET,LV,26.0,14.0,7.0,12.0,-4.0367565
2023_09_TEN_PIT,2023,9,PIT,TEN,20.0,16.0,3.5,4.0,-2.1196923
2023_09_MIA_KC,2023,9,KC,MIA,21.0,14.0,1.0,7.0,-0.5847754
2023_09_MIN_ATL,2023,9,ATL,MIN,28.0,31.0,3.5,-3.0,-3.1102548
2023_09_SEA_BAL,2023,9,BAL,SEA,37.0,3.0,6.0,34.0,1.569331
2023_09_ARI_CLE,2023,9,CLE,ARI,27.0,0.0,13.0,27.0,2.9825995
2023_09_LA_GB,2023,9,GB,LA,20.0,3.0,3.5,17.0,6.418771
2023_09_TB_HOU,2023,9,HOU,TB,39.0,37.0,2.5,2.0,0.46574065
2023_09_WAS_NE,2023,9,NE,WAS,17.0,20.0,2.5,-3.0,4.9205313
2023_09_CHI_NO,2023,9,NO,CHI,24.0,17.0,9.0,7.0,-0.96690035
2023_09_IND_CAR,2023,9,CAR,IND,13.0,27.0,-1.5,-14.0,-0.07123878
2023_09_NYG_LV,2023,9,LV,NYG,30.0,6.0,1.0,24.0,2.8671973
2023_09_DAL_PHI,2023,9,PHI,DAL,28.0,23.0,3.5,5.0,4.931384
2023_09_BUF_CIN,2023,9,CIN,BUF,24.0,18.0,1.5,6.0,-4.48994
2023_09_LAC_NYJ,2023,9,NYJ,LAC,6.0,27.0,-3.0,-21.0,7.489879
2023_10_CAR_CHI,2023,10,CHI,CAR,16.0,13.0,3.0,3.0,2.0796008
2023_10_IND_NE,2023,10,NE,IND,6.0,10.0,-1.0,-4.0,5.518032
2023_10_HOU_CIN,2023,10,CIN,HOU,27.0,30.0,5.5,-3.0,5.997498
2023_10_SF_JAX,2023,10,JAX,SF,3.0,34.0,-3.0,-31.0,2.0083709
2023_10_NO_MIN,2023,10,MIN,NO,27.0,19.0,-3.0,8.0,4.4533334
2023_10_GB_PIT,2023,10,PIT,GB,23.0,19.0,3.0,4.0,4.807924
2023_10_TEN_TB,2023,10,TB,TEN,20.0,6.0,2.5,14.0,7.4612803
2023_10_ATL_ARI,2023,10,ARI,ATL,25.0,23.0,-2.0,2.0,-0.62981004
2023_10_DET_LAC,2023,10,LAC,DET,38.0,41.0,-2.5,-3.0,3.3979616
2023_10_NYG_DAL,2023,10,DAL,NYG,49.0,17.0,17.5,32.0,-2.1758013
2023_10_WAS_SEA,2023,10,SEA,WAS,29.0,26.0,6.0,3.0,2.2788813
2023_10_NYJ_LV,2023,10,LV,NYJ,16.0,12.0,-1.0,4.0,-0.5067036
2023_10_DEN_BUF,2023,10,BUF,DEN,22.0,24.0,7.5,-2.0,-6.0233836
2023_11_CIN_BAL,2023,11,BAL,CIN,34.0,20.0,4.0,14.0,-2.3705742
2023_11_DAL_CAR,2023,11,CAR,DAL,10.0,33.0,-11.0,-23.0,6.455937
2023_11_PIT_CLE,2023,11,CLE,PIT,13.0,10.0,2.5,3.0,-0.6129033
2023_11_CHI_DET,2023,11,DET,CHI,31.0,26.0,8.0,5.0,-0.030161664
2023_11_LAC_GB,2023,11,GB,LAC,23.0,20.0,-3.0,3.0,-1.7099535
2023_11_ARI_HOU,2023,11,HOU,ARI,21.0,16.0,5.5,5.0,3.6699684
2023_11_TEN_JAX,2023,11,JAX,TEN,34.0,14.0,6.5,20.0,-0.8181404
2023_11_LV_MIA,2023,11,MIA,LV,20.0,13.0,14.0,7.0,3.4646482
2023_11_NYG_WAS,2023,11,WAS,NYG,19.0,31.0,7.5,-12.0,-0.19346893
2023_11_TB_SF,2023,11,SF,TB,27.0,14.0,13.5,13.0,-1.8375871
2023_11_NYJ_BUF,2023,11,BUF,NYJ,32.0,6.0,8.0,26.0,6.82818
2023_11_SEA_LA,2023,11,LA,SEA,17.0,16.0,2.5,1.0,-0.93692106
2023_11_MIN_DEN,2023,11,DEN,MIN,21.0,20.0,2.5,1.0,1.7944843
2023_11_PHI_KC,2023,11,KC,PHI,17.0,21.0,2.5,-4.0,-2.0405922
2023_12_GB_DET,2023,12,DET,GB,22.0,29.0,8.5,-7.0,-0.15322687
2023_12_WAS_DAL,2023,12,DAL,WAS,45.0,10.0,13.0,35.0,6.813488
2023_12_SF_SEA,2023,12,SEA,SF,13.0,31.0,-7.0,-18.0,-1.7250211
2023_12_MIA_NYJ,2023,12,NYJ,MIA,13.0,34.0,-9.5,-21.0,-0.20548213
2023_12_NO_ATL,2023,12,ATL,NO,24.0,15.0,-2.0,9.0,1.9166192
2023_12_PIT_CIN,2023,12,CIN,PIT,10.0,16.0,-2.0,-6.0,1.7572813
2023_12_JAX_HOU,2023,12,HOU,JAX,21.0,24.0,-1.0,-3.0,0.8874626
2023_12_TB_IND,2023,12,IND,TB,27.0,20.0,2.5,7.0,3.4641335
2023_12_NE_NYG,2023,12,NYG,NE,10.0,7.0,-4.5,3.0,4.374596
2023_12_CAR_TEN,2023,12,TEN,CAR,17.0,10.0,3.5,7.0,1.7670649
2023_12_LA_ARI,2023,12,ARI,LA,14.0,37.0,-3.0,-23.0,4.6683707
2023_12_CLE_DEN,2023,12,DEN,CLE,29.0,12.0,1.5,17.0,1.4437735
2023_12_KC_LV,2023,12,LV,KC,17.0,31.0,-9.0,-14.0,6.0181856
2023_12_BUF_PHI,2023,12,PHI,BUF,37.0,34.0,2.5,3.0,6.952949
2023_12_BAL_LAC,2023,12,LAC,BAL,10.0,20.0,-3.0,-10.0,1.5059931
2023_12_CHI_MIN,2023,12,MIN,CHI,10.0,12.0,3.0,-2.0,6.801548
2023_13_SEA_DAL,2023,13,DAL,SEA,41.0,35.0,9.5,6.0,0.84034485
2023_13_DEN_HOU,2023,13,HOU,DEN,22.0,17.0,3.5,5.0,-3.4417546
2023_13_LAC_NE,2023,13,NE,LAC,0.0,6.0,-4.5,-6.0,1.0534911
2023_13_DET_NO,2023,13,NO,DET,28.0,33.0,-4.0,-5.0,-2.7611666
2023_13_ATL_NYJ,2023,13,NYJ,ATL,8.0,13.0,-2.0,-5.0,4.403516
2023_13_ARI_PIT,2023,13,PIT,ARI,10.0,24.0,6.0,-14.0,5.022467
2023_13_IND_TEN,2023,13,TEN,IND,28.0,31.0,-1.5,-3.0,-1.9126844
2023_13_MIA_WAS,2023,13,WAS,MIA,15.0,45.0,-8.5,-30.0,2.3789697
2023_13_CAR_TB,2023,13,TB,CAR,21.0,18.0,4.0,3.0,-0.873075
2023_13_CLE_LA,2023,13,LA,CLE,36.0,19.0,3.5,17.0,-1.3400655
2023_13_SF_PHI,2023,13,PHI,SF,19.0,42.0,-3.0,-23.0,0.61689764
2023_13_KC_GB,2023,13,GB,KC,27.0,19.0,-5.5,8.0,2.7593415
2023_13_CIN_JAX,2023,13,JAX,CIN,31.0,34.0,10.0,-3.0,-0.12149081
2023_14_NE_PIT,2023,14,PIT,NE,18.0,21.0,6.0,-3.0,4.5089674
2023_14_TB_ATL,2023,14,ATL,TB,25.0,29.0,1.5,-4.0,7.140132
2023_14_LA_BAL,2023,14,BAL,LA,37.0,31.0,7.5,6.0,3.9059947
2023_14_DET_CHI,2023,14,CHI,DET,28.0,13.0,-3.0,15.0,-3.7343955
2023_14_IND_CIN,2023,14,CIN,IND,34.0,14.0,3.0,20.0,-2.3817403
2023_14_JAX_CLE,2023,14,CLE,JAX,31.0,27.0,2.5,4.0,-1.176817
2023_14_CAR_NO,2023,14,NO,CAR,28.0,6.0,5.5,22.0,3.5394976
2023_14_HOU_NYJ,2023,14,NYJ,HOU,30.0,6.0,-3.5,24.0,-0.41656962
2023_14_MIN_LV,2023,14,LV,MIN,0.0,3.0,-3.0,-3.0,5.600173
2023_14_SEA_SF,2023,14,SF,SEA,28.0,16.0,14.5,12.0,-1.1301589
2023_14_BUF_KC,2023,14,KC,BUF,17.0,20.0,2.0,-3.0,-2.763508
2023_14_DEN_LAC,2023,14,LAC,DEN,7.0,24.0,3.0,-17.0,3.4620433
2023_14_PHI_DAL,2023,14,DAL,PHI,33.0,13.0,3.5,20.0,4.7360907
2023_14_TEN_MIA,2023,14,MIA,TEN,27.0,28.0,14.0,-1.0,6.6880207
2023_14_GB_NYG,2023,14,NYG,GB,24.0,22.0,-6.0,2.0,6.167651
2023_15_LAC_LV,2023,15,LV,LAC,63.0,21.0,3.0,42.0,6.878087
2023_15_MIN_CIN,2023,15,CIN,MIN,27.0,24.0,3.0,3.0,2.5753694
2023_15_PIT_IND,2023,15,IND,PIT,30.0,13.0,1.5,17.0,-2.6133926
2023_15_DEN_DET,2023,15,DET,DEN,42.0,17.0,5.5,25.0,1.1261826
2023_15_ATL_CAR,2023,15,CAR,ATL,9.0,7.0,-3.0,2.0,0.47840837
2023_15_CHI_CLE,2023,15,CLE,CHI,20.0,17.0,3.0,3.0,3.8314593
2023_15_TB_GB,2023,15,GB,TB,20.0,34.0,4.0,-14.0,-3.722841
2023_15_NYJ_MIA,2023,15,MIA,NYJ,30.0,0.0,7.5,30.0,1.2740408
2023_15_KC_NE,2023,15,NE,KC,17.0,27.0,-10.0,-10.0,1.9099913
2023_15_NYG_NO,2023,15,NO,NYG,24.0,6.0,6.0,18.0,5.0638833
2023_15_HOU_TEN,2023,15,TEN,HOU,16.0,19.0,3.0,-3.0,6.610361
2023_15_SF_ARI,2023,15,ARI,SF,29.0,45.0,-12.5,-16.0,0.92730045
2023_15_WAS_LA,2023,15,LA,WAS,28.0,20.0,6.5,8.0,3.952107
2023_15_DAL_BUF,2023,15,BUF,DAL,31.0,10.0,2.0,21.0,5.230866
2023_15_BAL_JAX,2023,15,JAX,BAL,7.0,23.0,-4.0,-16.0,-0.50769943
2023_15_PHI_SEA,2023,15,SEA,PHI,20.0,17.0,-5.0,3.0,2.9789374
2023_16_NO_LA,2023,16,LA,NO,30.0,22.0,4.0,8.0,1.5316838
2023_16_CIN_PIT,2023,16,PIT,CIN,34.0,11.0,-3.0,23.0,-3.725625
2023_16_BUF_LAC,2023,16,LAC,BUF,22.0,24.0,-13.0,-2.0,11.279973
2023_16_IND_ATL,2023,16,ATL,IND,29.0,10.0,3.0,19.0,-6.311106
2023_16_GB_CAR,2023,16,CAR,GB,30.0,33.0,-3.5,-3.0,-2.1094615
2023_16_CLE_HOU,2023,16,HOU,CLE,22.0,36.0,-3.0,-14.0,-1.866491
2023_16_DET_MIN,2023,16,MIN,DET,24.0,30.0,-2.5,-6.0,-7.9764123
2023_16_WAS_NYJ,2023,16,NYJ,WAS,30.0,28.0,3.0,2.0,-3.1221986
2023_16_SEA_TEN,2023,16,TEN,SEA,17.0,20.0,-3.0,-3.0,3.7940142
2023_16_JAX_TB,2023,16,TB,JAX,30.0,12.0,-2.0,18.0,-6.495419
2023_16_ARI_CHI,2023,16,CHI,ARI,27.0,16.0,4.5,11.0,0.96669006
2023_16_DAL_MIA,2023,16,MIA,DAL,22.0,20.0,1.5,2.0,-10.206666
2023_16_NE_DEN,2023,16,DEN,NE,23.0,26.0,7.0,-3.0,2.1879048
2023_16_LV_KC,2023,16,KC,LV,14.0,20.0,11.0,-6.0,5.0708933
2023_16_NYG_PHI,2023,16,PHI,NYG,33.0,25.0,14.0,8.0,-0.42733705
2023_17_NYJ_CLE,2023,17,CLE,NYJ,37.0,20.0,6.5,17.0,-1.9034629
2023_17_DET_DAL,2023,17,DAL,DET,20.0,19.0,5.5,1.0,1.7561138
2023_17_MIA_BAL,2023,17,BAL,MIA,56.0,19.0,3.0,37.0,3.6382782
2023_17_NE_BUF,2023,17,BUF,NE,27.0,21.0,15.0,6.0,8.986578
2023_17_ATL_CHI,2023,17,CHI,ATL,37.0,17.0,3.0,20.0,3.4464097
2023_17_TEN_HOU,2023,17,HOU,TEN,26.0,3.0,5.0,23.0,9.774517
2023_17_LV_IND,2023,17,IND,LV,23.0,20.0,3.5,3.0,3.0584247
2023_17_CAR_JAX,2023,17,JAX,CAR,26.0,0.0,3.5,26.0,-0.9551169
2023_17_LA_NYG,2023,17,NYG,LA,25.0,26.0,-6.0,-1.0,4.6632557
2023_17_ARI_PHI,2023,17,PHI,ARI,31.0,35.0,12.0,-4.0,6.752825
2023_17_NO_TB,2023,17,TB,NO,13.0,23.0,2.5,-10.0,14.051966
2023_17_SF_WAS,2023,17,WAS,SF,10.0,27.0,-14.0,-17.0,2.0812762
2023_17_PIT_SEA,2023,17,SEA,PIT,23.0,30.0,4.5,-7.0,4.288029
2023_17_LAC_DEN,2023,17,DEN,LAC,16.0,9.0,3.5,7.0,0.44973752
2023_17_CIN_KC,2023,17,KC,CIN,25.0,17.0,7.5,8.0,-2.5015767
2023_17_GB_MIN,2023,17,MIN,GB,10.0,33.0,1.0,-23.0,-0.02149222
2023_18_PIT_BAL,2023,18,BAL,PIT,10.0,17.0,-3.0,-7.0,-2.149093
2023_18_HOU_IND,2023,18,IND,HOU,19.0,23.0,-1.5,-4.0,4.4574847
2023_18_TB_CAR,2023,18,CAR,TB,0.0,9.0,-5.0,-9.0,2.6802373
2023_18_CLE_CIN,2023,18,CIN,CLE,31.0,14.0,7.5,17.0,4.825975
2023_18_MIN_DET,2023,18,DET,MIN,30.0,20.0,3.5,10.0,8.977706
2023_18_NYJ_NE,2023,18,NE,NYJ,3.0,17.0,2.5,-14.0,8.275344
2023_18_ATL_NO,2023,18,NO,ATL,48.0,17.0,3.5,31.0,13.316284
2023_18_JAX_TEN,2023,18,TEN,JAX,28.0,20.0,-3.5,8.0,10.049503
2023_18_SEA_ARI,2023,18,ARI,SEA,20.0,21.0,-2.5,-1.0,-1.3988719
2023_18_CHI_GB,2023,18,GB,CHI,17.0,9.0,2.5,8.0,6.4421253
2023_18_KC_LAC,2023,18,LAC,KC,12.0,13.0,3.5,-1.0,8.373129
2023_18_DEN_LV,2023,18,LV,DEN,27.0,14.0,3.5,13.0,6.7148232
2023_18_PHI_NYG,2023,18,NYG,PHI,27.0,10.0,-4.5,17.0,1.3025014
2023_18_LA_SF,2023,18,SF,LA,20.0,21.0,5.5,-1.0,8.233672
2023_18_DAL_WAS,2023,18,WAS,DAL,10.0,38.0,-13.0,-28.0,8.150229
2023_18_BUF_MIA,2023,18,MIA,BUF,14.0,21.0,-2.5,-7.0,-0.082546294
2023_19_CLE_HOU,2023,19,HOU,CLE,45.0,14.0,-2.5,31.0,2.3735962
2023_19_MIA_KC,2023,19,KC,MIA,26.0,7.0,4.5,19.0,3.1737103
2023_19_GB_DAL,2023,19,DAL,GB,32.0,48.0,7.0,-16.0,-2.8470583
2023_19_LA_DET,2023,19,DET,LA,24.0,23.0,3.5,1.0,0.7268873
2023_19_PIT_BUF,2023,19,BUF,PIT,31.0,17.0,10.0,14.0,4.184501
2023_19_PHI_TB,2023,19,TB,PHI,32.0,9.0,-2.5,23.0,6.1845202
2023_20_HOU_BAL,2023,20,BAL,HOU,34.0,10.0,10.0,24.0,3.7761912
2023_20_GB_SF,2023,20,SF,GB,24.0,21.0,10.5,3.0,2.6035833
2023_20_TB_DET,2023,20,DET,TB,31.0,23.0,6.0,8.0,3.9526448
2023_20_KC_BUF,2023,20,BUF,KC,24.0,27.0,2.5,-3.0,-0.5060222
2023_21_KC_BAL,2023,21,BAL,KC,10.0,17.0,4.5,-7.0,6.1546774
2023_21_DET_SF,2023,21,SF,DET,34.0,31.0,7.5,3.0,3.2778718
2023_22_SF_KC,2023,22,KC,SF,25.0,22.0,-1.5,3.0,-0.7337166
2024_01_BAL_KC,2024,1,KC,BAL,27.0,20.0,3.0,7.0,0.08248804
2024_01_GB_PHI,2024,1,PHI,GB,34.0,29.0,2.0,5.0,1.7603723
2024_01_PIT_ATL,2024,1,ATL,PIT,10.0,18.0,4.0,-8.0,2.4825363
2024_01_ARI_BUF,2024,1,BUF,ARI,34.0,28.0,6.5,6.0,5.3858037
2024_01_TEN_CHI,2024,1,CHI,TEN,24.0,17.0,4.0,7.0,3.7060547
2024_01_NE_CIN,2024,1,CIN,NE,10.0,16.0,8.0,-6.0,3.780726
2024_01_HOU_IND,2024,1,IND,HOU,27.0,29.0,-3.0,-2.0,-2.1962912
2024_01_JAX_MIA,2024,1,MIA,JAX,20.0,17.0,3.5,3.0,9.27471
2024_01_CAR_NO,2024,1,NO,CAR,47.0,10.0,3.5,37.0,8.58779
2024_01_MIN_NYG,2024,1,NYG,MIN,6.0,28.0,-1.0,-22.0,1.1529307
2024_01_LV_LAC,2024,1,LAC,LV,22.0,10.0,3.0,12.0,0.39891818
2024_01_DEN_SEA,2024,1,SEA,DEN,26.0,20.0,6.5,6.0,1.2421407
2024_01_DAL_CLE,2024,1,CLE,DAL,17.0,33.0,2.5,-16.0,3.0696814
2024_01_WAS_TB,2024,1,TB,WAS,37.0,20.0,4.0,17.0,7.4682937
2024_01_LA_DET,2024,1,DET,LA,26.0,20.0,5.0,6.0,-1.1674317
2024_01_NYJ_SF,2024,1,SF,NYJ,32.0,19.0,3.5,13.0,1.7355831
2024_02_BUF_MIA,2024,2,MIA,BUF,10.0,31.0,2.5,-21.0,-1.594583
2024_02_LV_BAL,2024,2,BAL,LV,23.0,26.0,9.0,-3.0,-0.66663176
2024_02_LAC_CAR,2024,2,CAR,LAC,3.0,26.0,-5.0,-23.0,4.00424
2024_02_NO_DAL,2024,2,DAL,NO,19.0,44.0,6.5,-25.0,-3.60486
2024_02_TB_DET,2024,2,DET,TB,16.0,20.0,7.5,-4.0,5.8910403
2024_02_IND_GB,2024,2,GB,IND,16.0,10.0,-3.0,6.0,1.9073672
2024_02_CLE_JAX,2024,2,JAX,CLE,13.0,18.0,3.0,-5.0,-0.043542624
2024_02_SF_MIN,2024,2,MIN,SF,23.0,17.0,-4.5,6.0,-0.8045828
2024_02_SEA_NE,2024,2,NE,SEA,20.0,23.0,-3.5,-3.0,11.289279
2024_02_NYJ_TEN,2024,2,TEN,NYJ,17.0,24.0,-3.5,-7.0,5.375993
2024_02_NYG_WAS,2024,2,WAS,NYG,21.0,18.0,1.5,3.0,-4.277688
2024_02_LA_ARI,2024,2,ARI,LA,41.0,10.0,-1.0,31.0,2.4225578
2024_02_CIN_KC,2024,2,KC,CIN,26.0,25.0,6.5,1.0,-2.4053512
2024_02_CHI_HOU,2024,2,HOU,CHI,19.0,13.0,6.0,6.0,2.888415
2024_02_ATL_PHI,2024,2,PHI,ATL,21.0,22.0,5.5,-1.0,-0.17265506
2024_03_NE_NYJ,2024,3,NYJ,NE,24.0,3.0,6.5,21.0,5.2363987
2024_03_NYG_CLE,2024,3,CLE,NYG,15.0,21.0,6.5,-6.0,-1.8446089
2024_03_CHI_IND,2024,3,IND,CHI,21.0,16.0,1.5,5.0,4.0769215
2024_03_HOU_MIN,2024,3,MIN,HOU,34.0,7.0,-2.0,27.0,1.4728094
2024_03_PHI_NO,2024,3,NO,PHI,12.0,15.0,2.5,-3.0,-0.41038367
2024_03_LAC_PIT,2024,3,PIT,LAC,20.0,10.0,3.0,10.0,5.7841496
2024_03_DEN_TB,2024,3,TB,DEN,7.0,26.0,6.0,-19.0,6.2044187
2024_03_GB_TEN,2024,3,TEN,GB,14.0,30.0,3.0,-16.0,-1.1601602
2024_03_CAR_LV,2024,3,LV,CAR,22.0,36.0,5.5,-14.0,0.6717369
2024_03_MIA_SEA,2024,3,SEA,MIA,24.0,3.0,4.0,21.0,8.389004
2024_03_DET_ARI,2024,3,ARI,DET,13.0,20.0,-3.0,-7.0,5.970392
2024_03_BAL_DAL,2024,3,DAL,BAL,25.0,28.0,-1.5,-3.0,3.6598501
2024_03_SF_LA,2024,3,LA,SF,27.0,24.0,-6.0,3.0,2.3822873
2024_03_KC_ATL,2024,3,ATL,KC,17.0,22.0,-3.0,-5.0,5.946663
2024_03_JAX_BUF,2024,3,BUF,JAX,47.0,10.0,4.0,37.0,5.713404
2024_03_WAS_CIN,2024,3,CIN,WAS,33.0,38.0,7.5,-5.0,-0.8038677
2024_04_DAL_NYG,2024,4,NYG,DAL,15.0,20.0,-5.5,-5.0,-0.8955784
2024_04_NO_ATL,2024,4,ATL,NO,26.0,24.0,2.5,2.0,7.8270745
2024_04_CIN_CAR,2024,4,CAR,CIN,24.0,34.0,-4.5,-10.0,-0.29384625
2024_04_LA_CHI,2024,4,CHI,LA,24.0,18.0,3.0,6.0,4.4804335
2024_04_MIN_GB,2024,4,GB,MIN,29.0,31.0,2.5,-2.0,-2.5449388
2024_04_JAX_HOU,2024,4,HOU,JAX,24.0,20.0,5.5,4.0,9.670129
2024_04_PIT_IND,2024,4,IND,PIT,27.0,24.0,-2.5,3.0,1.699332
2024_04_DEN_NYJ,2024,4,NYJ,DEN,9.0,10.0,7.5,-1.0,5.7848616
2024_04_PHI_TB,2024,4,TB,PHI,33.0,16.0,-1.0,17.0,2.0741043
2024_04_WAS_ARI,2024,4,ARI,WAS,14.0,42.0,3.5,-28.0,-0.7647322
2024_04_NE_SF,2024,4,SF,NE,30.0,13.0,10.5,17.0,-3.879605
2024_04_KC_LAC,2024,4,LAC,KC,10.0,17.0,-7.5,-7.0,11.832692
2024_04_CLE_LV,2024,4,LV,CLE,20.0,16.0,-2.5,4.0,4.733359
2024_04_BUF_BAL,2024,4,BAL,BUF,35.0,10.0,2.5,25.0,1.1013474
2024_04_TEN_MIA,2024,4,MIA,TEN,12.0,31.0,2.5,-19.0,-8.915384
2024_04_SEA_DET,2024,4,DET,SEA,42.0,29.0,3.5,13.0,-7.1920033
2024_05_TB_ATL,2024,5,ATL,TB,36.0,30.0,2.5,6.0,3.681376
2024_05_NYJ_MIN,2024,5,MIN,NYJ,23.0,17.0,2.5,6.0,-0.51530623
2024_05_CAR_CHI,2024,5,CHI,CAR,36.0,10.0,4.0,26.0,1.9538605
2024_05_BAL_CIN,2024,5,CIN,BAL,38.0,41.0,-2.5,-3.0,6.1942596
2024_05_BUF_HOU,2024,5,HOU,BUF,23.0,20.0,1.0,3.0,0.009596072
2024_05_IND_JAX,2024,5,JAX,IND,37.0,34.0,3.5,3.0,2.8699405
2024_05_MIA_NE,2024,5,NE,MIA,10.0,15.0,-2.0,-5.0,-3.7038262
2024_05_CLE_WAS,2024,5,WAS,CLE,34.0,13.0,3.0,21.0,-0.012745985
2024_05_LV_DEN,2024,5,DEN,LV,34.0,18.0,3.0,16.0,2.296868
2024_05_ARI_SF,2024,5,SF,ARI,23.0,24.0,7.0,-1.0,6.2232065
2024_05_GB_LA,2024,5,LA,GB,19.0,24.0,-3.0,-5.0,3.2670028
2024_05_NYG_SEA,2024,5,SEA,NYG,20.0,29.0,7.0,-9.0,-3.15111
2024_05_DAL_PIT,2024,5,PIT,DAL,17.0,20.0,2.5,-3.0,-1.1695306
2024_05_NO_KC,2024,5,KC,NO,26.0,13.0,5.5,13.0,-3.4010773
2024_06_SF_SEA,2024,6,SEA,SF,24.0,36.0,-3.5,-12.0,7.7158504
2024_06_JAX_CHI,2024,6,CHI,JAX,35.0,16.0,-1.5,19.0,0.4940829
2024_06_WAS_BAL,2024,6,BAL,WAS,30.0,23.0,6.5,7.0,3.8989148
2024_06_ARI_GB,2024,6,GB,ARI,34.0,13.0,5.5,21.0,-0.31231305
2024_06_HOU_NE,2024,6,NE,HOU,21.0,41.0,-6.5,-20.0,0.34852377
2024_06_TB_NO,2024,6,NO,TB,27.0,51.0,-3.5,-24.0,2.8790421
2024_06_CLE_PHI,2024,6,PHI,CLE,20.0,16.0,8.0,4.0,-1.4240899
2024_06_IND_TEN,2024,6,TEN,IND,17.0,20.0,2.5,-3.0,2.316068
2024_06_LAC_DEN,2024,6,DEN,LAC,16.0,23.0,-3.0,-7.0,5.397089
2024_06_PIT_LV,2024,6,LV,PIT,13.0,32.0,-3.5,-19.0,0.34406248
2024_06_ATL_CAR,2024,6,CAR,ATL,20.0,38.0,-6.0,-18.0,-3.183828
2024_06_DET_DAL,2024,6,DAL,DET,9.0,47.0,-3.5,-38.0,1.5255741
2024_06_CIN_NYG,2024,6,NYG,CIN,7.0,17.0,-4.5,-10.0,2.1510286
2024_06_BUF_NYJ,2024,6,NYJ,BUF,20.0,23.0,-1.0,-3.0,-2.874741
2024_07_DEN_NO,2024,7,NO,DEN,10.0,33.0,-2.5,-23.0,4.1638656
2024_07_NE_JAX,2024,7,JAX,NE,32.0,16.0,6.5,16.0,-5.3995304
2024_07_SEA_ATL,2024,7,ATL,SEA,14.0,34.0,3.0,-20.0,-0.06187351
2024_07_TEN_BUF,2024,7,BUF,TEN,34.0,10.0,9.5,24.0,6.085584
2024_07_CIN_CLE,2024,7,CLE,CIN,14.0,21.0,-5.5,-7.0,-2.0075955
2024_07_HOU_GB,2024,7,GB,HOU,24.0,22.0,3.0,2.0,-1.4827551
2024_07_MIA_IND,2024,7,IND,MIA,16.0,10.0,3.0,6.0,1.1238099
2024_07_DET_MIN,2024,7,MIN,DET,29.0,31.0,1.0,-2.0,1.4343251
2024_07_PHI_NYG,2024,7,NYG,PHI,3.0,28.0,-3.0,-25.0,7.237089
2024_07_LV_LA,2024,7,LA,LV,20.0,15.0,7.0,5.0,-6.382429
2024_07_CAR_WAS,2024,7,WAS,CAR,40.0,7.0,10.0,33.0,-2.3501315
2024_07_KC_SF,2024,7,SF,KC,18.0,28.0,2.5,-10.0,-3.249962
2024_07_NYJ_PIT,2024,7,PIT,NYJ,37.0,15.0,-3.0,22.0,-8.32846
2024_07_BAL_TB,2024,7,TB,BAL,31.0,41.0,-4.5,-10.0,-0.16967215
2024_07_LAC_ARI,2024,7,ARI,LAC,17.0,15.0,-1.0,2.0,-3.6108935
2024_08_MIN_LA,2024,8,LA,MIN,30.0,20.0,-3.0,10.0,-0.7119643
2024_08_PHI_CIN,2024,8,CIN,PHI,17.0,37.0,2.5,-20.0,-7.4060626
2024_08_BAL_CLE,2024,8,CLE,BAL,29.0,24.0,-7.5,5.0,1.1236272
2024_08_TEN_DET,2024,8,DET,TEN,52.0,14.0,12.5,38.0,1.0256915
2024_08_GB_JAX,2024,8,JAX,GB,27.0,30.0,-3.5,-3.0,2.916404
2024_08_ARI_MIA,2024,8,MIA,ARI,27.0,28.0,4.0,-1.0,2.4568896
2024_08_NYJ_NE,2024,8,NE,NYJ,25.0,22.0,-7.0,3.0,2.206639
2024_08_ATL_TB,2024,8,TB,ATL,26.0,31.0,-1.5,-5.0,0.36923262
2024_08_NO_LAC,2024,8,LAC,NO,26.0,8.0,7.0,18.0,5.5166774
2024_08_BUF_SEA,2024,8,SEA,BUF,10.0,31.0,-3.0,-21.0,-3.3585591
2024_08_CAR_DEN,2024,8,DEN,CAR,28.0,14.0,13.0,14.0,0.63871807
2024_08_KC_LV,2024,8,LV,KC,20.0,27.0,-9.0,-7.0,5.374754
2024_08_CHI_WAS,2024,8,WAS,CHI,18.0,15.0,1.5,3.0,0.015701286
2024_08_DAL_SF,2024,8,SF,DAL,30.0,24.0,5.5,6.0,0.47705093
2024_08_NYG_PIT,2024,8,PIT,NYG,26.0,18.0,6.0,8.0,4.599211
2024_09_HOU_NYJ,2024,9,NYJ,HOU,21.0,13.0,2.5,8.0,3.7557213
2024_09_DAL_ATL,2024,9,ATL,DAL,27.0,21.0,3.0,6.0,-2.617502
2024_09_DEN_BAL,2024,9,BAL,DEN,41.0,10.0,9.0,31.0,4.2564054
2024_09_MIA_BUF,2024,9,BUF,MIA,30.0,27.0,6.5,3.0,4.6761007
2024_09_NO_CAR,2024,9,CAR,NO,23.0,22.0,-7.0,1.0,0.9914086
2024_09_LV_CIN,2024,9,CIN,LV,41.0,24.0,8.0,17.0,4.3381515
2024_09_LAC_CLE,2024,9,CLE,LAC,10.0,27.0,-2.0,-17.0,-3.6642878
2024_09_WAS_NYG,2024,9,NYG,WAS,22.0,27.0,-4.5,-5.0,3.982169
2024_09_NE_TEN,2024,9,TEN,NE,20.0,17.0,3.0,3.0,7.569184
2024_09_CHI_ARI,2024,9,ARI,CHI,29.0,9.0,1.5,20.0,1.066804
2024_09_JAX_PHI,2024,9,PHI,JAX,28.0,23.0,7.5,5.0,1.8698355
2024_09_DET_GB,2024,9,GB,DET,14.0,24.0,-2.5,-10.0,4.3906355
2024_09_LA_SEA,2024,9,SEA,LA,20.0,26.0,-1.5,-6.0,-1.5330564
2024_09_IND_MIN,2024,9,MIN,IND,21.0,13.0,6.5,8.0,6.5066175
2024_09_TB_KC,2024,9,KC,TB,30.0,24.0,9.0,6.0,3.619475
2024_10_CIN_BAL,2024,10,BAL,CIN,35.0,34.0,6.0,1.0,4.223189
2024_10_NYG_CAR,2024,10,CAR,NYG,20.0,17.0,-6.5,3.0,2.9794495
2024_10_NE_CHI,2024,10,CHI,NE,3.0,19.0,6.5,-16.0,1.9835361
2024_10_BUF_IND,2024,10,IND,BUF,20.0,30.0,-4.5,-10.0,5.5311184
2024_10_MIN_JAX,2024,10,JAX,MIN,7.0,12.0,-7.0,-5.0,5.6106176
2024_10_DEN_KC,2024,10,KC,DEN,16.0,14.0,7.5,2.0,1.3305198
2024_10_ATL_NO,2024,10,NO,ATL,20.0,17.0,-3.5,3.0,1.366252
2024_10_SF_TB,2024,10,TB,SF,20.0,23.0,-6.5,-3.0,-0.060407527
2024_10_PIT_WAS,2024,10,WAS,PIT,27.0,28.0,1.5,-1.0,4.4842305
2024_10_TEN_LAC,2024,10,LAC,TEN,27.0,17.0,8.0,10.0,1.861212
2024_10_NYJ_ARI,2024,10,ARI,NYJ,31.0,6.0,-2.0,25.0,0.49629244
2024_10_PHI_DAL,2024,10,DAL,PHI,6.0,34.0,-7.5,-28.0,-1.0487121
2024_10_DET_HOU,2024,10,HOU,DET,23.0,26.0,-4.5,-3.0,-1.1116102
2024_10_MIA_LA,2024,10,LA,MIA,15.0,23.0,2.5,-8.0,1.7776235
2024_11_WAS_PHI,2024,11,PHI,WAS,26.0,18.0,4.5,8.0,2.6039135
2024_11_GB_CHI,2024,11,CHI,GB,19.0,20.0,-6.0,-1.0,-2.3436189
2024_11_JAX_DET,2024,11,DET,JAX,52.0,6.0,14.0,46.0,0.04273497
2024_11_LV_MIA,2024,11,MIA,LV,34.0,19.0,8.0,15.0,-2.3254504
2024_11_LA_NE,2024,11,NE,LA,22.0,28.0,-4.0,-6.0,3.474458
2024_11_CLE_NO,2024,11,NO,CLE,35.0,14.0,-1.0,21.0,-3.8376732
2024_11_IND_NYJ,2024,11,NYJ,IND,27.0,28.0,4.0,-1.0,1.0713254
2024_11_BAL_PIT,2024,11,PIT,BAL,18.0,16.0,-3.0,2.0,3.8102674
2024_11_MIN_TEN,2024,11,TEN,MIN,13.0,23.0,-6.0,-10.0,0.6601548
2024_11_ATL_DEN,2024,11,DEN,ATL,38.0,6.0,2.0,32.0,-5.47202
2024_11_SEA_SF,2024,11,SF,SEA,17.0,20.0,6.0,-3.0,-1.4438676
2024_11_KC_BUF,2024,11,BUF,KC,30.0,21.0,2.5,9.0,-0.11407411
2024_11_CIN_LAC,2024,11,LAC,CIN,34.0,27.0,1.0,7.0,6.1210055
2024_11_HOU_DAL,2024,11,DAL,HOU,10.0,34.0,-7.5,-24.0,-0.96890205
2024_12_PIT_CLE,2024,12,CLE,PIT,24.0,19.0,-3.5,5.0,7.252366
2024_12_KC_CAR,2024,12,CAR,KC,27.0,30.0,-11.0,-3.0,-0.91779786
2024_12_MIN_CHI,2024,12,CHI,MIN,27.0,30.0,-3.0,-3.0,-1.5476607
2024_12_TEN_HOU,2024,12,HOU,TEN,27.0,32.0,8.0,-5.0,1.2477711
2024_12_DET_IND,2024,12,IND,DET,6.0,24.0,-7.0,-18.0,2.7955909
2024_12_NE_MIA,2024,12,MIA,NE,34.0,15.0,7.5,19.0,3.5771234
2024_12_TB_NYG,2024,12,NYG,TB,7.0,30.0,-6.5,-23.0,3.706303
2024_12_DAL_WAS,2024,12,WAS,DAL,26.0,34.0,10.5,-8.0,-1.5549768
2024_12_DEN_LV,2024,12,LV,DEN,19.0,29.0,-6.5,-10.0,4.4942145
2024_12_SF_GB,2024,12,GB,SF,38.0,10.0,6.5,28.0,1.9000453
2024_12_ARI_SEA,2024,12,SEA,ARI,16.0,6.0,-1.0,10.0,0.6026311
2024_12_PHI_LA,2024,12,LA,PHI,20.0,37.0,-3.0,-17.0,1.4501418
2024_12_BAL_LAC,2024,12,LAC,BAL,23.0,30.0,-3.0,-7.0,5.930647
2024_13_CHI_DET,2024,13,DET,CHI,23.0,20.0,9.5,3.0,1.8635633
2024_13_NYG_DAL,2024,13,DAL,NYG,27.0,20.0,4.5,7.0,-3.6696565
2024_13_MIA_GB,2024,13,GB,MIA,30.0,17.0,3.5,13.0,0.08390742
2024_13_LV_KC,2024,13,KC,LV,19.0,17.0,13.5,2.0,1.3465266
2024_13_LAC_ATL,2024,13,ATL,LAC,13.0,17.0,-1.0,-4.0,-2.7465658
2024_13_PIT_CIN,2024,13,CIN,PIT,38.0,44.0,3.0,-6.0,-5.671592
2024_13_HOU_JAX,2024,13,JAX,HOU,20.0,23.0,-3.5,-3.0,0.9558659
2024_13_ARI_MIN,2024,13,MIN,ARI,23.0,22.0,3.5,1.0,-3.097734
2024_13_IND_NE,2024,13,NE,IND,24.0,25.0,-2.5,-1.0,-5.6625476
2024_13_SEA_NYJ,2024,13,NYJ,SEA,21.0,26.0,1.0,-5.0,1.7348902
2024_13_TEN_WAS,2024,13,WAS,TEN,42.0,19.0,6.0,23.0,0.5642944
2024_13_TB_CAR,2024,13,CAR,TB,23.0,26.0,-6.5,-3.0,1.1667113
2024_13_LA_NO,2024,13,NO,LA,14.0,21.0,-2.5,-7.0,2.0955074
2024_13_PHI_BAL,2024,13,BAL,PHI,19.0,24.0,3.0,-5.0,-4.7761307
2024_13_SF_BUF,2024,13,BUF,SF,35.0,10.0,6.5,25.0,2.3561473
2024_13_CLE_DEN,2024,13,DEN,CLE,41.0,32.0,6.5,9.0,5.992116
2024_14_GB_DET,2024,14,DET,GB,34.0,31.0,3.0,3.0,-2.7289004
2024_14_NYJ_MIA,2024,14,MIA,NYJ,32.0,26.0,6.5,6.0,-0.7058923
2024_14_ATL_MIN,2024,14,MIN,ATL,42.0,21.0,6.0,21.0,4.58302
2024_14_NO_NYG,2024,14,NYG,NO,11.0,14.0,-5.5,-3.0,3.7635198
2024_14_CAR_PHI,2024,14,PHI,CAR,22.0,16.0,14.0,6.0,-2.7285638
2024_14_LV_TB,2024,14,TB,LV,28.0,13.0,7.0,15.0,2.913665
2024_14_JAX_TEN,2024,14,TEN,JAX,6.0,10.0,3.0,-4.0,2.0673265
2024_14_SEA_ARI,2024,14,ARI,SEA,18.0,30.0,3.0,-12.0,3.7584465
2024_14_BUF_LA,2024,14,LA,BUF,44.0,42.0,-3.5,2.0,0.026549447
2024_14_CHI_SF,2024,14,SF,CHI,38.0,13.0,3.0,25.0,-1.1542729
2024_14_LAC_KC,2024,14,KC,LAC,19.0,17.0,5.0,2.0,-1.7832983
2024_14_CIN_DAL,2024,14,DAL,CIN,20.0,27.0,-5.0,-7.0,7.047941
2024_15_LA_SF,2024,15,SF,LA,6.0,12.0,3.0,-6.0,2.2843294
2024_15_DAL_CAR,2024,15,CAR,DAL,14.0,30.0,2.5,-16.0,-8.825014
2024_15_KC_CLE,2024,15,CLE,KC,7.0,21.0,-4.5,-14.0,3.4567556
2024_15_MIA_HOU,2024,15,HOU,MIA,20.0,12.0,2.5,8.0,4.2013655
2024_15_NYJ_JAX,2024,15,JAX,NYJ,25.0,32.0,-3.5,-7.0,8.119003
2024_15_WAS_NO,2024,15,NO,WAS,19.0,20.0,-7.5,-1.0,-0.16413015
2024_15_BAL_NYG,2024,15,NYG,BAL,14.0,35.0,-16.5,-21.0,-9.039069
2024_15_CIN_TEN,2024,15,TEN,CIN,27.0,37.0,-6.0,-10.0,0.8896919
2024_15_NE_ARI,2024,15,ARI,NE,30.0,17.0,6.0,13.0,5.076263
2024_15_IND_DEN,2024,15,DEN,IND,31.0,13.0,4.5,18.0,2.443783
2024_15_BUF_DET,2024,15,DET,BUF,42.0,48.0,2.5,-6.0,2.6145186
2024_15_TB_LAC,2024,15,LAC,TB,17.0,40.0,3.0,-23.0,5.295287
2024_15_PIT_PHI,2024,15,PHI,PIT,27.0,13.0,5.5,14.0,3.1132257
2024_15_GB_SEA,2024,15,SEA,GB,13.0,30.0,-3.0,-17.0,-2.8946075
2024_15_CHI_MIN,2024,15,MIN,CHI,30.0,12.0,7.0,18.0,0.11879279
2024_15_ATL_LV,2024,15,LV,ATL,9.0,15.0,-6.5,-6.0,-0.79362184
2024_16_DEN_LAC,2024,16,LAC,DEN,34.0,27.0,3.0,7.0,5.7767015
2024_16_HOU_KC,2024,16,KC,HOU,27.0,19.0,3.5,8.0,1.2072834
2024_16_PIT_BAL,2024,16,BAL,PIT,34.0,17.0,7.0,17.0,1.2656294
2024_16_NYG_ATL,2024,16,ATL,NYG,34.0,7.0,9.5,27.0,-0.48373386
2024_16_ARI_CAR,2024,16,CAR,ARI,36.0,30.0,-5.5,6.0,-2.5979393
2024_16_DET_CHI,2024,16,CHI,DET,17.0,34.0,-7.0,-17.0,0.8132909
2024_16_CLE_CIN,2024,16,CIN,CLE,24.0,6.0,10.0,18.0,3.1528583
2024_16_TEN_IND,2024,16,IND,TEN,38.0,30.0,4.0,8.0,-2.6473525
2024_16_LA_NYJ,2024,16,NYJ,LA,9.0,19.0,-3.0,-10.0,-0.79348403
2024_16_PHI_WAS,2024,16,WAS,PHI,36.0,33.0,-4.0,3.0,-1.8789319
2024_16_MIN_SEA,2024,16,SEA,MIN,24.0,27.0,-2.5,-3.0,-2.1765332
2024_16_NE_BUF,2024,16,BUF,NE,24.0,21.0,14.0,3.0,3.2004778
2024_16_JAX_LV,2024,16,LV,JAX,19.0,14.0,2.5,5.0,0.054207854
2024_16_SF_MIA,2024,16,MIA,SF,29.0,17.0,-2.0,12.0,-0.52582514
2024_16_TB_DAL,2024,16,DAL,TB,26.0,24.0,-4.5,2.0,-0.90033686
2024_16_NO_GB,2024,16,GB,NO,34.0,0.0,14.0,34.0,-2.4875104
2024_17_KC_PIT,2024,17,PIT,KC,10.0,29.0,-3.0,-19.0,0.69811183
2024_17_BAL_HOU,2024,17,HOU,BAL,2.0,31.0,-5.5,-29.0,8.816967
2024_17_SEA_CHI,2024,17,CHI,SEA,3.0,6.0,-3.5,-3.0,-1.558452
2024_17_LAC_NE,2024,17,NE,LAC,7.0,40.0,-6.0,-33.0,-3.8039088
2024_17_DEN_CIN,2024,17,CIN,DEN,30.0,24.0,3.5,6.0,0.51919615
2024_17_ARI_LA,2024,17,LA,ARI,13.0,9.0,6.5,4.0,-3.5736816
2024_17_NYJ_BUF,2024,17,BUF,NYJ,40.0,14.0,10.0,26.0,-0.22773233
2024_17_TEN_JAX,2024,17,JAX,TEN,20.0,13.0,-1.0,7.0,-0.7827529
2024_17_LV_NO,2024,17,NO,LV,10.0,25.0,-2.0,-15.0,-7.2573633
2024_17_IND_NYG,2024,17,NYG,IND,45.0,33.0,-7.5,12.0,-3.2408245
2024_17_DAL_PHI,2024,17,PHI,DAL,41.0,7.0,7.5,34.0,-0.3718281
2024_17_CAR_TB,2024,17,TB,CAR,48.0,14.0,9.5,34.0,7.159615
2024_17_MIA_CLE,2024,17,CLE,MIA,3.0,20.0,-3.0,-17.0,1.8321332
2024_17_GB_MIN,2024,17,MIN,GB,27.0,25.0,-1.0,2.0,-6.0490365
2024_17_ATL_WAS,2024,17,WAS,ATL,30.0,24.0,3.5,6.0,-2.0256228
2024_17_DET_SF,2024,17,SF,DET,34.0,40.0,-4.0,-6.0,1.2043881
2024_18_CLE_BAL,2024,18,BAL,CLE,35.0,10.0,19.5,25.0,8.701347
2024_18_CIN_PIT,2024,18,PIT,CIN,17.0,19.0,-2.5,-2.0,8.658615
2024_18_CAR_ATL,2024,18,ATL,CAR,38.0,44.0,7.5,-6.0,-1.4249476
2024_18_WAS_DAL,2024,18,DAL,WAS,19.0,23.0,-7.0,-4.0,5.9059353
2024_18_CHI_GB,2024,18,GB,CHI,22.0,24.0,10.0,-2.0,0.020251378
2024_18_JAX_IND,2024,18,IND,JAX,26.0,23.0,3.5,3.0,-3.979172
2024_18_BUF_NE,2024,18,NE,BUF,23.0,16.0,-3.0,7.0,0.35626373
2024_18_NYG_PHI,2024,18,PHI,NYG,20.0,13.0,3.0,7.0,2.2756789
2024_18_NO_TB,2024,18,TB,NO,27.0,19.0,14.5,8.0,-1.5160319
2024_18_HOU_TEN,2024,18,TEN,HOU,14.0,23.0,2.5,-9.0,4.5454154
2024_18_SF_ARI,2024,18,ARI,SF,47.0,24.0,4.5,23.0,5.418866
2024_18_KC_DEN,2024,18,DEN,KC,38.0,0.0,10.5,38.0,0.7143628
2024_18_SEA_LA,2024,18,LA,SEA,25.0,30.0,-7.5,-5.0,-0.24434544
2024_18_LAC_LV,2024,18,LV,LAC,20.0,34.0,-7.0,-14.0,-0.2715705
2024_18_MIA_NYJ,2024,18,NYJ,MIA,32.0,20.0,1.5,12.0,-0.6514938
2024_18_MIN_DET,2024,18,DET,MIN,31.0,9.0,3.0,22.0,-1.6321772
2024_19_LAC_HOU,2024,19,HOU,LAC,32.0,12.0,-3.0,20.0,0.63250095
2024_19_PIT_BAL,2024,19,BAL,PIT,28.0,14.0,9.5,14.0,4.364177
2024_19_DEN_BUF,2024,19,BUF,DEN,31.0,7.0,7.5,24.0,1.5711911
2024_19_GB_PHI,2024,19,PHI,GB,22.0,10.0,5.5,12.0,4.772429
2024_19_WAS_TB,2024,19,TB,WAS,20.0,23.0,3.0,-3.0,5.852332
2024_19_MIN_LA,2024,19,LA,MIN,27.0,9.0,-2.5,18.0,-2.0382133
2024_20_HOU_KC,2024,20,KC,HOU,23.0,14.0,9.5,9.0,2.556238
2024_20_WAS_DET,2024,20,DET,WAS,31.0,45.0,8.5,-14.0,-5.122106
2024_20_LA_PHI,2024,20,PHI,LA,28.0,22.0,7.0,6.0,1.6420152
2024_20_BAL_BUF,2024,20,BUF,BAL,27.0,25.0,-1.5,2.0,2.2618117
2024_21_WAS_PHI,2024,21,PHI,WAS,55.0,23.0,6.0,32.0,2.0513043
2024_21_BUF_KC,2024,21,KC,BUF,32.0,29.0,1.5,3.0,3.5711486
2024_22_KC_PHI,2024,22,PHI,KC,40.0,22.0,-1.5,18.0,-0.072420865
