game_id,season,week,home_team,away_team,home_actual_off_rush_yards,home_actual_off_rec_yards,away_actual_off_rush_yards,away_actual_off_rec_yards,pred_home_actual_off_rush_yards,pred_home_actual_off_rec_yards,pred_away_actual_off_rush_yards,pred_away_actual_off_rec_yards
2018_01_ATL_PHI,2018,1,PHI,ATL,116.0,132.0,66.0,251.0,78.5038,260.6426,52.472347,253.71353
2018_01_BUF_BAL,2018,1,BAL,BUF,37.0,236.0,58.0,38.0,93.417656,232.5839,87.140434,205.46626
2018_01_PIT_CLE,2018,1,CLE,PIT,107.0,193.0,126.0,335.0,88.11191,256.22842,91.77604,244.45102
2018_01_CIN_IND,2018,1,IND,CIN,68.0,310.0,93.0,243.0,77.17405,267.1443,94.06479,211.41068
2018_01_TEN_MIA,2018,1,MIA,TEN,125.0,230.0,109.0,177.0,68.493706,241.99744,85.81649,218.03056
2018_01_SF_MIN,2018,1,MIN,SF,70.0,244.0,84.0,261.0,69.7654,285.80203,96.893,190.41585
2018_01_HOU_NE,2018,1,NE,HOU,98.0,257.0,125.0,140.0,84.677124,239.50227,113.31784,172.55423
2018_01_TB_NO,2018,1,NO,TB,42.0,319.0,64.0,335.0,95.70485,273.70526,83.853264,180.23299
2018_01_JAX_NYG,2018,1,NYG,JAX,112.0,224.0,136.0,176.0,75.86586,262.46762,68.82564,221.71977
2018_01_KC_LAC,2018,1,LAC,KC,107.0,208.0,105.0,254.0,90.52743,241.50252,73.373566,176.68268
2018_01_WAS_ARI,2018,1,ARI,WAS,39.0,78.0,158.0,186.0,87.241516,203.103,88.09005,184.5638
2018_01_DAL_CAR,2018,1,CAR,DAL,152.0,161.0,46.0,148.0,74.426216,289.06323,97.858,217.8584
2018_01_SEA_DEN,2018,1,DEN,SEA,146.0,329.0,59.0,298.0,65.95712,191.83359,121.16142,239.79971
2018_01_CHI_GB,2018,1,GB,CHI,54.0,284.0,109.0,171.0,81.57943,241.46982,122.26461,247.2856
2018_01_NYJ_DET,2018,1,DET,NYJ,28.0,246.0,153.0,175.0,78.31763,260.28958,80.73415,244.91068
2018_02_BAL_CIN,2018,2,CIN,BAL,101.0,265.0,64.0,328.0,92.34418,241.73769,70.98975,199.68277
2018_02_CAR_ATL,2018,2,ATL,CAR,155.0,256.0,93.0,186.0,67.76845,227.87436,87.689445,205.38382
2018_02_LAC_BUF,2018,2,BUF,LAC,56.0,173.0,102.0,195.0,91.23115,221.7592,77.008194,218.01651
2018_02_MIN_GB,2018,2,GB,MIN,87.0,281.0,63.0,425.0,83.967926,246.8955,87.85755,214.13097
2018_02_CLE_NO,2018,2,NO,CLE,65.0,243.0,82.0,246.0,90.4608,225.71805,75.638794,209.64607
2018_02_MIA_NYJ,2018,2,NYJ,MIA,41.0,334.0,114.0,168.0,62.964676,265.2579,88.49737,248.86464
2018_02_KC_PIT,2018,2,PIT,KC,24.0,388.0,80.0,309.0,77.030266,214.11089,88.481186,241.83372
2018_02_PHI_TB,2018,2,TB,PHI,44.0,368.0,87.0,278.0,75.976364,248.16759,65.11361,202.78055
2018_02_HOU_TEN,2018,2,TEN,HOU,100.0,191.0,104.0,310.0,77.088524,252.629,80.95417,213.13118
2018_02_IND_WAS,2018,2,WAS,IND,54.0,241.0,83.0,173.0,84.840645,246.8128,83.93376,207.55074
2018_02_ARI_LA,2018,2,LA,ARI,54.0,300.0,40.0,58.0,88.57081,268.02826,84.127655,235.35698
2018_02_DET_SF,2018,2,SF,DET,167.0,187.0,90.0,265.0,86.01418,278.2943,94.79032,252.75995
2018_02_NE_JAX,2018,2,JAX,NE,66.0,286.0,58.0,165.0,78.31169,257.50644,73.653366,214.25526
2018_02_NYG_DAL,2018,2,DAL,NYG,96.0,160.0,33.0,170.0,81.946434,272.91055,85.80224,216.49101
2018_02_SEA_CHI,2018,2,CHI,SEA,62.0,195.0,53.0,123.0,90.62283,231.131,68.69882,229.45386
2018_03_NYJ_CLE,2018,3,CLE,NYJ,105.0,220.0,107.0,169.0,102.96966,179.32648,101.0892,175.87256
2018_03_NO_ATL,2018,3,ATL,NO,36.0,374.0,137.0,396.0,86.96456,263.71484,65.17979,175.58943
2018_03_DEN_BAL,2018,3,BAL,DEN,62.0,280.0,108.0,192.0,65.755684,270.96637,62.449818,252.00226
2018_03_CIN_CAR,2018,3,CAR,CIN,202.0,150.0,66.0,317.0,90.655396,248.30057,90.33725,215.13086
2018_03_NYG_HOU,2018,3,HOU,NYG,23.0,300.0,115.0,297.0,69.89432,267.09778,100.964005,207.30455
2018_03_SF_KC,2018,3,KC,SF,50.0,314.0,155.0,251.0,100.26423,231.72983,101.67914,193.18758
2018_03_BUF_MIN,2018,3,MIN,BUF,12.0,96.0,82.0,196.0,84.41319,314.66904,65.82695,270.3213
2018_03_IND_PHI,2018,3,PHI,IND,144.0,247.0,35.0,164.0,92.519005,223.35052,103.12947,208.00735
2018_03_GB_WAS,2018,3,WAS,GB,119.0,220.0,90.0,260.0,77.73182,246.33751,65.44271,200.88962
2018_03_LAC_LA,2018,3,LA,LAC,104.0,354.0,141.0,220.0,92.86922,300.02966,96.25107,205.63353
2018_03_CHI_ARI,2018,3,ARI,CHI,41.0,193.0,114.0,220.0,99.641785,241.47563,82.6401,244.23207
2018_03_DAL_SEA,2018,3,SEA,DAL,78.0,184.0,96.0,89.0,80.94316,220.48085,83.10628,234.93709
2018_03_NE_DET,2018,3,DET,NE,128.0,242.0,40.0,93.0,89.96542,263.89517,92.58792,265.79324
2018_03_PIT_TB,2018,3,TB,PIT,36.0,383.0,81.0,353.0,87.45243,245.95146,107.44225,163.82141
2018_04_MIN_LA,2018,4,LA,MIN,84.0,468.0,30.0,422.0,62.048065,282.9848,93.39228,249.07375
2018_04_CIN_ATL,2018,4,ATL,CIN,92.0,419.0,86.0,337.0,79.76346,242.60197,98.91027,250.15402
2018_04_TB_CHI,2018,4,CHI,TB,102.0,320.0,32.0,207.0,97.46183,183.96672,71.59463,217.57025
2018_04_DET_DAL,2018,4,DAL,DET,182.0,255.0,93.0,307.0,104.033,221.23175,86.20853,271.46503
2018_04_BUF_GB,2018,4,GB,BUF,91.0,229.0,45.0,87.0,96.20109,206.67877,88.06163,235.74895
2018_04_HOU_IND,2018,4,IND,HOU,30.0,464.0,95.0,375.0,92.36404,187.12038,84.56513,200.82321
2018_04_NYJ_JAX,2018,4,JAX,NYJ,67.0,308.0,19.0,96.0,98.441185,191.54134,65.5957,245.54396
2018_04_MIA_NE,2018,4,NE,MIA,157.0,233.0,15.0,99.0,112.33297,233.20123,64.52262,224.66304
2018_04_PHI_TEN,2018,4,TEN,PHI,45.0,344.0,109.0,348.0,88.626205,236.59029,67.910645,237.74875
2018_04_SEA_ARI,2018,4,ARI,SEA,79.0,180.0,160.0,172.0,95.34835,225.34657,74.65575,246.47891
2018_04_SF_LAC,2018,4,LAC,SF,130.0,250.0,59.0,298.0,83.96994,225.15752,80.44065,254.38083
2018_04_NO_NYG,2018,4,NYG,NO,58.0,153.0,103.0,216.0,103.49368,299.16577,56.77154,233.5976
2018_04_BAL_PIT,2018,4,PIT,BAL,20.0,265.0,85.0,363.0,114.53947,206.27823,85.35356,259.1642
2018_04_KC_DEN,2018,4,DEN,KC,159.0,245.0,135.0,304.0,91.25303,212.59096,81.284225,228.03992
2018_05_IND_NE,2018,5,NE,IND,59.0,341.0,77.0,231.0,58.877663,228.1069,106.63873,223.75914
2018_05_TEN_BUF,2018,5,BUF,TEN,123.0,82.0,90.0,129.0,99.47639,237.78192,101.67631,228.54655
2018_05_NYG_CAR,2018,5,CAR,NYG,107.0,237.0,50.0,383.0,89.97522,204.34544,100.52353,207.4877
2018_05_MIA_CIN,2018,5,CIN,MIA,92.0,248.0,103.0,152.0,103.80681,245.85721,72.14316,234.25624
2018_05_BAL_CLE,2018,5,CLE,BAL,89.0,342.0,105.0,298.0,98.257835,224.34338,75.16181,298.97656
2018_05_GB_DET,2018,5,DET,GB,88.0,169.0,73.0,308.0,87.28993,213.0551,104.18333,199.30519
2018_05_JAX_KC,2018,5,KC,JAX,77.0,306.0,67.0,230.0,60.839554,218.86775,83.31586,228.81186
2018_05_DEN_NYJ,2018,5,NYJ,DEN,241.0,178.0,62.0,186.0,77.57029,227.10805,84.09275,248.81424
2018_05_ATL_PIT,2018,5,PIT,ATL,118.0,188.0,47.0,207.0,94.69425,217.7935,67.74308,223.70241
2018_05_MIN_PHI,2018,5,PHI,MIN,60.0,262.0,76.0,301.0,77.204254,222.60864,80.1754,235.94525
2018_05_LA_SEA,2018,5,SEA,LA,190.0,198.0,142.0,321.0,65.67004,227.81161,95.95245,235.64627
2018_05_ARI_SF,2018,5,SF,ARI,128.0,286.0,33.0,170.0,100.677284,237.50458,75.29692,202.7513
2018_05_DAL_HOU,2018,5,HOU,DAL,47.0,375.0,86.0,208.0,89.56174,213.82205,103.0082,262.6291
2018_05_WAS_NO,2018,5,NO,WAS,56.0,337.0,41.0,198.0,69.18923,243.52791,70.63215,272.4502
2018_06_PHI_NYG,2018,6,NYG,PHI,125.0,186.0,79.0,265.0,86.08869,212.44286,93.99399,216.88438
2018_06_TB_ATL,2018,6,ATL,TB,57.0,355.0,107.0,395.0,85.333786,221.58376,73.23683,280.8134
2018_06_PIT_CIN,2018,6,CIN,PIT,62.0,216.0,113.0,369.0,66.75717,199.65674,107.321785,226.48709
2018_06_LAC_CLE,2018,6,CLE,LAC,59.0,183.0,190.0,207.0,93.66158,242.88982,63.969543,221.338
2018_06_BUF_HOU,2018,6,HOU,BUF,72.0,177.0,78.0,132.0,100.511536,235.77249,86.75385,233.98439
2018_06_CHI_MIA,2018,6,MIA,CHI,155.0,380.0,153.0,316.0,70.19255,217.48203,100.62571,223.41966
2018_06_ARI_MIN,2018,6,MIN,ARI,147.0,224.0,48.0,169.0,98.2477,225.48656,81.300995,222.67152
2018_06_IND_NYJ,2018,6,NYJ,IND,86.0,276.0,118.0,234.0,53.041725,248.4727,97.34416,245.34085
2018_06_CAR_WAS,2018,6,WAS,CAR,123.0,163.0,61.0,275.0,71.81815,251.56186,117.831696,223.3089
2018_06_LA_DEN,2018,6,DEN,LA,49.0,278.0,253.0,201.0,99.67584,210.74208,64.870575,223.30125
2018_06_JAX_DAL,2018,6,DAL,JAX,111.0,177.0,44.0,125.0,65.996506,226.81927,105.27417,206.43292
2018_06_BAL_TEN,2018,6,TEN,BAL,24.0,110.0,88.0,201.0,116.70921,243.1962,87.070244,249.80994
2018_06_KC_NE,2018,6,NE,KC,170.0,340.0,88.0,352.0,66.450745,220.3161,67.29429,209.35866
2018_06_SF_GB,2018,6,GB,SF,82.0,425.0,153.0,245.0,94.813774,241.43983,71.59263,246.11444
2018_07_DEN_ARI,2018,7,ARI,DEN,42.0,107.0,120.0,189.0,95.943085,206.22955,62.566555,202.71611
2018_07_NE_CHI,2018,7,CHI,NE,48.0,212.0,87.0,277.0,100.44453,253.31186,93.32658,197.75417
2018_07_BUF_IND,2018,7,IND,BUF,139.0,147.0,94.0,124.0,85.54228,208.62912,74.41102,248.07744
2018_07_HOU_JAX,2018,7,JAX,HOU,34.0,160.0,105.0,128.0,84.37558,183.20308,68.34663,187.91348
2018_07_DET_MIA,2018,7,MIA,DET,104.0,130.0,234.0,197.0,80.20114,207.41496,61.998318,211.34167
2018_07_MIN_NYJ,2018,7,NYJ,MIN,48.0,86.0,85.0,215.0,91.15185,246.85364,88.39065,224.01138
2018_07_CAR_PHI,2018,7,PHI,CAR,58.0,281.0,73.0,199.0,80.48201,224.6582,67.384254,239.71466
2018_07_CLE_TB,2018,7,TB,CLE,58.0,365.0,76.0,215.0,79.01075,216.13516,81.1031,209.20177
2018_07_NO_BAL,2018,7,BAL,NO,77.0,284.0,135.0,212.0,78.39152,222.2485,114.603065,229.01396
2018_07_LA_SF,2018,7,SF,LA,82.0,147.0,111.0,188.0,100.0658,214.5714,124.43301,191.99283
2018_07_DAL_WAS,2018,7,WAS,DAL,114.0,178.0,40.0,250.0,92.12463,240.83936,55.898037,226.70744
2018_07_CIN_KC,2018,7,KC,CIN,74.0,320.0,50.0,141.0,77.5811,265.63434,79.14695,200.78044
2018_07_TEN_LAC,2018,7,LAC,TEN,48.0,306.0,136.0,237.0,74.87351,227.9321,108.18183,211.59378
2018_07_NYG_ATL,2018,7,ATL,NYG,67.0,333.0,39.0,307.0,76.66838,246.26492,108.384285,220.09645
2018_08_MIA_HOU,2018,8,HOU,MIA,144.0,214.0,107.0,204.0,86.65465,181.89157,84.20302,205.19225
2018_08_BAL_CAR,2018,8,CAR,BAL,78.0,190.0,70.0,192.0,72.987656,211.7805,108.83332,228.11534
2018_08_NYJ_CHI,2018,8,CHI,NYJ,129.0,207.0,39.0,117.0,119.58315,226.14316,92.84934,231.04396
2018_08_TB_CIN,2018,8,CIN,TB,116.0,258.0,84.0,388.0,108.510574,197.92845,83.0371,227.76622
2018_08_SEA_DET,2018,8,DET,SEA,28.0,179.0,134.0,203.0,87.63663,215.63536,91.69776,257.98785
2018_08_DEN_KC,2018,8,KC,DEN,36.0,303.0,172.0,232.0,82.42729,195.7872,91.47776,199.19395
2018_08_WAS_NYG,2018,8,NYG,WAS,37.0,227.0,180.0,178.0,103.109505,199.688,96.79451,210.17107
2018_08_CLE_PIT,2018,8,PIT,CLE,100.0,254.0,53.0,98.0,90.301636,257.7423,71.943565,224.10472
2018_08_SF_ARI,2018,8,ARI,SF,76.0,252.0,103.0,190.0,100.722046,165.4471,111.30554,204.30779
2018_08_GB_LA,2018,8,LA,GB,109.0,307.0,101.0,286.0,86.94358,153.8905,100.01087,200.03946
2018_08_NO_MIN,2018,8,MIN,NO,82.0,237.0,67.0,146.0,90.08136,206.80197,70.548454,199.96143
2018_08_PHI_JAX,2018,8,JAX,PHI,36.0,286.0,105.0,286.0,111.63422,229.45595,74.979164,207.03413
2018_08_NE_BUF,2018,8,BUF,NE,47.0,197.0,63.0,324.0,98.58346,245.76228,97.05189,206.64471
2018_09_PIT_BAL,2018,9,BAL,PIT,61.0,215.0,111.0,285.0,80.734344,251.8894,82.84822,180.09889
2018_09_CHI_BUF,2018,9,BUF,CHI,17.0,129.0,61.0,133.0,97.878685,248.01498,74.85382,259.52466
2018_09_KC_CLE,2018,9,CLE,KC,85.0,235.0,87.0,325.0,114.21944,265.6442,101.71511,198.32086
2018_09_NYJ_MIA,2018,9,MIA,NYJ,61.0,137.0,80.0,229.0,106.37767,259.93008,83.269165,206.71269
2018_09_DET_MIN,2018,9,MIN,DET,121.0,154.0,60.0,116.0,67.18808,202.99919,80.21455,258.38876
2018_09_ATL_WAS,2018,9,WAS,ATL,37.0,266.0,113.0,275.0,75.38947,266.9572,132.40685,259.91953
2018_09_HOU_DEN,2018,9,DEN,HOU,75.0,290.0,60.0,213.0,59.840466,264.5781,123.66707,257.78528
2018_09_LAC_SEA,2018,9,SEA,LAC,106.0,186.0,157.0,228.0,79.44002,257.82925,111.926895,207.16231
2018_09_LA_NO,2018,9,NO,LA,105.0,346.0,75.0,391.0,97.98022,254.45343,95.39852,229.14915
2018_09_GB_NE,2018,9,NE,GB,110.0,316.0,108.0,244.0,83.996216,195.79398,82.410446,221.56902
2018_09_TEN_DAL,2018,9,DAL,TEN,61.0,182.0,105.0,240.0,74.032875,276.0255,115.72408,282.872
2018_10_CAR_PIT,2018,10,PIT,CAR,89.0,322.0,79.0,161.0,97.297485,151.0427,103.657776,177.0274
2018_10_DET_CHI,2018,10,CHI,DET,32.0,332.0,55.0,150.0,87.90796,259.0173,74.05121,231.34564
2018_10_NO_CIN,2018,10,CIN,NO,55.0,137.0,191.0,265.0,93.08523,233.57863,95.71614,187.4791
2018_10_ATL_CLE,2018,10,CLE,ATL,184.0,202.0,56.0,193.0,94.56749,297.12555,107.06113,268.61066
2018_10_JAX_IND,2018,10,IND,JAX,85.0,285.0,83.0,324.0,74.42558,256.34793,92.38805,251.81857
2018_10_ARI_KC,2018,10,KC,ARI,102.0,249.0,76.0,148.0,106.245384,244.08957,83.04086,231.50159
2018_10_BUF_NYJ,2018,10,NYJ,BUF,61.0,107.0,162.0,247.0,101.88288,181.94463,58.72097,205.91275
2018_10_WAS_TB,2018,10,TB,WAS,70.0,360.0,49.0,178.0,95.68546,196.33846,100.16813,195.97923
2018_10_NE_TEN,2018,10,TEN,NE,106.0,221.0,25.0,222.0,67.03476,203.16183,81.460205,186.0044
2018_10_MIA_GB,2018,10,GB,MIA,132.0,161.0,122.0,178.0,95.29818,213.00697,89.55792,179.62692
2018_10_SEA_LA,2018,10,LA,SEA,146.0,310.0,211.0,123.0,110.77058,191.34007,112.92826,187.97694
2018_10_DAL_PHI,2018,10,PHI,DAL,66.0,346.0,167.0,274.0,112.71949,234.24629,90.54336,182.96397
2018_10_NYG_SF,2018,10,SF,NYG,124.0,250.0,97.0,188.0,72.05438,188.50687,105.77876,200.813
2018_11_GB_SEA,2018,11,SEA,GB,164.0,225.0,45.0,332.0,99.6894,173.60344,75.56879,213.82495
2018_11_DAL_ATL,2018,11,ATL,DAL,80.0,291.0,132.0,208.0,89.82616,227.92233,99.14644,215.06328
2018_11_CIN_BAL,2018,11,BAL,CIN,263.0,150.0,19.0,211.0,89.06716,234.0329,100.22436,191.3732
2018_11_CAR_DET,2018,11,DET,CAR,88.0,220.0,54.0,357.0,83.71729,265.09106,125.2474,240.971
2018_11_TEN_IND,2018,11,IND,TEN,72.0,274.0,26.0,141.0,80.35695,203.94572,74.98359,194.63293
2018_11_PIT_JAX,2018,11,JAX,PIT,163.0,104.0,26.0,314.0,100.814255,225.44467,76.298065,225.43106
2018_11_TB_NYG,2018,11,NYG,TB,164.0,231.0,100.0,277.0,94.18412,209.21327,51.363853,263.5103
2018_11_HOU_WAS,2018,11,WAS,HOU,71.0,189.0,132.0,208.0,88.13365,228.01852,100.447624,249.72414
2018_11_DEN_LAC,2018,11,LAC,DEN,95.0,401.0,108.0,217.0,82.46263,206.39621,89.823074,247.82318
2018_11_PHI_NO,2018,11,NO,PHI,151.0,325.0,43.0,112.0,82.25422,190.25984,99.11815,219.95888
2018_11_MIN_CHI,2018,11,CHI,MIN,106.0,165.0,16.0,132.0,81.617645,201.63472,85.629295,241.8378
2018_11_KC_LA,2018,11,LA,KC,70.0,413.0,76.0,478.0,81.940094,225.85051,80.86624,235.28018
2018_12_CHI_DET,2018,12,DET,CHI,111.0,236.0,26.0,238.0,106.21249,195.98442,88.71232,220.97044
2018_12_WAS_DAL,2018,12,DAL,WAS,116.0,285.0,43.0,223.0,103.8397,220.94911,109.509094,247.10522
2018_12_ATL_NO,2018,12,NO,ATL,129.0,161.0,10.0,247.0,68.96867,192.57283,93.56748,193.10368
2018_12_JAX_BUF,2018,12,BUF,JAX,84.0,160.0,187.0,79.0,92.62967,188.13521,84.56132,219.85994
2018_12_SEA_CAR,2018,12,CAR,SEA,194.0,256.0,78.0,339.0,90.55633,255.35487,71.754974,211.98
2018_12_CLE_CIN,2018,12,CIN,CLE,66.0,152.0,49.0,258.0,98.26449,227.90865,85.69646,215.3896
2018_12_NE_NYJ,2018,12,NYJ,NE,44.0,227.0,187.0,283.0,107.152756,200.79565,99.61979,206.38478
2018_12_NYG_PHI,2018,12,PHI,NYG,132.0,236.0,126.0,297.0,93.06672,180.58313,69.74419,177.73346
2018_12_SF_TB,2018,12,TB,SF,45.0,306.0,129.0,121.0,96.82691,209.1903,119.89723,222.6353
2018_12_ARI_LAC,2018,12,LAC,ARI,131.0,259.0,44.0,95.0,112.89929,181.71342,77.30065,213.67487
2018_12_PIT_DEN,2018,12,DEN,PIT,127.0,197.0,57.0,464.0,88.18726,192.4885,76.569466,233.18773
2018_12_MIA_IND,2018,12,IND,MIA,114.0,347.0,105.0,204.0,82.57944,187.76543,94.96441,220.64175
2018_12_GB_MIN,2018,12,MIN,GB,68.0,319.0,82.0,134.0,106.2735,219.88351,77.89717,213.63857
2018_12_TEN_HOU,2018,12,HOU,TEN,208.0,176.0,69.0,239.0,86.81396,239.00107,84.52061,244.53201
2018_13_NO_DAL,2018,13,DAL,NO,77.0,249.0,65.0,127.0,106.54077,258.52625,94.976074,208.8256
2018_13_BAL_ATL,2018,13,ATL,BAL,30.0,94.0,173.0,167.0,111.61119,275.17017,108.30887,258.32434
2018_13_DEN_CIN,2018,13,CIN,DEN,101.0,208.0,180.0,124.0,123.239716,262.4784,114.21739,216.5278
2018_13_LA_DET,2018,13,DET,LA,102.0,201.0,149.0,207.0,97.16574,283.01233,104.87679,200.95836
2018_13_ARI_GB,2018,13,GB,ARI,78.0,233.0,150.0,149.0,86.74408,267.86963,103.63249,261.91907
2018_13_CLE_HOU,2018,13,HOU,CLE,102.0,212.0,31.0,207.0,91.14465,264.46072,111.84424,220.63196
2018_13_IND_JAX,2018,13,JAX,IND,51.0,150.0,25.0,248.0,102.635056,262.68024,103.70379,231.30615
2018_13_BUF_MIA,2018,13,MIA,BUF,62.0,137.0,72.0,231.0,84.71635,281.67102,74.39352,238.70137
2018_13_CHI_NYG,2018,13,NYG,CHI,137.0,219.0,114.0,222.0,95.1246,286.43445,113.3079,235.74687
2018_13_CAR_TB,2018,13,TB,CAR,44.0,249.0,153.0,294.0,91.654686,278.52658,116.10178,224.1358
2018_13_NYJ_TEN,2018,13,TEN,NYJ,87.0,282.0,153.0,128.0,99.96027,260.14517,96.2238,221.5493
2018_13_MIN_NE,2018,13,NE,MIN,92.0,311.0,94.0,143.0,84.78931,246.34177,98.63103,237.1291
2018_13_SF_SEA,2018,13,SEA,SF,109.0,128.0,60.0,217.0,86.69353,244.65482,97.8024,243.2562
2018_13_LAC_PIT,2018,13,PIT,LAC,65.0,281.0,85.0,299.0,96.573685,255.28893,77.015625,221.42165
2018_13_WAS_PHI,2018,13,PHI,WAS,95.0,286.0,96.0,141.0,95.30845,236.20496,143.28915,215.84406
2018_14_JAX_TEN,2018,14,TEN,JAX,233.0,145.0,38.0,201.0,89.76572,193.20027,93.449844,273.76373
2018_14_NYJ_BUF,2018,14,BUF,NYJ,99.0,206.0,77.0,170.0,109.23906,233.99767,106.41499,220.19704
2018_14_CAR_CLE,2018,14,CLE,CAR,114.0,238.0,89.0,298.0,99.83851,248.7846,102.70047,226.24399
2018_14_ATL_GB,2018,14,GB,ATL,69.0,187.0,104.0,121.0,118.97469,230.34323,117.65489,222.95987
2018_14_IND_HOU,2018,14,HOU,IND,68.0,267.0,33.0,399.0,106.545975,228.20093,96.602356,263.78247
2018_14_BAL_KC,2018,14,KC,BAL,92.0,377.0,186.0,147.0,106.416374,253.66008,74.72477,228.39409
2018_14_NE_MIA,2018,14,MIA,NE,189.0,265.0,75.0,358.0,95.03495,242.05063,84.03184,285.50552
2018_14_NO_TB,2018,14,TB,NO,58.0,164.0,85.0,169.0,107.41276,213.98038,106.73394,222.09816
2018_14_NYG_WAS,2018,14,WAS,NYG,48.0,69.0,191.0,197.0,111.62762,247.9718,92.53698,224.43204
2018_14_CIN_LAC,2018,14,LAC,CIN,80.0,220.0,135.0,170.0,100.05532,229.13948,106.5609,238.80899
2018_14_DEN_SF,2018,14,SF,DEN,81.0,332.0,76.0,149.0,104.11054,219.00351,92.629616,226.08835
2018_14_DET_ARI,2018,14,ARI,DET,58.0,170.0,97.0,101.0,88.9108,247.09177,88.275314,249.20337
2018_14_PHI_DAL,2018,14,DAL,PHI,142.0,455.0,32.0,228.0,106.86869,245.09962,83.77408,242.74203
2018_14_LA_CHI,2018,14,CHI,LA,164.0,110.0,28.0,171.0,87.070564,203.93333,92.17295,243.57878
2018_14_MIN_SEA,2018,14,SEA,MIN,164.0,72.0,78.0,138.0,111.9534,251.90488,90.55105,242.53786
2018_15_LAC_KC,2018,15,KC,LAC,58.0,243.0,119.0,277.0,84.02683,254.09286,74.39442,220.16461
2018_15_HOU_NYJ,2018,15,NYJ,HOU,58.0,237.0,44.0,294.0,82.24917,235.3619,80.25395,222.62515
2018_15_CLE_DEN,2018,15,DEN,CLE,31.0,257.0,126.0,188.0,80.72824,189.24973,78.04993,242.65845
2018_15_ARI_ATL,2018,15,ATL,ARI,157.0,201.0,44.0,132.0,87.90639,268.21237,90.42149,214.90697
2018_15_TB_BAL,2018,15,BAL,TB,150.0,131.0,86.0,157.0,107.82304,233.5269,70.26048,181.01709
2018_15_DET_BUF,2018,15,BUF,DET,116.0,204.0,105.0,208.0,126.3612,274.817,80.19078,209.21187
2018_15_GB_CHI,2018,15,CHI,GB,76.0,235.0,63.0,224.0,87.25992,237.40941,99.08494,234.30043
2018_15_DAL_IND,2018,15,IND,DAL,121.0,164.0,106.0,149.0,95.16478,293.93643,66.46848,224.82518
2018_15_WAS_JAX,2018,15,JAX,WAS,104.0,57.0,70.0,151.0,95.296234,248.57805,96.09693,179.46765
2018_15_MIA_MIN,2018,15,MIN,MIA,181.0,215.0,140.0,69.0,86.47106,242.52832,79.61259,247.06958
2018_15_TEN_NYG,2018,15,NYG,TEN,47.0,156.0,162.0,92.0,98.31773,239.90762,87.219154,184.28802
2018_15_NE_PIT,2018,15,PIT,NE,161.0,235.0,96.0,279.0,74.83271,233.31735,97.844574,262.06937
2018_15_PHI_LA,2018,15,LA,PHI,71.0,204.0,100.0,247.0,80.2158,252.42645,113.11885,234.76552
2018_15_NO_CAR,2018,15,CAR,NO,93.0,181.0,157.0,203.0,95.038025,241.37263,102.85434,242.02455
2018_16_WAS_TEN,2018,16,TEN,WAS,92.0,211.0,159.0,153.0,125.24099,177.11006,94.35359,226.71156
2018_16_BAL_LAC,2018,16,LAC,BAL,50.0,149.0,134.0,204.0,98.00698,210.90794,74.26825,189.57314
2018_16_ATL_CAR,2018,16,CAR,ATL,104.0,260.0,104.0,227.0,121.989716,230.76128,107.82773,213.69853
2018_16_CIN_CLE,2018,16,CLE,CIN,111.0,230.0,57.0,62.0,116.15157,167.05173,68.12747,203.39503
2018_16_TB_DAL,2018,16,DAL,TB,50.0,140.0,49.0,270.0,125.01265,218.10805,66.40533,249.22325
2018_16_MIN_DET,2018,16,DET,MIN,55.0,102.0,87.0,252.0,121.62616,240.89394,70.599266,212.97449
2018_16_NYG_IND,2018,16,IND,NYG,36.0,357.0,84.0,309.0,105.92734,227.96802,95.455894,242.0817
2018_16_JAX_MIA,2018,16,MIA,JAX,40.0,146.0,84.0,134.0,111.8153,257.69623,87.49006,224.85031
2018_16_BUF_NE,2018,16,NE,BUF,248.0,105.0,47.0,121.0,86.311035,209.07208,110.87188,188.32713
2018_16_GB_NYJ,2018,16,NYJ,GB,44.0,309.0,98.0,357.0,143.20659,234.02094,86.52132,233.0878
2018_16_HOU_PHI,2018,16,PHI,HOU,52.0,447.0,18.0,285.0,129.5554,241.11115,78.986534,229.8428
2018_16_LA_ARI,2018,16,ARI,LA,27.0,112.0,195.0,174.0,110.185524,237.67528,86.090034,210.88345
2018_16_CHI_SF,2018,16,SF,CHI,47.0,241.0,92.0,246.0,93.00697,182.0341,105.055565,233.2589
2018_16_PIT_NO,2018,16,NO,PIT,58.0,326.0,61.0,380.0,107.87544,238.48027,81.503456,254.99689
2018_16_KC_SEA,2018,16,SEA,KC,153.0,271.0,123.0,273.0,101.31549,229.638,98.46536,209.53389
2018_17_MIA_BUF,2018,17,BUF,MIA,55.0,178.0,60.0,124.0,99.98863,162.01717,79.75689,219.9567
2018_17_DET_GB,2018,17,GB,DET,4.0,142.0,97.0,217.0,110.017265,194.43077,95.3363,240.15408
2018_17_JAX_HOU,2018,17,HOU,JAX,103.0,141.0,15.0,61.0,106.75064,171.59518,110.14603,280.60684
2018_17_NYJ_NE,2018,17,NE,NYJ,91.0,175.0,59.0,149.0,92.15324,165.71013,63.823406,179.5707
2018_17_CAR_NO,2018,17,NO,CAR,96.0,91.0,81.0,228.0,99.58565,216.82167,115.50854,197.05493
2018_17_DAL_NYG,2018,17,NYG,DAL,143.0,301.0,51.0,387.0,91.84144,197.17416,65.84607,215.0469
2018_17_ATL_TB,2018,17,TB,ATL,77.0,345.0,102.0,383.0,95.65983,223.84914,89.86621,182.31621
2018_17_CLE_BAL,2018,17,BAL,CLE,272.0,179.0,50.0,376.0,118.420296,172.32791,76.685646,157.09329
2018_17_LAC_DEN,2018,17,DEN,LAC,71.0,260.0,107.0,176.0,78.13249,202.6495,73.7529,163.16307
2018_17_SF_LA,2018,17,LA,SF,146.0,199.0,103.0,184.0,113.21004,168.99371,107.50441,193.30287
2018_17_CHI_MIN,2018,17,MIN,CHI,56.0,80.0,140.0,163.0,132.578,136.29086,86.373985,185.15698
2018_17_CIN_PIT,2018,17,PIT,CIN,62.0,287.0,113.0,95.0,96.538155,198.99596,99.43273,218.1289
2018_17_ARI_SEA,2018,17,SEA,ARI,185.0,152.0,87.0,149.0,106.45144,234.79634,82.38629,249.33145
2018_17_PHI_WAS,2018,17,WAS,PHI,5.0,38.0,95.0,221.0,88.81308,219.2639,81.30487,158.89195
2018_17_IND_TEN,2018,17,TEN,IND,93.0,141.0,133.0,285.0,101.84083,312.7763,104.79449,242.20236
2018_18_IND_HOU,2018,18,HOU,IND,40.0,173.0,121.0,198.0,77.54754,180.3352,74.19518,163.18442
2018_18_SEA_DAL,2018,18,DAL,SEA,166.0,226.0,72.0,158.0,88.361084,182.3479,90.489365,172.8474
2018_18_LAC_BAL,2018,18,BAL,LAC,37.0,38.0,57.0,152.0,111.379585,212.29866,68.22145,193.87833
2018_18_PHI_CHI,2018,18,CHI,PHI,55.0,303.0,43.0,266.0,94.374695,244.57,54.75187,194.77571
2018_19_IND_KC,2018,19,KC,IND,93.0,270.0,12.0,121.0,100.23253,228.51315,70.01176,233.36493
2018_19_DAL_LA,2018,19,LA,DAL,250.0,186.0,47.0,210.0,92.77058,234.20305,87.47426,234.49806
2018_19_LAC_NE,2018,19,NE,LAC,137.0,278.0,15.0,178.0,103.1435,200.57465,87.67155,223.00615
2018_19_PHI_NO,2018,19,NO,PHI,122.0,301.0,50.0,201.0,92.808464,229.46562,94.22825,252.3991
2018_20_LA_NO,2018,20,NO,LA,50.0,249.0,67.0,309.0,117.779396,242.34663,71.16442,185.2403
2018_20_NE_KC,2018,20,KC,NE,32.0,295.0,177.0,348.0,96.61232,252.78403,67.81466,206.40167
2018_21_NE_LA,2018,21,LA,NE,62.0,174.0,147.0,262.0,75.04984,241.37106,99.97096,197.65007
2019_01_GB_CHI,2019,1,CHI,GB,36.0,228.0,32.0,203.0,94.169495,197.05777,99.46571,204.49075
2019_01_LA_CAR,2019,1,CAR,LA,124.0,239.0,161.0,182.0,100.183266,223.97975,142.03107,177.22513
2019_01_TEN_CLE,2019,1,CLE,TEN,74.0,264.0,73.0,241.0,90.46469,227.42818,105.18796,203.07347
2019_01_KC_JAX,2019,1,JAX,KC,63.0,223.0,38.0,363.0,102.10357,195.40887,100.12302,189.02972
2019_01_BAL_MIA,2019,1,MIA,BAL,12.0,190.0,206.0,324.0,75.41208,262.8544,69.64163,221.40656
2019_01_ATL_MIN,2019,1,MIN,ATL,150.0,98.0,40.0,177.0,79.555214,296.09225,72.95498,205.25803
2019_01_BUF_NYJ,2019,1,NYJ,BUF,68.0,175.0,99.0,254.0,101.953545,235.12529,83.01426,209.53503
2019_01_WAS_PHI,2019,1,PHI,WAS,106.0,277.0,28.0,290.0,103.693474,209.23505,101.057434,217.27367
2019_01_IND_LAC,2019,1,LAC,IND,119.0,333.0,199.0,190.0,82.59138,225.73589,78.898254,183.39594
2019_01_CIN_SEA,2019,1,SEA,CIN,74.0,195.0,34.0,418.0,78.96276,225.41824,79.14047,158.13104
2019_01_DET_ARI,2019,1,ARI,DET,95.0,170.0,94.0,382.0,70.36866,267.03036,84.13561,237.90674
2019_01_NYG_DAL,2019,1,DAL,NYG,76.0,393.0,110.0,228.0,91.23953,301.6257,94.16645,212.75703
2019_01_SF_TB,2019,1,TB,SF,108.0,156.0,100.0,166.0,75.39912,259.30685,97.19112,209.60863
2019_01_PIT_NE,2019,1,NE,PIT,73.0,357.0,25.0,161.0,80.84783,221.83946,95.47245,187.74765
2019_01_HOU_NO,2019,1,NO,HOU,148.0,370.0,161.0,268.0,112.37154,217.08546,74.8895,199.63484
2019_02_TB_CAR,2019,2,CAR,TB,39.0,333.0,91.0,208.0,99.7917,254.0584,106.88965,207.6453
2019_02_ARI_BAL,2019,2,BAL,ARI,126.0,272.0,13.0,349.0,80.74231,240.45955,80.00154,237.20674
2019_02_SF_CIN,2019,2,CIN,SF,24.0,178.0,191.0,312.0,104.308014,230.59906,100.781624,210.17526
2019_02_LAC_DET,2019,2,DET,LAC,83.0,238.0,125.0,293.0,89.962975,200.01047,120.33284,174.42957
2019_02_MIN_GB,2019,2,GB,MIN,138.0,209.0,181.0,230.0,101.15737,218.69994,109.302284,169.37914
2019_02_JAX_HOU,2019,2,HOU,JAX,123.0,159.0,47.0,213.0,80.35196,273.13852,92.15414,200.49219
2019_02_NE_MIA,2019,2,MIA,NE,21.0,40.0,117.0,205.0,91.60611,240.48207,74.447075,196.65242
2019_02_BUF_NYG,2019,2,NYG,BUF,117.0,166.0,107.0,253.0,92.90699,177.96265,114.30106,222.549
2019_02_SEA_PIT,2019,2,PIT,SEA,74.0,187.0,129.0,300.0,94.250465,231.75958,86.509094,193.49493
2019_02_IND_TEN,2019,2,TEN,IND,99.0,154.0,147.0,146.0,111.96141,163.26949,86.526215,215.4069
2019_02_DAL_WAS,2019,2,WAS,DAL,48.0,156.0,144.0,253.0,97.70917,182.85866,91.034485,197.55356
2019_02_CHI_DEN,2019,2,DEN,CHI,90.0,292.0,153.0,120.0,86.93841,225.11249,99.27161,223.6063
2019_02_NO_LA,2019,2,LA,NO,91.0,217.0,46.0,165.0,97.325485,220.54086,84.05325,133.93326
2019_02_PHI_ATL,2019,2,ATL,PHI,54.0,320.0,49.0,255.0,83.82764,250.486,82.61596,161.70863
2019_02_CLE_NYJ,2019,2,NYJ,CLE,79.0,92.0,55.0,265.0,108.29916,200.80519,71.63053,181.28165
2019_03_TEN_JAX,2019,3,JAX,TEN,1.0,204.0,57.0,154.0,117.44939,200.61119,152.19926,191.55534
2019_03_CIN_BUF,2019,3,BUF,CIN,147.0,243.0,66.0,250.0,91.99576,208.72214,95.542145,210.32286
2019_03_MIA_DAL,2019,3,DAL,MIA,128.0,243.0,30.0,196.0,114.81813,252.26219,52.03825,183.39871
2019_03_DEN_GB,2019,3,GB,DEN,62.0,235.0,146.0,189.0,96.313515,229.20195,96.80115,182.9372
2019_03_ATL_IND,2019,3,IND,ATL,75.0,310.0,94.0,304.0,102.1167,214.71472,107.19611,165.3732
2019_03_BAL_KC,2019,3,KC,BAL,120.0,374.0,165.0,211.0,112.70211,230.39127,103.52347,184.72223
2019_03_NYJ_NE,2019,3,NE,NYJ,56.0,278.0,32.0,82.0,115.596954,223.29645,99.36026,199.30695
2019_03_DET_PHI,2019,3,PHI,DET,99.0,259.0,85.0,201.0,81.824326,212.54369,90.28754,162.17888
2019_03_CAR_ARI,2019,3,ARI,CAR,88.0,162.0,152.0,246.0,84.65988,223.34,137.36899,198.42833
2019_03_NYG_TB,2019,3,TB,NYG,141.0,380.0,51.0,336.0,102.12004,265.8149,74.82749,245.26915
2019_03_HOU_LAC,2019,3,LAC,HOU,64.0,318.0,17.0,351.0,95.932724,204.97728,78.868,169.36853
2019_03_NO_SEA,2019,3,SEA,NO,58.0,195.0,41.0,172.0,110.42687,274.8693,84.32846,251.9552
2019_03_PIT_SF,2019,3,SF,PIT,169.0,277.0,64.0,174.0,108.78732,277.4995,79.388626,276.75574
2019_03_CHI_WAS,2019,3,WAS,CHI,62.0,253.0,34.0,223.0,72.712135,214.66327,93.716034,224.37756
2019_04_PHI_GB,2019,4,GB,PHI,31.0,422.0,167.0,160.0,91.56014,240.38058,99.06162,259.08768
2019_04_TEN_ATL,2019,4,ATL,TEN,40.0,300.0,99.0,221.0,93.059235,220.35698,104.80449,241.93002
2019_04_CLE_BAL,2019,4,BAL,CLE,159.0,128.0,168.0,322.0,89.95593,225.2374,87.33619,220.76591
2019_04_NE_BUF,2019,4,BUF,NE,115.0,280.0,77.0,150.0,82.005554,225.38037,89.74615,217.04149
2019_04_KC_DET,2019,4,DET,KC,168.0,291.0,71.0,315.0,88.53268,232.54686,71.903175,283.58545
2019_04_CAR_HOU,2019,4,HOU,CAR,125.0,160.0,92.0,232.0,96.157455,236.81601,111.33865,243.46922
2019_04_LAC_MIA,2019,4,MIA,LAC,60.0,162.0,63.0,310.0,89.99885,250.93115,105.22801,201.04002
2019_04_WAS_NYG,2019,4,NYG,WAS,111.0,175.0,24.0,89.0,107.965775,217.53821,88.182724,239.03987
2019_04_SEA_ARI,2019,4,ARI,SEA,65.0,142.0,87.0,211.0,98.78282,187.14989,103.253174,203.14214
2019_04_TB_LA,2019,4,LA,TB,17.0,343.0,88.0,385.0,82.0286,229.32715,89.61313,215.25577
2019_04_MIN_CHI,2019,4,CHI,MIN,54.0,200.0,26.0,117.0,94.82003,244.57399,87.21704,211.47641
2019_04_JAX_DEN,2019,4,DEN,JAX,69.0,303.0,269.0,213.0,68.105,256.49234,110.67441,265.79575
2019_04_DAL_NO,2019,4,NO,DAL,111.0,193.0,38.0,223.0,68.82719,259.2125,70.316246,244.39507
2019_04_CIN_PIT,2019,4,PIT,CIN,75.0,235.0,63.0,120.0,84.19367,257.2989,87.003296,266.2493
2019_05_LA_SEA,2019,5,SEA,LA,141.0,268.0,81.0,395.0,107.98404,232.09634,95.88865,242.88333
2019_05_JAX_CAR,2019,5,CAR,JAX,265.0,181.0,107.0,348.0,90.782776,225.36826,110.41913,235.65474
2019_05_ARI_CIN,2019,5,CIN,ARI,102.0,203.0,222.0,253.0,107.195045,274.92178,102.49638,258.0579
2019_05_ATL_HOU,2019,5,HOU,ATL,137.0,352.0,51.0,195.0,95.067116,195.4941,107.217476,220.26358
2019_05_TB_NO,2019,5,NO,TB,57.0,331.0,81.0,105.0,83.19327,225.91766,100.077896,219.69923
2019_05_MIN_NYG,2019,5,NYG,MIN,56.0,139.0,138.0,286.0,90.87925,254.66623,94.48844,245.59894
2019_05_NYJ_PHI,2019,5,PHI,NYJ,78.0,172.0,32.0,81.0,79.557304,262.30045,107.1837,244.2973
2019_05_BAL_PIT,2019,5,PIT,BAL,57.0,203.0,112.0,161.0,95.11076,224.22502,86.04203,228.34523
2019_05_BUF_TEN,2019,5,TEN,BUF,95.0,183.0,64.0,219.0,90.94444,233.3525,98.409065,244.14195
2019_05_NE_WAS,2019,5,WAS,NE,95.0,108.0,86.0,325.0,72.81478,295.20923,95.23515,256.79388
2019_05_DEN_LAC,2019,5,LAC,DEN,35.0,159.0,169.0,182.0,85.89971,234.76544,88.45068,229.50893
2019_05_GB_DAL,2019,5,DAL,GB,93.0,370.0,112.0,220.0,85.406586,219.83667,95.29418,260.36758
2019_05_IND_KC,2019,5,KC,IND,19.0,321.0,174.0,151.0,102.19699,231.42778,112.95577,224.722
2019_05_CLE_SF,2019,5,SF,CLE,244.0,160.0,80.0,120.0,88.098885,224.33357,97.65401,263.65903
2019_06_NYG_NE,2019,6,NE,NYG,66.0,291.0,41.0,149.0,109.914925,252.9288,84.97585,197.00436
2019_06_CAR_TB,2019,6,TB,CAR,38.0,194.0,60.0,208.0,83.229706,231.98141,89.03459,211.20277
2019_06_CIN_BAL,2019,6,BAL,CIN,195.0,227.0,31.0,171.0,87.38106,239.66333,72.455765,186.37473
2019_06_SEA_CLE,2019,6,CLE,SEA,124.0,249.0,123.0,295.0,65.892784,315.00742,77.241,288.86508
2019_06_NO_JAX,2019,6,JAX,NO,74.0,163.0,95.0,240.0,101.43168,232.84447,121.94265,220.8434
2019_06_HOU_KC,2019,6,KC,HOU,54.0,273.0,172.0,272.0,102.21917,235.28795,109.88593,156.60185
2019_06_WAS_MIA,2019,6,MIA,WAS,79.0,217.0,137.0,166.0,108.21683,236.8734,68.392006,213.41522
2019_06_PHI_MIN,2019,6,MIN,PHI,70.0,305.0,71.0,256.0,108.54744,289.24124,104.79292,198.97298
2019_06_ATL_ARI,2019,6,ARI,ATL,80.0,340.0,96.0,356.0,95.54447,230.14304,82.25,234.1872
2019_06_SF_LA,2019,6,LA,SF,109.0,52.0,80.0,241.0,97.90904,279.85767,56.976616,230.39449
2019_06_TEN_DEN,2019,6,DEN,TEN,67.0,154.0,29.0,118.0,117.68867,221.9083,94.5948,221.71689
2019_06_DAL_NYJ,2019,6,NYJ,DAL,57.0,334.0,121.0,278.0,86.00186,231.62656,100.27374,210.31786
2019_06_PIT_LAC,2019,6,LAC,PIT,32.0,181.0,78.0,122.0,100.5085,226.61311,77.400406,223.22836
2019_06_DET_GB,2019,6,GB,DET,160.0,283.0,47.0,265.0,77.451706,242.46117,99.74608,223.77576
2019_07_KC_DEN,2019,7,DEN,KC,49.0,181.0,55.0,182.0,123.7187,201.75557,70.19205,242.1774
2019_07_LA_ATL,2019,7,ATL,LA,33.0,153.0,52.0,261.0,93.387146,189.29272,74.03553,208.53232
2019_07_MIA_BUF,2019,7,BUF,MIA,93.0,202.0,72.0,184.0,107.545235,216.99403,65.01394,228.68521
2019_07_JAX_CIN,2019,7,CIN,JAX,6.0,233.0,145.0,255.0,103.98325,205.23592,83.6347,226.24263
2019_07_MIN_DET,2019,7,DET,MIN,81.0,341.0,165.0,338.0,94.682625,211.14342,102.57803,190.55788
2019_07_HOU_IND,2019,7,IND,HOU,53.0,325.0,68.0,267.0,110.57171,215.7203,82.90803,221.39017
2019_07_ARI_NYG,2019,7,NYG,ARI,72.0,223.0,140.0,104.0,104.66896,270.12186,79.25525,243.26598
2019_07_SF_WAS,2019,7,WAS,SF,104.0,77.0,114.0,151.0,93.320724,209.77702,92.06605,225.63255
2019_07_LAC_TEN,2019,7,TEN,LAC,92.0,323.0,39.0,329.0,97.303604,217.23088,88.51981,234.92798
2019_07_NO_CHI,2019,7,CHI,NO,17.0,84.0,116.0,233.0,113.29534,267.98123,81.1728,205.00003
2019_07_BAL_SEA,2019,7,SEA,BAL,85.0,179.0,105.0,143.0,99.86966,261.33752,97.35876,254.26074
2019_07_PHI_DAL,2019,7,DAL,PHI,141.0,211.0,72.0,116.0,97.44277,225.02144,90.67162,228.67307
2019_07_NE_NYJ,2019,7,NYJ,NE,64.0,50.0,61.0,222.0,103.92241,229.72755,109.493095,229.6364
2019_08_WAS_MIN,2019,8,MIN,WAS,88.0,285.0,74.0,163.0,91.39383,190.32529,74.48742,207.02457
2019_08_SEA_ATL,2019,8,ATL,SEA,69.0,318.0,130.0,116.0,106.554565,210.62462,84.72726,173.50563
2019_08_PHI_BUF,2019,8,BUF,PHI,50.0,163.0,146.0,147.0,84.8638,185.41438,87.415085,232.05399
2019_08_LAC_CHI,2019,8,CHI,LAC,151.0,253.0,36.0,201.0,78.72575,239.56729,101.43191,243.75266
2019_08_NYG_DET,2019,8,DET,NYG,60.0,334.0,72.0,251.0,92.555504,228.32918,78.20906,205.20161
2019_08_DEN_IND,2019,8,IND,DEN,95.0,202.0,104.0,174.0,90.76276,243.37247,86.125244,232.70282
2019_08_NYJ_JAX,2019,8,JAX,NYJ,86.0,279.0,42.0,187.0,104.16209,233.00221,111.84977,210.71078
2019_08_CIN_LA,2019,8,LA,CIN,74.0,358.0,92.0,171.0,105.68584,232.23398,95.88682,233.67656
2019_08_ARI_NO,2019,8,NO,ARI,74.0,319.0,13.0,184.0,111.60404,239.64551,75.75961,225.30994
2019_08_TB_TEN,2019,8,TEN,TB,73.0,193.0,55.0,301.0,81.3353,196.44077,114.72692,207.94199
2019_08_CAR_SF,2019,8,SF,CAR,173.0,175.0,120.0,122.0,95.63227,222.43422,82.94992,220.7539
2019_08_CLE_NE,2019,8,NE,CLE,57.0,209.0,131.0,128.0,91.11746,228.88979,128.8998,207.14684
2019_08_GB_KC,2019,8,KC,GB,85.0,267.0,89.0,297.0,101.173904,233.22685,101.028534,242.36472
2019_08_MIA_PIT,2019,8,PIT,MIA,146.0,255.0,34.0,158.0,90.349556,248.61777,103.62242,204.34346
2019_09_SF_ARI,2019,9,ARI,SF,149.0,241.0,102.0,308.0,121.48772,235.23921,108.03542,264.99637
2019_09_HOU_JAX,2019,9,JAX,HOU,40.0,139.0,121.0,194.0,91.72107,257.61877,77.41078,273.39343
2019_09_WAS_BUF,2019,9,BUF,WAS,103.0,120.0,113.0,113.0,98.17792,268.523,119.66192,307.04694
2019_09_TEN_CAR,2019,9,CAR,TEN,144.0,232.0,86.0,125.0,99.46156,302.56454,80.63341,276.6948
2019_09_MIN_KC,2019,9,KC,MIN,147.0,275.0,91.0,220.0,107.25099,269.16757,91.39194,292.55893
2019_09_NYJ_MIA,2019,9,MIA,NYJ,44.0,273.0,74.0,186.0,90.00999,244.48041,123.10602,238.31194
2019_09_CHI_PHI,2019,9,PHI,CHI,129.0,239.0,55.0,125.0,103.22378,227.71832,75.7217,192.11139
2019_09_IND_PIT,2019,9,PIT,IND,85.0,191.0,126.0,227.0,100.00063,272.5046,69.82197,252.47057
2019_09_TB_SEA,2019,9,SEA,TB,124.0,378.0,94.0,335.0,114.20237,288.93036,86.75884,253.90697
2019_09_CLE_DEN,2019,9,DEN,CLE,114.0,193.0,68.0,273.0,90.12667,185.71709,93.55047,222.9728
2019_09_GB_LAC,2019,9,LAC,GB,100.0,285.0,40.0,61.0,121.22655,266.37216,78.67349,267.12354
2019_09_NE_BAL,2019,9,BAL,NE,179.0,152.0,69.0,273.0,117.6821,240.85553,99.13424,287.24304
2019_09_DAL_NYG,2019,9,NYG,DAL,76.0,163.0,152.0,257.0,107.04661,229.01028,115.70822,215.26956
2019_10_DET_CHI,2019,10,CHI,DET,40.0,160.0,66.0,219.0,109.273155,263.51843,80.36923,259.91742
2019_10_BAL_CIN,2019,10,CIN,BAL,111.0,152.0,112.0,223.0,115.484924,202.78662,99.262505,261.03824
2019_10_BUF_CLE,2019,10,CLE,BUF,146.0,238.0,81.0,266.0,109.37923,212.23947,87.01791,241.56361
2019_10_ATL_NO,2019,10,NO,ATL,52.0,184.0,116.0,188.0,98.375275,214.30411,104.64877,261.61618
2019_10_NYG_NYJ,2019,10,NYJ,NYG,51.0,230.0,3.0,293.0,111.532425,197.90088,82.4424,159.79239
2019_10_ARI_TB,2019,10,TB,ARI,78.0,358.0,76.0,350.0,104.053,261.58475,99.75465,288.6281
2019_10_KC_TEN,2019,10,TEN,KC,197.0,181.0,89.0,446.0,96.32143,167.32593,100.86396,143.67264
2019_10_MIA_IND,2019,10,IND,MIA,109.0,204.0,47.0,169.0,101.94181,217.46074,77.74474,204.57079
2019_10_CAR_GB,2019,10,GB,CAR,151.0,229.0,100.0,292.0,108.60967,201.37405,106.92162,218.8286
2019_10_LA_PIT,2019,10,PIT,LA,41.0,242.0,88.0,243.0,92.21388,173.73283,141.82509,225.15149
2019_10_MIN_DAL,2019,10,DAL,MIN,50.0,397.0,151.0,220.0,73.21502,210.36967,80.80382,201.35173
2019_10_SEA_SF,2019,10,SF,SEA,88.0,248.0,93.0,232.0,89.75402,229.7385,97.88597,178.33945
2019_11_PIT_CLE,2019,11,CLE,PIT,88.0,193.0,49.0,160.0,85.48108,204.54585,104.92786,220.15546
2019_11_HOU_BAL,2019,11,BAL,HOU,126.0,151.0,47.0,150.0,84.96672,245.45174,126.47695,204.35443
2019_11_ATL_CAR,2019,11,CAR,ATL,67.0,240.0,31.0,258.0,89.19448,206.61472,86.93164,172.98788
2019_11_DAL_DET,2019,11,DET,DAL,80.0,209.0,65.0,421.0,104.32819,188.61978,88.38464,155.6497
2019_11_JAX_IND,2019,11,IND,JAX,153.0,148.0,29.0,162.0,96.62628,167.62956,103.12845,220.23969
2019_11_BUF_MIA,2019,11,MIA,BUF,23.0,184.0,144.0,252.0,65.303116,197.06384,79.32526,172.30957
2019_11_DEN_MIN,2019,11,MIN,DEN,37.0,319.0,119.0,278.0,84.03479,219.81207,122.87004,188.37813
2019_11_NO_TB,2019,11,TB,NO,13.0,259.0,102.0,224.0,81.69634,181.36882,122.24062,161.93567
2019_11_NYJ_WAS,2019,11,WAS,NYJ,50.0,95.0,93.0,218.0,89.27289,241.97882,102.41291,243.70876
2019_11_ARI_SF,2019,11,SF,ARI,19.0,424.0,135.0,150.0,104.419685,234.7925,123.68146,221.26793
2019_11_NE_PHI,2019,11,PHI,NE,64.0,193.0,69.0,231.0,111.317276,208.38689,125.9282,189.4976
2019_11_CHI_LA,2019,11,LA,CHI,95.0,173.0,69.0,190.0,86.009514,228.3804,86.38715,206.18314
2019_11_KC_LAC,2019,11,LAC,KC,93.0,293.0,71.0,182.0,90.63244,232.7938,83.80102,222.41167
2019_12_IND_HOU,2019,12,HOU,IND,99.0,298.0,160.0,129.0,66.223465,231.4826,74.18991,173.98598
2019_12_TB_ATL,2019,12,ATL,TB,49.0,246.0,78.0,300.0,78.50075,221.14626,76.03231,189.27995
2019_12_DEN_BUF,2019,12,BUF,DEN,158.0,185.0,70.0,82.0,82.78484,224.29756,99.4952,168.72319
2019_12_NYG_CHI,2019,12,CHI,NYG,38.0,269.0,82.0,116.0,66.15038,191.50322,121.00106,244.79181
2019_12_PIT_CIN,2019,12,CIN,PIT,79.0,192.0,143.0,203.0,62.74877,256.3616,70.48889,229.60153
2019_12_MIA_CLE,2019,12,CLE,MIA,111.0,268.0,36.0,165.0,85.94006,200.39035,93.50332,152.97076
2019_12_CAR_NO,2019,12,NO,CAR,118.0,311.0,112.0,256.0,82.79204,232.569,87.88008,164.24756
2019_12_SEA_PHI,2019,12,PHI,SEA,82.0,126.0,155.0,141.0,75.65034,234.01054,106.04702,214.33775
2019_12_DET_WAS,2019,12,WAS,DET,59.0,156.0,141.0,207.0,88.98798,192.07774,95.44724,192.38191
2019_12_JAX_TEN,2019,12,TEN,JAX,172.0,244.0,57.0,168.0,95.77633,208.59354,105.58024,186.70387
2019_12_DAL_NE,2019,12,NE,DAL,91.0,190.0,105.0,212.0,75.16979,191.15688,78.030716,136.66437
2019_12_GB_SF,2019,12,SF,GB,77.0,218.0,68.0,80.0,81.2863,226.46378,101.67077,212.60043
2019_12_BAL_LA,2019,12,LA,BAL,20.0,101.0,255.0,162.0,105.81403,246.64651,92.5644,245.47266
2019_13_CHI_DET,2019,13,DET,CHI,104.0,280.0,84.0,338.0,79.49342,214.2781,70.17153,198.05693
2019_13_BUF_DAL,2019,13,DAL,BUF,80.0,243.0,62.0,219.0,79.23781,233.73822,67.63718,231.99953
2019_13_NO_ATL,2019,13,ATL,NO,66.0,197.0,96.0,172.0,91.85082,206.80888,80.71307,180.97668
2019_13_SF_BAL,2019,13,BAL,SF,178.0,105.0,170.0,165.0,88.80764,209.95267,81.142876,166.54436
2019_13_WAS_CAR,2019,13,CAR,WAS,43.0,220.0,227.0,147.0,91.70358,226.9419,83.95277,172.18195
2019_13_NYJ_CIN,2019,13,CIN,NYJ,31.0,243.0,50.0,134.0,98.22119,203.85974,97.43386,251.89491
2019_13_TEN_IND,2019,13,IND,TEN,83.0,257.0,142.0,182.0,109.25257,200.28023,75.104385,167.53253
2019_13_TB_JAX,2019,13,JAX,TB,37.0,187.0,52.0,268.0,79.42924,246.78043,88.058235,181.879
2019_13_PHI_MIA,2019,13,MIA,PHI,52.0,366.0,92.0,310.0,88.38824,243.6525,71.37932,211.82315
2019_13_GB_NYG,2019,13,NYG,GB,89.0,152.0,35.0,227.0,84.49794,243.05864,87.20335,226.34659
2019_13_CLE_PIT,2019,13,PIT,CLE,115.0,212.0,106.0,196.0,86.02356,203.23021,103.00143,199.68723
2019_13_LA_ARI,2019,13,ARI,LA,35.0,85.0,119.0,417.0,84.18215,254.742,89.858345,176.30266
2019_13_LAC_DEN,2019,13,DEN,LAC,69.0,134.0,115.0,265.0,83.7741,246.05287,75.7646,188.5345
2019_13_NE_HOU,2019,13,HOU,NE,46.0,200.0,108.0,189.0,90.17184,268.09,94.41445,202.19746
2019_13_MIN_SEA,2019,13,SEA,MIN,201.0,240.0,78.0,201.0,79.269226,206.7614,104.32245,223.32422
2019_14_DAL_CHI,2019,14,CHI,DAL,109.0,227.0,83.0,110.0,86.90463,219.75238,102.167206,170.88396
2019_14_CAR_ATL,2019,14,ATL,CAR,104.0,307.0,76.0,193.0,101.734955,177.63618,105.650314,169.36386
2019_14_BAL_BUF,2019,14,BUF,BAL,59.0,108.0,121.0,145.0,94.13715,215.87436,91.4785,204.28099
2019_14_CIN_CLE,2019,14,CLE,CIN,126.0,158.0,176.0,239.0,91.29053,187.49013,103.94193,170.00392
2019_14_WAS_GB,2019,14,GB,WAS,132.0,175.0,121.0,95.0,88.700836,245.56119,83.88048,181.94154
2019_14_DEN_HOU,2019,14,HOU,DEN,76.0,204.0,44.0,306.0,104.68488,200.1227,92.760925,156.56512
2019_14_DET_MIN,2019,14,MIN,DET,104.0,201.0,60.0,74.0,80.38858,192.44124,105.62287,189.32419
2019_14_SF_NO,2019,14,NO,SF,110.0,349.0,161.0,384.0,97.14589,192.67242,91.52649,165.44325
2019_14_MIA_NYJ,2019,14,NYJ,MIA,113.0,270.0,59.0,245.0,83.08875,236.05984,74.57307,219.64792
2019_14_IND_TB,2019,14,TB,IND,71.0,474.0,49.0,251.0,88.62348,251.17416,118.02646,163.25716
2019_14_LAC_JAX,2019,14,JAX,LAC,53.0,143.0,135.0,314.0,94.862366,246.62207,102.910065,186.58582
2019_14_PIT_ARI,2019,14,ARI,PIT,59.0,194.0,106.0,152.0,78.719246,279.67087,94.22724,184.18297
2019_14_KC_NE,2019,14,NE,KC,77.0,204.0,69.0,283.0,101.38165,208.6456,109.680595,154.07556
2019_14_SEA_LA,2019,14,LA,SEA,99.0,293.0,66.0,141.0,89.95559,242.31982,77.90826,187.21019
2019_14_NYG_PHI,2019,14,PHI,NYG,114.0,325.0,74.0,203.0,69.6316,252.35924,57.52246,195.68958
2019_15_NYJ_BAL,2019,15,BAL,NYJ,123.0,181.0,78.0,155.0,97.66607,184.76485,51.427166,213.50334
2019_15_SEA_CAR,2019,15,CAR,SEA,105.0,181.0,110.0,233.0,93.86589,229.1653,77.23149,215.74345
2019_15_NE_CIN,2019,15,CIN,NE,160.0,101.0,99.0,122.0,116.43736,197.63014,45.17906,219.36705
2019_15_TB_DET,2019,15,DET,TB,26.0,233.0,45.0,417.0,94.824486,246.13522,55.292637,229.77953
2019_15_CHI_GB,2019,15,GB,CHI,61.0,203.0,69.0,233.0,112.9414,206.35013,79.33839,200.80632
2019_15_DEN_KC,2019,15,KC,DEN,51.0,309.0,41.0,107.0,102.48357,219.00395,88.67327,239.45612
2019_15_MIA_NYG,2019,15,NYG,MIA,105.0,254.0,30.0,201.0,113.52698,201.71637,73.028946,247.71794
2019_15_HOU_TEN,2019,15,TEN,HOU,154.0,204.0,115.0,243.0,103.22379,168.76703,60.955795,170.94641
2019_15_PHI_WAS,2019,15,WAS,PHI,98.0,261.0,150.0,266.0,104.65929,217.2716,88.48851,221.54741
2019_15_CLE_ARI,2019,15,ARI,CLE,148.0,209.0,141.0,127.0,116.886246,260.30722,64.81512,217.76738
2019_15_MIN_LAC,2019,15,LAC,MIN,54.0,234.0,63.0,139.0,98.8159,195.39514,52.401646,238.23842
2019_15_LA_DAL,2019,15,DAL,LA,158.0,212.0,14.0,158.0,116.63932,203.12804,64.07562,235.4928
2019_15_BUF_PIT,2019,15,PIT,BUF,51.0,202.0,99.0,139.0,98.18251,226.30928,82.05691,219.56445
2019_15_IND_NO,2019,15,NO,IND,90.0,309.0,30.0,86.0,127.63888,210.06885,83.55889,196.12779
2019_16_HOU_TB,2019,16,TB,HOU,90.0,335.0,34.0,184.0,87.57166,214.30023,98.5753,218.83374
2019_16_BUF_NE,2019,16,NE,BUF,142.0,271.0,81.0,208.0,96.15712,243.46193,94.62217,222.30624
2019_16_LA_SF,2019,16,SF,LA,114.0,248.0,60.0,323.0,87.72602,228.81691,71.601265,209.2548
2019_16_JAX_ATL,2019,16,ATL,JAX,97.0,329.0,75.0,64.0,78.0875,253.08472,98.06606,192.4651
2019_16_BAL_CLE,2019,16,CLE,BAL,53.0,127.0,152.0,238.0,74.02258,209.43979,92.692375,238.00735
2019_16_CAR_IND,2019,16,IND,CAR,73.0,113.0,56.0,186.0,94.675644,230.29428,81.256645,185.96385
2019_16_CIN_MIA,2019,16,MIA,CIN,43.0,392.0,54.0,214.0,92.563576,257.2573,101.734085,216.61919
2019_16_PIT_NYJ,2019,16,NYJ,PIT,84.0,183.0,70.0,213.0,112.22738,243.35313,65.212456,225.6523
2019_16_NO_TEN,2019,16,TEN,NO,141.0,238.0,105.0,299.0,103.68936,255.23396,86.03189,260.58264
2019_16_NYG_WAS,2019,16,WAS,NYG,79.0,302.0,194.0,352.0,87.58468,222.06528,94.96643,187.55864
2019_16_DET_DEN,2019,16,DEN,DET,122.0,196.0,88.0,114.0,97.75309,225.93068,92.98683,206.13297
2019_16_DAL_PHI,2019,16,PHI,DAL,64.0,310.0,47.0,248.0,76.08067,238.03294,82.483864,204.1785
2019_16_ARI_SEA,2019,16,SEA,ARI,85.0,147.0,198.0,167.0,108.40443,243.55148,77.327484,210.66222
2019_16_KC_CHI,2019,16,CHI,KC,93.0,86.0,52.0,178.0,82.03692,218.8271,82.538506,208.84549
2019_16_GB_MIN,2019,16,MIN,GB,57.0,92.0,179.0,216.0,86.81682,270.01596,76.89196,219.52669
2019_17_NYJ_BUF,2019,17,BUF,NYJ,73.0,170.0,88.0,199.0,98.08847,219.09596,72.447784,216.74701
2019_17_NO_CAR,2019,17,CAR,NO,26.0,183.0,111.0,253.0,75.68555,228.40117,80.44537,181.73459
2019_17_CLE_CIN,2019,17,CIN,CLE,173.0,190.0,45.0,230.0,85.73639,244.46037,80.57503,236.99094
2019_17_GB_DET,2019,17,DET,GB,160.0,141.0,119.0,323.0,116.02743,195.26172,139.10628,197.27809
2019_17_LAC_KC,2019,17,KC,LAC,148.0,174.0,103.0,273.0,86.75982,199.64778,80.28981,191.35693
2019_17_CHI_MIN,2019,17,MIN,CHI,174.0,126.0,157.0,207.0,86.28548,229.4709,70.652565,218.08206
2019_17_MIA_NE,2019,17,NE,MIA,135.0,221.0,37.0,340.0,89.44564,226.0074,72.82158,180.02727
2019_17_ATL_TB,2019,17,TB,ATL,133.0,201.0,87.0,313.0,98.85611,238.33624,79.37498,213.64339
2019_17_PIT_BAL,2019,17,BAL,PIT,190.0,96.0,83.0,95.0,65.79281,237.12448,133.43628,236.88448
2019_17_WAS_DAL,2019,17,DAL,WAS,158.0,235.0,89.0,188.0,85.90152,236.06168,92.48966,222.4014
2019_17_TEN_HOU,2019,17,HOU,TEN,68.0,179.0,123.0,222.0,80.908554,255.01332,94.488205,219.71866
2019_17_IND_JAX,2019,17,JAX,IND,41.0,277.0,125.0,162.0,98.2792,201.0036,92.15225,206.24083
2019_17_ARI_LA,2019,17,LA,ARI,104.0,319.0,58.0,273.0,102.18674,245.47365,87.33649,216.68712
2019_17_PHI_NYG,2019,17,NYG,PHI,85.0,215.0,101.0,289.0,71.63126,249.95891,116.099525,217.73463
2019_17_SF_SEA,2019,17,SEA,SF,100.0,233.0,126.0,285.0,83.31358,232.46243,84.92576,257.12128
2019_18_BUF_HOU,2019,18,HOU,BUF,114.0,247.0,154.0,280.0,95.32665,209.86212,98.148865,235.19797
2019_18_TEN_NE,2019,18,NE,TEN,98.0,209.0,196.0,76.0,104.39838,195.78499,82.74844,198.92528
2019_18_MIN_NO,2019,18,NO,MIN,92.0,258.0,137.0,242.0,81.65624,229.39201,103.0214,238.27919
2019_18_SEA_PHI,2019,18,PHI,SEA,113.0,177.0,24.0,289.0,100.64481,241.49496,131.00508,260.40155
2019_19_MIN_SF,2019,19,SF,MIN,144.0,130.0,15.0,87.0,95.35628,204.94804,62.68317,235.56712
2019_19_TEN_BAL,2019,19,BAL,TEN,77.0,219.0,183.0,91.0,69.217415,199.38089,84.07609,228.03542
2019_19_HOU_KC,2019,19,KC,HOU,23.0,310.0,74.0,255.0,91.45913,211.37956,67.05709,194.16972
2019_19_SEA_GB,2019,19,GB,SEA,97.0,243.0,46.0,277.0,97.44063,186.283,111.849464,214.68283
2019_20_TEN_KC,2019,20,KC,TEN,57.0,224.0,74.0,146.0,67.12217,218.15125,61.787266,193.93138
2019_20_GB_SF,2019,20,SF,GB,264.0,48.0,57.0,176.0,86.94946,173.34814,107.12406,222.81754
2019_21_SF_KC,2019,21,KC,SF,65.0,286.0,132.0,219.0,96.47943,233.9824,113.597694,213.56378
2020_01_HOU_KC,2020,1,KC,HOU,137.0,208.0,70.0,119.0,97.05832,222.1599,85.890076,174.12451
2020_01_SEA_ATL,2020,1,ATL,SEA,72.0,284.0,79.0,219.0,106.86795,218.70204,97.13716,198.93231
2020_01_CLE_BAL,2020,1,BAL,CLE,69.0,263.0,97.0,168.0,88.02889,221.92418,123.12745,259.02148
2020_01_NYJ_BUF,2020,1,BUF,NYJ,56.0,237.0,36.0,157.0,84.35484,226.57222,89.34264,192.0854
2020_01_LV_CAR,2020,1,CAR,LV,103.0,269.0,125.0,239.0,102.322945,204.64563,107.502556,183.96175
2020_01_CHI_DET,2020,1,DET,CHI,86.0,288.0,120.0,235.0,114.52498,225.63193,98.370445,236.78754
2020_01_IND_JAX,2020,1,JAX,IND,72.0,173.0,85.0,363.0,98.21807,211.47203,78.292496,169.95012
2020_01_GB_MIN,2020,1,MIN,GB,80.0,95.0,143.0,303.0,112.24347,207.80856,79.68153,183.40237
2020_01_MIA_NE,2020,1,NE,MIA,196.0,155.0,73.0,191.0,106.870415,281.09534,110.25775,168.1603
2020_01_PHI_WAS,2020,1,WAS,PHI,58.0,178.0,57.0,255.0,105.66899,216.16391,86.82057,187.34003
2020_01_LAC_CIN,2020,1,CIN,LAC,107.0,193.0,149.0,208.0,131.48337,223.81226,89.10533,173.05986
2020_01_TB_NO,2020,1,NO,TB,48.0,151.0,68.0,157.0,85.73163,228.87408,95.777336,207.78177
2020_01_ARI_SF,2020,1,SF,ARI,114.0,259.0,87.0,230.0,102.53374,199.90807,98.80174,227.9993
2020_01_DAL_LA,2020,1,LA,DAL,146.0,275.0,106.0,266.0,102.61451,210.72258,86.166985,186.3132
2020_01_PIT_NYG,2020,1,NYG,PIT,7.0,222.0,109.0,221.0,106.280365,213.19232,85.991455,185.14966
2020_01_TEN_DEN,2020,1,DEN,TEN,104.0,216.0,119.0,249.0,104.57827,198.94125,104.29402,172.46115
2020_02_CIN_CLE,2020,2,CLE,CIN,194.0,219.0,43.0,228.0,99.34178,217.21602,87.74837,245.84937
2020_02_NYG_CHI,2020,2,CHI,NYG,123.0,190.0,54.0,241.0,87.75116,235.20534,102.75946,240.81364
2020_02_ATL_DAL,2020,2,DAL,ATL,114.0,352.0,84.0,259.0,98.675865,195.81969,100.831154,184.07382
2020_02_DET_GB,2020,2,GB,DET,202.0,196.0,78.0,176.0,94.84588,222.7666,82.195305,209.62479
2020_02_MIN_IND,2020,2,IND,MIN,125.0,151.0,62.0,59.0,106.67299,196.56015,71.18724,197.29596
2020_02_BUF_MIA,2020,2,MIA,BUF,87.0,266.0,109.0,415.0,93.13656,251.11485,115.52851,210.28928
2020_02_SF_NYJ,2020,2,NYJ,SF,74.0,85.0,157.0,162.0,91.65253,212.47266,115.56237,253.40422
2020_02_LA_PHI,2020,2,PHI,LA,115.0,209.0,144.0,239.0,82.37929,239.11287,83.433784,221.94846
2020_02_DEN_PIT,2020,2,PIT,DEN,107.0,311.0,101.0,276.0,114.79405,239.2929,95.10931,207.6036
2020_02_CAR_TB,2020,2,TB,CAR,76.0,217.0,87.0,289.0,106.049255,230.4375,87.31601,226.54088
2020_02_JAX_TEN,2020,2,TEN,JAX,111.0,239.0,146.0,339.0,95.77588,252.72404,85.91576,242.20891
2020_02_WAS_ARI,2020,2,ARI,WAS,78.0,245.0,83.0,119.0,107.42841,180.52124,85.78201,238.8459
2020_02_BAL_HOU,2020,2,HOU,BAL,32.0,220.0,109.0,204.0,93.29539,260.12732,97.18615,201.76367
2020_02_KC_LAC,2020,2,LAC,KC,176.0,311.0,71.0,302.0,83.13266,231.65163,106.99888,251.97472
2020_02_NE_SEA,2020,2,SEA,NE,115.0,288.0,43.0,352.0,108.15396,208.90231,59.260838,186.27333
2020_02_NO_LV,2020,2,LV,NO,113.0,284.0,104.0,237.0,91.21047,244.08301,78.10371,248.35939
2020_03_MIA_JAX,2020,3,JAX,MIA,49.0,153.0,79.0,157.0,64.95,235.11577,95.046646,208.195
2020_03_CHI_ATL,2020,3,ATL,CHI,136.0,238.0,67.0,237.0,97.46122,267.63843,80.63482,245.42575
2020_03_LA_BUF,2020,3,BUF,LA,101.0,311.0,164.0,321.0,75.6892,254.10233,98.87671,240.606
2020_03_WAS_CLE,2020,3,CLE,WAS,132.0,147.0,97.0,210.0,103.92266,211.46289,88.60965,196.88434
2020_03_TEN_MIN,2020,3,MIN,TEN,212.0,251.0,125.0,321.0,75.08513,206.42657,100.54695,209.41318
2020_03_LV_NE,2020,3,NE,LV,210.0,162.0,99.0,203.0,66.16367,245.46072,104.88964,176.53021
2020_03_SF_NYG,2020,3,NYG,SF,59.0,96.0,77.0,231.0,80.67901,280.72064,83.11027,224.38908
2020_03_CIN_PHI,2020,3,PHI,CIN,115.0,225.0,49.0,312.0,89.10013,244.7045,107.444176,241.96657
2020_03_HOU_PIT,2020,3,PIT,HOU,171.0,213.0,24.0,264.0,62.779877,224.80107,86.849945,177.83095
2020_03_NYJ_IND,2020,3,IND,NYJ,85.0,217.0,62.0,149.0,105.771416,247.18419,88.401505,235.43071
2020_03_CAR_LAC,2020,3,LAC,CAR,102.0,330.0,75.0,235.0,100.87913,188.76874,90.37766,185.63303
2020_03_TB_DEN,2020,3,DEN,TB,26.0,162.0,40.0,271.0,81.09278,232.14957,98.04313,225.50214
2020_03_DAL_SEA,2020,3,SEA,DAL,94.0,315.0,40.0,472.0,98.1849,206.74301,94.122,266.90976
2020_03_GB_NO,2020,3,NO,GB,114.0,229.0,86.0,283.0,77.866104,198.04068,112.81133,159.08965
2020_03_KC_BAL,2020,3,BAL,KC,130.0,78.0,87.0,363.0,72.51158,279.44342,79.344215,266.4846
2020_04_DEN_NYJ,2020,4,NYJ,DEN,48.0,246.0,122.0,242.0,59.28159,222.85156,113.12479,234.92664
2020_04_ARI_CAR,2020,4,CAR,ARI,77.0,221.0,47.0,110.0,87.57645,206.33096,83.60072,240.20459
2020_04_JAX_CIN,2020,4,CIN,JAX,145.0,300.0,82.0,257.0,56.72689,255.92166,102.638016,236.53925
2020_04_CLE_DAL,2020,4,DAL,CLE,77.0,309.0,270.0,202.0,71.8598,228.05222,97.810234,237.13782
2020_04_NO_DET,2020,4,DET,NO,57.0,168.0,167.0,246.0,82.42216,274.01443,111.79113,215.35213
2020_04_MIN_HOU,2020,4,HOU,MIN,66.0,207.0,147.0,260.0,88.2401,202.08864,100.50523,213.0008
2020_04_SEA_MIA,2020,4,MIA,SEA,56.0,250.0,82.0,328.0,98.9656,217.98532,96.52834,195.67842
2020_04_LAC_TB,2020,4,TB,LAC,102.0,369.0,38.0,290.0,92.07656,265.2521,96.36851,221.12956
2020_04_BAL_WAS,2020,4,WAS,BAL,63.0,219.0,90.0,184.0,80.64879,228.772,86.06922,265.7528
2020_04_NYG_LA,2020,4,LA,NYG,60.0,200.0,98.0,190.0,84.61166,243.28786,100.357574,204.14952
2020_04_IND_CHI,2020,4,CHI,IND,29.0,159.0,60.0,182.0,78.29775,227.63356,99.74117,220.86885
2020_04_BUF_LV,2020,4,LV,BUF,66.0,231.0,54.0,274.0,104.03329,219.94293,101.55405,267.86887
2020_04_PHI_SF,2020,4,SF,PHI,116.0,338.0,75.0,193.0,85.82228,246.42958,85.26694,202.29639
2020_04_NE_KC,2020,4,KC,NE,60.0,235.0,149.0,134.0,88.8885,233.12053,99.45631,220.07158
2020_04_ATL_GB,2020,4,GB,ATL,64.0,292.0,54.0,175.0,72.198906,216.41261,97.38163,251.04568
2020_05_TB_CHI,2020,5,CHI,TB,36.0,243.0,107.0,253.0,83.591705,268.7432,86.65626,220.99693
2020_05_CAR_ATL,2020,5,ATL,CAR,167.0,187.0,109.0,313.0,80.64094,235.14221,115.431305,244.97708
2020_05_CIN_BAL,2020,5,BAL,CIN,159.0,180.0,30.0,125.0,86.76887,262.55927,99.95635,242.72307
2020_05_JAX_HOU,2020,5,HOU,JAX,56.0,359.0,57.0,212.0,83.56512,250.68951,97.06571,225.84027
2020_05_LV_KC,2020,5,KC,LV,63.0,262.0,125.0,345.0,69.44187,260.71,88.734024,208.70331
2020_05_ARI_NYJ,2020,5,NYJ,ARI,96.0,159.0,110.0,283.0,84.33321,187.7775,97.92191,291.7995
2020_05_PHI_PIT,2020,5,PIT,PHI,127.0,239.0,89.0,276.0,85.64261,227.39754,85.60541,257.54163
2020_05_LA_WAS,2020,5,WAS,LA,20.0,110.0,68.0,269.0,88.532135,265.23325,96.708755,193.48827
2020_05_MIA_SF,2020,5,SF,MIA,127.0,140.0,24.0,346.0,73.395004,259.5017,79.73174,215.55887
2020_05_IND_CLE,2020,5,CLE,IND,107.0,265.0,69.0,224.0,86.909256,256.54547,93.84525,202.31226
2020_05_NYG_DAL,2020,5,DAL,NYG,126.0,288.0,90.0,222.0,79.073204,283.49866,84.50104,202.60997
2020_05_MIN_SEA,2020,5,SEA,MIN,66.0,217.0,201.0,249.0,100.14241,247.28287,95.796844,215.70148
2020_05_LAC_NO,2020,5,NO,LAC,95.0,325.0,107.0,264.0,83.07041,253.65797,104.68651,225.42532
2020_05_BUF_TEN,2020,5,TEN,BUF,54.0,176.0,34.0,193.0,117.118065,262.2607,103.534325,231.23532
2020_06_CHI_CAR,2020,6,CAR,CHI,65.0,216.0,52.0,198.0,84.978615,239.92883,92.838585,194.86142
2020_06_CIN_IND,2020,6,IND,CIN,60.0,371.0,98.0,313.0,75.82661,263.61697,79.83564,191.18436
2020_06_DET_JAX,2020,6,JAX,DET,22.0,163.0,115.0,202.0,63.52438,262.74988,131.8778,205.38321
2020_06_ATL_MIN,2020,6,MIN,ATL,24.0,197.0,60.0,278.0,94.81401,186.36841,76.57212,205.11694
2020_06_DEN_NE,2020,6,NE,DEN,62.0,171.0,139.0,181.0,84.198265,275.65863,101.34421,188.9976
2020_06_WAS_NYG,2020,6,NYG,WAS,127.0,112.0,78.0,280.0,78.03203,233.35428,122.36494,215.17087
2020_06_BAL_PHI,2020,6,PHI,BAL,155.0,136.0,145.0,177.0,106.91747,211.83728,91.4227,271.0519
2020_06_CLE_PIT,2020,6,PIT,CLE,102.0,139.0,43.0,137.0,78.07115,255.45207,133.83725,210.68307
2020_06_HOU_TEN,2020,6,TEN,HOU,263.0,366.0,74.0,335.0,83.83272,281.2715,96.84356,223.44652
2020_06_NYJ_MIA,2020,6,MIA,NYJ,89.0,191.0,96.0,71.0,86.61446,209.05318,92.411896,249.49496
2020_06_GB_TB,2020,6,TB,GB,78.0,166.0,49.0,154.0,84.11677,269.41928,107.04195,212.13242
2020_06_LA_SF,2020,6,SF,LA,90.0,239.0,103.0,115.0,100.795944,233.7617,85.03373,249.12769
2020_06_KC_BUF,2020,6,BUF,KC,60.0,115.0,217.0,225.0,76.71376,257.79092,97.54452,207.02309
2020_06_ARI_DAL,2020,6,DAL,ARI,79.0,178.0,148.0,128.0,79.51773,247.18036,75.25464,221.51454
2020_07_NYG_PHI,2020,7,PHI,NYG,92.0,359.0,151.0,187.0,94.50425,218.14775,106.36308,215.2659
2020_07_DET_ATL,2020,7,ATL,DET,66.0,338.0,56.0,340.0,76.43069,238.31857,88.2261,199.52168
2020_07_CLE_CIN,2020,7,CIN,CLE,69.0,422.0,83.0,316.0,74.60334,221.11693,103.61553,221.97661
2020_07_GB_HOU,2020,7,HOU,GB,36.0,227.0,67.0,261.0,63.18694,259.48495,114.96677,205.81392
2020_07_CAR_NO,2020,7,NO,CAR,137.0,287.0,27.0,254.0,78.81625,273.13193,95.79647,228.86395
2020_07_BUF_NYJ,2020,7,NYJ,BUF,100.0,120.0,90.0,307.0,72.80686,216.86568,126.06783,189.84859
2020_07_PIT_TEN,2020,7,TEN,PIT,78.0,220.0,95.0,268.0,85.605286,264.86176,104.80899,255.666
2020_07_DAL_WAS,2020,7,WAS,DAL,151.0,188.0,57.0,107.0,74.69824,276.24683,81.69551,206.10744
2020_07_TB_LV,2020,7,LV,TB,33.0,277.0,75.0,323.0,78.20927,267.93085,88.23321,248.50632
2020_07_KC_DEN,2020,7,DEN,KC,153.0,173.0,97.0,144.0,78.34726,241.80736,74.13601,207.2462
2020_07_JAX_LAC,2020,7,LAC,JAX,91.0,343.0,121.0,169.0,79.37148,198.21588,119.096985,233.57983
2020_07_SF_NE,2020,7,NE,SF,52.0,98.0,176.0,263.0,85.29396,223.3008,96.236404,237.86374
2020_07_SEA_ARI,2020,7,ARI,SEA,124.0,360.0,150.0,388.0,80.96599,225.68839,105.30807,206.38397
2020_07_CHI_LA,2020,7,LA,CHI,143.0,220.0,40.0,157.0,82.89844,226.6516,110.279144,214.45668
2020_08_ATL_CAR,2020,8,CAR,ATL,117.0,137.0,108.0,261.0,82.36155,235.49554,88.245155,211.05173
2020_08_PIT_BAL,2020,8,BAL,PIT,247.0,208.0,48.0,182.0,86.95446,229.84201,86.138275,243.16486
2020_08_NE_BUF,2020,8,BUF,NE,169.0,154.0,183.0,174.0,77.49962,247.7663,88.25758,206.09305
2020_08_TEN_CIN,2020,8,CIN,TEN,86.0,228.0,144.0,134.0,84.11354,231.91534,73.17326,209.95341
2020_08_LV_CLE,2020,8,CLE,LV,74.0,122.0,158.0,111.0,86.39306,267.3299,80.02091,203.59666
2020_08_IND_DET,2020,8,DET,IND,16.0,209.0,59.0,215.0,78.739975,247.27922,98.99691,214.51634
2020_08_MIN_GB,2020,8,GB,MIN,102.0,219.0,130.0,153.0,81.5563,264.31494,88.667854,234.67892
2020_08_NYJ_KC,2020,8,KC,NYJ,22.0,367.0,51.0,133.0,79.44547,243.58728,95.29498,198.04836
2020_08_LA_MIA,2020,8,MIA,LA,36.0,60.0,116.0,237.0,78.01934,262.50467,75.27425,218.1023
2020_08_LAC_DEN,2020,8,DEN,LAC,109.0,248.0,200.0,278.0,82.66021,254.51537,91.255554,228.00053
2020_08_NO_CHI,2020,8,CHI,NO,96.0,272.0,121.0,280.0,68.95379,250.06786,86.28048,185.96155
2020_08_SF_SEA,2020,8,SEA,SF,66.0,212.0,50.0,84.0,81.609795,205.16173,55.5934,240.27922
2020_08_DAL_PHI,2020,8,PHI,DAL,98.0,130.0,119.0,126.0,91.882164,227.06073,89.69253,234.25449
2020_08_TB_NYG,2020,8,NYG,TB,87.0,236.0,82.0,279.0,67.15876,242.30077,64.221016,205.13202
2020_09_DEN_ATL,2020,9,ATL,DEN,67.0,243.0,50.0,162.0,79.7712,233.94545,77.925,176.96848
2020_09_SEA_BUF,2020,9,BUF,SEA,12.0,408.0,42.0,243.0,90.306114,203.47096,121.88823,190.40475
2020_09_BAL_IND,2020,9,IND,BAL,98.0,163.0,79.0,170.0,79.554405,216.47812,76.20299,222.5637
2020_09_HOU_JAX,2020,9,JAX,HOU,102.0,282.0,53.0,281.0,72.200066,255.08635,139.22368,221.99837
2020_09_CAR_KC,2020,9,KC,CAR,30.0,372.0,89.0,338.0,78.82215,256.19412,77.32967,222.35309
2020_09_DET_MIN,2020,9,MIN,DET,128.0,213.0,109.0,171.0,76.22846,241.93169,86.49487,189.62338
2020_09_CHI_TEN,2020,9,TEN,CHI,52.0,110.0,49.0,209.0,68.49764,204.51,67.07509,230.04088
2020_09_NYG_WAS,2020,9,WAS,NYG,37.0,387.0,169.0,212.0,88.1459,249.25578,106.89388,241.3298
2020_09_LV_LAC,2020,9,LAC,LV,118.0,326.0,146.0,165.0,100.09588,240.71597,93.183876,206.07423
2020_09_MIA_ARI,2020,9,ARI,MIA,145.0,283.0,62.0,248.0,91.81161,233.1346,85.1169,204.71593
2020_09_PIT_DAL,2020,9,DAL,PIT,118.0,243.0,33.0,309.0,86.17067,196.5449,97.53265,229.77184
2020_09_NO_TB,2020,9,TB,NO,9.0,155.0,93.0,228.0,66.28919,207.19695,75.662285,212.05124
2020_09_NE_NYJ,2020,9,NYJ,NE,65.0,262.0,157.0,274.0,87.06729,231.5363,61.08662,221.5949
2020_10_IND_TEN,2020,10,TEN,IND,104.0,110.0,109.0,302.0,106.76035,219.96776,82.24175,220.60568
2020_10_TB_CAR,2020,10,CAR,TB,49.0,130.0,171.0,321.0,100.96132,244.4118,97.24246,243.11288
2020_10_HOU_CLE,2020,10,CLE,HOU,224.0,132.0,79.0,163.0,84.94027,217.26138,106.35982,218.2744
2020_10_WAS_DET,2020,10,DET,WAS,105.0,276.0,85.0,390.0,98.12815,277.752,93.67885,221.69539
2020_10_JAX_GB,2020,10,GB,JAX,76.0,325.0,109.0,169.0,103.529564,217.5053,103.42712,195.56104
2020_10_PHI_NYG,2020,10,NYG,PHI,130.0,247.0,155.0,185.0,73.491005,257.16928,114.98083,229.03107
2020_10_BUF_ARI,2020,10,ARI,BUF,196.0,245.0,64.0,296.0,93.27468,242.6968,141.64557,233.38635
2020_10_DEN_LV,2020,10,LV,DEN,127.0,148.0,44.0,162.0,118.923676,214.926,93.248634,200.77795
2020_10_LAC_MIA,2020,10,MIA,LAC,92.0,168.0,79.0,122.0,91.03834,210.16928,101.44091,219.5442
2020_10_SEA_LA,2020,10,LA,SEA,95.0,302.0,48.0,227.0,106.34831,248.54645,107.35058,206.58406
2020_10_SF_NO,2020,10,NO,SF,44.0,139.0,43.0,168.0,111.31298,275.6177,100.96226,240.843
2020_10_CIN_PIT,2020,10,PIT,CIN,30.0,320.0,51.0,205.0,103.2078,215.64308,168.29951,236.79102
2020_10_BAL_NE,2020,10,NE,BAL,177.0,142.0,86.0,249.0,110.29127,204.24352,113.1347,226.45712
2020_10_MIN_CHI,2020,10,CHI,MIN,39.0,124.0,91.0,271.0,77.81989,249.15437,94.95014,228.70929
2020_11_ARI_SEA,2020,11,SEA,ARI,123.0,197.0,43.0,269.0,99.039955,235.89383,94.31003,239.17035
2020_11_TEN_BAL,2020,11,BAL,TEN,112.0,186.0,161.0,266.0,83.3348,223.53432,90.273445,234.06596
2020_11_DET_CAR,2020,11,CAR,DET,61.0,247.0,35.0,128.0,97.191,246.18265,82.72502,207.81335
2020_11_PHI_CLE,2020,11,CLE,PHI,115.0,194.0,106.0,146.0,78.75696,241.29411,89.765144,208.68715
2020_11_NE_HOU,2020,11,HOU,NE,14.0,344.0,87.0,306.0,114.113106,266.30975,88.40325,207.99629
2020_11_PIT_JAX,2020,11,JAX,PIT,72.0,110.0,99.0,205.0,86.47853,179.84491,67.85346,199.87863
2020_11_ATL_NO,2020,11,NO,ATL,97.0,224.0,40.0,147.0,76.9235,223.18042,111.23857,209.42464
2020_11_CIN_WAS,2020,11,WAS,CIN,134.0,166.0,49.0,219.0,85.34104,239.56903,82.388466,213.28539
2020_11_MIA_DEN,2020,11,DEN,MIA,166.0,209.0,55.0,200.0,93.91249,232.29837,79.35033,231.09549
2020_11_NYJ_LAC,2020,11,LAC,NYJ,41.0,354.0,88.0,147.0,64.77798,235.71385,88.390945,274.00726
2020_11_GB_IND,2020,11,IND,GB,143.0,288.0,53.0,311.0,96.32483,232.1681,91.670074,201.168
2020_11_DAL_MIN,2020,11,MIN,DAL,121.0,314.0,177.0,203.0,79.433846,264.35715,91.65557,220.45357
2020_11_KC_LV,2020,11,LV,KC,83.0,275.0,92.0,352.0,113.33262,233.47256,128.23055,234.70534
2020_11_LA_TB,2020,11,TB,LA,42.0,216.0,37.0,376.0,115.25262,248.3467,76.30095,215.78961
2020_12_HOU_DET,2020,12,DET,HOU,106.0,176.0,45.0,284.0,100.42226,255.6917,77.69517,207.02344
2020_12_WAS_DAL,2020,12,DAL,WAS,45.0,196.0,104.0,169.0,115.603584,217.92336,83.87669,221.20183
2020_12_LV_ATL,2020,12,ATL,LV,51.0,188.0,25.0,196.0,86.921,217.18246,102.9476,183.24342
2020_12_LAC_BUF,2020,12,BUF,LAC,165.0,177.0,76.0,210.0,87.92591,245.64438,58.343216,205.41928
2020_12_NYG_CIN,2020,12,CIN,NYG,35.0,136.0,126.0,244.0,81.93495,259.5894,86.38053,227.57819
2020_12_TEN_IND,2020,12,IND,TEN,52.0,163.0,221.0,199.0,95.94133,223.52843,88.20067,216.10472
2020_12_CLE_JAX,2020,12,JAX,CLE,136.0,235.0,205.0,258.0,92.965744,271.68668,97.668236,234.16505
2020_12_CAR_MIN,2020,12,MIN,CAR,77.0,307.0,95.0,267.0,85.76763,272.88818,82.65114,238.84036
2020_12_ARI_NE,2020,12,NE,ARI,110.0,84.0,109.0,170.0,76.59976,226.71912,77.6114,244.34471
2020_12_MIA_NYJ,2020,12,NYJ,MIA,76.0,197.0,61.0,250.0,107.447624,239.68303,68.40462,203.78395
2020_12_NO_DEN,2020,12,DEN,NO,53.0,13.0,178.0,42.0,95.27783,222.54123,69.79098,242.97804
2020_12_SF_LA,2020,12,LA,SF,115.0,198.0,112.0,252.0,88.53814,253.0838,85.474106,217.865
2020_12_KC_TB,2020,12,TB,KC,76.0,284.0,76.0,462.0,91.31827,239.49564,79.45622,201.31662
2020_12_CHI_GB,2020,12,GB,CHI,140.0,196.0,84.0,130.0,81.690025,260.6809,121.66496,229.01596
2020_12_SEA_PHI,2020,12,PHI,SEA,42.0,137.0,67.0,230.0,68.69316,266.62952,93.99418,203.1683
2020_12_BAL_PIT,2020,12,PIT,BAL,61.0,231.0,113.0,33.0,87.66049,251.02974,81.68952,221.33174
2020_13_NO_ATL,2020,13,ATL,NO,70.0,273.0,139.0,230.0,75.52345,230.14536,89.07667,202.64182
2020_13_DET_CHI,2020,13,CHI,DET,131.0,258.0,61.0,388.0,93.94959,245.50786,93.4795,200.69432
2020_13_IND_HOU,2020,13,HOU,IND,63.0,341.0,112.0,285.0,110.880035,202.91716,64.50146,189.78906
2020_13_CIN_MIA,2020,13,MIA,CIN,57.0,278.0,37.0,144.0,100.65006,227.25504,84.32343,218.83168
2020_13_JAX_MIN,2020,13,MIN,JAX,135.0,305.0,115.0,280.0,110.99393,203.15097,79.99796,205.70343
2020_13_LV_NYJ,2020,13,NYJ,LV,184.0,186.0,67.0,381.0,91.64523,247.09108,80.08368,210.59944
2020_13_CLE_TEN,2020,13,TEN,CLE,55.0,283.0,82.0,327.0,114.81207,235.4545,76.46118,233.96532
2020_13_LA_ARI,2020,13,ARI,LA,61.0,152.0,93.0,351.0,97.15862,211.5779,95.50553,213.22679
2020_13_NYG_SEA,2020,13,SEA,NYG,61.0,254.0,188.0,105.0,94.43251,260.23984,74.743355,195.39746
2020_13_PHI_GB,2020,13,GB,PHI,136.0,279.0,73.0,113.0,94.16863,213.87466,94.68913,215.24898
2020_13_NE_LAC,2020,13,LAC,NE,45.0,143.0,137.0,69.0,96.38691,237.29758,85.582726,210.88118
2020_13_DEN_KC,2020,13,KC,DEN,108.0,318.0,171.0,151.0,91.32449,243.27368,95.80899,206.9533
2020_13_WAS_PIT,2020,13,PIT,WAS,21.0,283.0,45.0,296.0,110.14696,249.2795,91.37903,197.33517
2020_13_BUF_SF,2020,13,SF,BUF,78.0,172.0,70.0,364.0,82.05342,231.81946,95.293686,233.74194
2020_13_DAL_BAL,2020,13,BAL,DAL,175.0,96.0,97.0,168.0,85.35376,279.63385,102.521,224.93604
2020_14_NE_LA,2020,14,LA,NE,157.0,117.0,85.0,119.0,72.04633,308.9379,89.52823,249.37296
2020_14_DEN_CAR,2020,14,CAR,DEN,101.0,263.0,92.0,280.0,92.522385,192.7172,75.85073,189.34615
2020_14_HOU_CHI,2020,14,CHI,HOU,130.0,244.0,55.0,177.0,91.09405,253.57713,62.361176,192.3623
2020_14_DAL_CIN,2020,14,CIN,DAL,85.0,217.0,67.0,146.0,93.35578,231.8376,73.828896,267.27603
2020_14_TEN_JAX,2020,14,JAX,TEN,22.0,133.0,200.0,212.0,95.016785,246.54918,74.93062,210.70378
2020_14_KC_MIA,2020,14,MIA,KC,46.0,212.0,86.0,388.0,92.76285,246.92728,80.63451,241.52544
2020_14_ARI_NYG,2020,14,NYG,ARI,75.0,96.0,93.0,174.0,105.7817,271.5594,92.62637,180.14082
2020_14_MIN_TB,2020,14,TB,MIN,72.0,190.0,133.0,195.0,109.631676,312.7385,83.54267,237.39926
2020_14_IND_LV,2020,14,LV,IND,61.0,275.0,200.0,244.0,92.8509,219.84045,69.372345,189.85777
2020_14_NYJ_SEA,2020,14,SEA,NYJ,155.0,206.0,47.0,125.0,85.899055,228.70897,104.83627,251.18806
2020_14_GB_DET,2020,14,DET,GB,45.0,261.0,102.0,284.0,81.65223,245.50719,68.576614,196.22968
2020_14_ATL_LAC,2020,14,LAC,ATL,105.0,243.0,67.0,263.0,81.62099,223.48326,66.68493,180.39246
2020_14_NO_PHI,2020,14,PHI,NO,196.0,167.0,74.0,240.0,106.21719,203.74765,93.18772,229.61615
2020_14_WAS_SF,2020,14,SF,WAS,108.0,207.0,110.0,108.0,97.50385,218.02066,85.959946,223.78783
2020_14_PIT_BUF,2020,14,BUF,PIT,54.0,213.0,47.0,187.0,92.86456,209.81403,75.55159,195.30168
2020_14_BAL_CLE,2020,14,CLE,BAL,115.0,355.0,184.0,176.0,102.82429,241.40108,66.32012,196.96426
2020_15_LAC_LV,2020,15,LV,LAC,155.0,279.0,95.0,314.0,67.04798,205.69566,67.62828,257.14264
2020_15_TB_ATL,2020,15,ATL,TB,21.0,356.0,43.0,390.0,99.31572,278.9129,82.927986,252.87885
2020_15_JAX_BAL,2020,15,BAL,JAX,115.0,185.0,36.0,182.0,93.9512,235.75146,93.48525,210.8198
2020_15_SF_DAL,2020,15,DAL,SF,79.0,221.0,143.0,207.0,100.35162,214.59737,76.88975,217.94806
2020_15_HOU_IND,2020,15,IND,HOU,128.0,228.0,67.0,373.0,85.2107,284.93274,106.64339,234.41476
2020_15_NE_MIA,2020,15,MIA,NE,230.0,145.0,103.0,187.0,82.60485,240.60571,110.48896,254.95798
2020_15_CHI_MIN,2020,15,MIN,CHI,133.0,271.0,177.0,202.0,57.75652,263.2174,75.408066,245.35753
2020_15_DET_TEN,2020,15,TEN,DET,163.0,225.0,87.0,241.0,103.22244,252.1438,108.973785,224.32019
2020_15_SEA_WAS,2020,15,WAS,SEA,56.0,295.0,129.0,121.0,93.318085,233.76736,106.217026,225.6929
2020_15_PHI_ARI,2020,15,ARI,PHI,83.0,432.0,84.0,308.0,86.985985,226.75516,79.06898,250.33365
2020_15_NYJ_LA,2020,15,LA,NYJ,105.0,209.0,75.0,207.0,104.927536,205.99417,133.79076,239.78632
2020_15_KC_NO,2020,15,NO,KC,60.0,213.0,139.0,246.0,92.126564,267.34146,72.99903,240.39429
2020_15_CLE_NYG,2020,15,NYG,CLE,56.0,128.0,71.0,283.0,97.09841,195.13321,82.36534,271.3517
2020_15_PIT_CIN,2020,15,CIN,PIT,141.0,89.0,83.0,145.0,90.50497,271.67426,72.74008,224.89459
2020_16_MIN_NO,2020,16,NO,MIN,246.0,234.0,90.0,203.0,90.515816,209.84366,57.03674,231.31679
2020_16_TB_DET,2020,16,DET,TB,52.0,103.0,80.0,472.0,91.26646,202.96936,99.22776,240.15556
2020_16_SF_ARI,2020,16,ARI,SF,81.0,239.0,214.0,159.0,92.591606,242.3864,87.40316,237.52744
2020_16_MIA_LV,2020,16,LV,MIA,107.0,336.0,119.0,276.0,89.09,221.58784,84.293884,221.48396
2020_16_NYG_BAL,2020,16,BAL,NYG,204.0,141.0,34.0,159.0,77.834496,273.11514,84.27681,219.66455
2020_16_CIN_HOU,2020,16,HOU,CIN,133.0,282.0,162.0,371.0,91.7666,213.27422,95.74046,210.56667
2020_16_CHI_JAX,2020,16,JAX,CHI,67.0,120.0,81.0,259.0,91.19763,255.71487,102.90245,225.1403
2020_16_ATL_KC,2020,16,KC,ATL,96.0,278.0,91.0,300.0,99.24073,238.68274,86.90294,212.63683
2020_16_CLE_NYJ,2020,16,NYJ,CLE,116.0,218.0,45.0,285.0,83.329475,201.26752,87.27473,192.94514
2020_16_IND_PIT,2020,16,PIT,IND,23.0,341.0,127.0,270.0,78.06082,269.18063,118.227325,262.93576
2020_16_DEN_LAC,2020,16,LAC,DEN,68.0,253.0,121.0,264.0,98.07431,217.87256,113.26724,213.66762
2020_16_CAR_WAS,2020,16,WAS,CAR,86.0,141.0,102.0,194.0,80.813576,320.0409,103.28063,224.97153
2020_16_PHI_DAL,2020,16,DAL,PHI,63.0,371.0,119.0,263.0,71.99929,247.30983,63.486687,229.06143
2020_16_LA_SEA,2020,16,SEA,LA,81.0,225.0,95.0,203.0,96.604,239.98155,75.99182,224.30551
2020_16_TEN_GB,2020,16,GB,TEN,176.0,167.0,115.0,96.0,81.17259,232.43234,98.02933,220.12047
2020_16_BUF_NE,2020,16,NE,BUF,127.0,62.0,76.0,278.0,86.57012,230.59491,82.02762,223.93289
2020_17_MIA_BUF,2020,17,BUF,MIA,41.0,258.0,27.0,247.0,80.092445,246.29765,89.40017,236.58035
2020_17_BAL_CIN,2020,17,CIN,BAL,90.0,48.0,305.0,113.0,73.32933,268.8979,89.377464,242.62375
2020_17_PIT_CLE,2020,17,CLE,PIT,144.0,196.0,80.0,254.0,66.20702,207.68845,74.56645,225.64961
2020_17_MIN_DET,2020,17,DET,MIN,120.0,293.0,129.0,405.0,95.03293,237.82826,107.95293,248.0938
2020_17_NYJ_NE,2020,17,NE,NYJ,133.0,261.0,90.0,229.0,71.93853,256.90182,77.64663,234.98428
2020_17_DAL_NYG,2020,17,NYG,DAL,105.0,229.0,77.0,244.0,77.71809,219.27219,65.481606,229.49438
2020_17_ATL_TB,2020,17,TB,ATL,85.0,358.0,123.0,247.0,96.88112,226.00587,88.519196,193.07584
2020_17_NO_CAR,2020,17,CAR,NO,35.0,176.0,125.0,180.0,78.069786,212.50778,77.886604,217.25029
2020_17_GB_CHI,2020,17,CHI,GB,81.0,195.0,55.0,234.0,83.76331,251.75548,84.17995,254.62839
2020_17_LV_DEN,2020,17,DEN,LV,110.0,339.0,107.0,371.0,81.26176,220.67317,68.77374,190.65845
2020_17_TEN_HOU,2020,17,HOU,TEN,84.0,385.0,279.0,216.0,80.00357,244.0217,79.1933,215.01138
2020_17_JAX_IND,2020,17,IND,JAX,263.0,164.0,53.0,218.0,89.98021,167.09662,81.5513,238.70618
2020_17_LAC_KC,2020,17,KC,LAC,42.0,154.0,77.0,284.0,87.999664,187.54597,94.19368,210.75813
2020_17_ARI_LA,2020,17,LA,ARI,70.0,233.0,49.0,164.0,83.92314,241.9582,72.365974,173.02606
2020_17_SEA_SF,2020,17,SF,SEA,79.0,223.0,92.0,176.0,76.98632,203.93973,99.612564,226.0268
2020_17_WAS_PHI,2020,17,PHI,WAS,81.0,113.0,94.0,162.0,73.199585,231.08104,80.50889,196.2225
2020_18_IND_BUF,2020,18,BUF,IND,72.0,324.0,135.0,296.0,74.27811,250.28064,63.46841,222.0275
2020_18_LA_SEA,2020,18,SEA,LA,87.0,125.0,139.0,160.0,94.35807,231.24364,78.1832,215.33153
2020_18_TB_WAS,2020,18,WAS,TB,40.0,282.0,144.0,381.0,73.28134,241.4677,81.5548,252.14958
2020_18_BAL_TEN,2020,18,TEN,BAL,47.0,165.0,143.0,179.0,72.03405,178.38814,99.0024,236.5143
2020_18_CHI_NO,2020,18,NO,CHI,71.0,246.0,38.0,107.0,96.41398,259.6466,101.98659,192.6055
2020_18_CLE_PIT,2020,18,PIT,CLE,52.0,333.0,109.0,213.0,70.910805,226.3365,82.57245,198.89287
2020_19_LA_GB,2020,19,GB,LA,174.0,276.0,86.0,169.0,90.88143,249.13939,89.91551,225.32921
2020_19_BAL_BUF,2020,19,BUF,BAL,29.0,166.0,85.0,162.0,78.0909,235.2014,68.047676,229.38007
2020_19_CLE_KC,2020,19,KC,CLE,98.0,316.0,112.0,204.0,87.94348,208.9159,107.41623,200.43898
2020_19_TB_NO,2020,19,NO,TB,104.0,190.0,114.0,186.0,91.41659,248.85944,103.929565,232.72136
2020_20_TB_GB,2020,20,GB,TB,67.0,346.0,71.0,280.0,102.589066,233.93378,69.260765,248.05653
2020_20_BUF_KC,2020,20,KC,BUF,70.0,296.0,47.0,199.0,94.29666,249.03581,65.641045,221.34349
2020_21_KC_TB,2020,21,TB,KC,105.0,195.0,73.0,114.0,92.85422,247.4948,91.64049,211.65501
2021_01_DAL_TB,2021,1,TB,DAL,52.0,379.0,50.0,403.0,93.17507,227.0276,92.12848,257.63916
2021_01_PHI_ATL,2021,1,ATL,PHI,100.0,116.0,136.0,206.0,80.74076,269.1396,107.06032,214.62839
2021_01_PIT_BUF,2021,1,BUF,PIT,106.0,215.0,71.0,188.0,71.93791,244.48836,102.64677,249.33806
2021_01_NYJ_CAR,2021,1,CAR,NYJ,84.0,278.0,47.0,150.0,98.537285,224.07486,94.202065,222.08476
2021_01_MIN_CIN,2021,1,CIN,MIN,149.0,261.0,67.0,362.0,70.849655,207.82718,85.13818,223.78137
2021_01_SF_DET,2021,1,DET,SF,101.0,180.0,121.0,281.0,85.5143,236.78482,106.82682,206.63574
2021_01_JAX_HOU,2021,1,HOU,JAX,97.0,277.0,57.0,205.0,82.118546,235.75578,93.61175,253.78685
2021_01_SEA_IND,2021,1,IND,SEA,62.0,184.0,109.0,199.0,86.37131,213.16061,103.87344,213.83905
2021_01_ARI_TEN,2021,1,TEN,ARI,58.0,175.0,95.0,280.0,89.62869,235.8617,77.46554,283.2369
2021_01_LAC_WAS,2021,1,WAS,LAC,107.0,135.0,96.0,337.0,82.61076,238.20743,110.58369,242.92554
2021_01_CLE_KC,2021,1,KC,CLE,55.0,337.0,140.0,321.0,77.56356,236.51001,109.20117,227.30621
2021_01_MIA_NE,2021,1,NE,MIA,125.0,281.0,76.0,202.0,91.17404,270.10617,90.00132,240.89793
2021_01_GB_NO,2021,1,NO,GB,114.0,88.0,26.0,124.0,78.89252,245.83401,84.74875,254.2674
2021_01_DEN_NYG,2021,1,NYG,DEN,33.0,171.0,66.0,261.0,87.08824,207.2101,85.373184,257.51
2021_01_CHI_LA,2021,1,LA,CHI,20.0,295.0,121.0,205.0,72.14927,220.04411,92.57132,214.03748
2021_01_BAL_LV,2021,1,LV,BAL,76.0,435.0,127.0,235.0,78.576035,222.11774,88.97687,280.6758
2021_02_NYG_WAS,2021,2,WAS,NYG,83.0,336.0,151.0,249.0,75.922806,241.02008,60.876812,191.82565
2021_02_NO_CAR,2021,2,CAR,NO,68.0,280.0,20.0,80.0,85.6064,230.13046,75.21707,181.11029
2021_02_CIN_CHI,2021,2,CHI,CIN,64.0,111.0,62.0,135.0,79.00516,270.41818,100.28118,205.10004
2021_02_LA_IND,2021,2,IND,LA,72.0,272.0,96.0,278.0,111.19452,207.17642,86.115845,218.43161
2021_02_DEN_JAX,2021,2,JAX,DEN,54.0,118.0,45.0,297.0,91.93605,237.75719,89.402115,214.77269
2021_02_BUF_MIA,2021,2,MIA,BUF,38.0,167.0,114.0,133.0,87.74953,264.63876,88.33407,236.6389
2021_02_NE_NYJ,2021,2,NYJ,NE,98.0,87.0,89.0,185.0,88.18151,258.0765,68.199615,225.04045
2021_02_SF_PHI,2021,2,PHI,SF,85.0,167.0,76.0,189.0,93.694405,251.07884,104.34421,200.32008
2021_02_LV_PIT,2021,2,PIT,LV,39.0,284.0,29.0,382.0,112.70618,197.01877,111.644226,210.87114
2021_02_MIN_ARI,2021,2,ARI,MIN,76.0,400.0,142.0,244.0,79.55317,250.10178,81.94511,210.88945
2021_02_ATL_TB,2021,2,TB,ATL,76.0,270.0,36.0,282.0,97.385315,222.99278,81.85865,236.21286
2021_02_DAL_LAC,2021,2,LAC,DAL,89.0,338.0,198.0,237.0,85.16901,237.17792,143.50375,265.45123
2021_02_TEN_SEA,2021,2,SEA,TEN,58.0,343.0,187.0,347.0,75.06941,209.54204,97.10063,222.7356
2021_02_KC_BAL,2021,2,BAL,KC,232.0,239.0,59.0,343.0,87.04937,233.74477,94.86382,205.98991
2021_02_DET_GB,2021,2,GB,DET,73.0,232.0,79.0,165.0,84.10944,245.00659,106.3949,223.19049
2021_03_CAR_HOU,2021,3,HOU,CAR,42.0,143.0,87.0,281.0,78.93003,254.07932,89.79391,218.59317
2021_03_WAS_BUF,2021,3,BUF,WAS,82.0,339.0,42.0,149.0,87.187645,192.6693,120.670006,228.1831
2021_03_CHI_CLE,2021,3,CLE,CHI,112.0,231.0,38.0,58.0,79.20045,248.18442,71.904236,190.5064
2021_03_BAL_DET,2021,3,DET,BAL,89.0,217.0,64.0,287.0,90.48986,185.79037,103.91049,235.48328
2021_03_ARI_JAX,2021,3,JAX,ARI,144.0,139.0,73.0,290.0,102.65021,229.81212,86.75361,238.1721
2021_03_LAC_KC,2021,3,KC,LAC,141.0,260.0,63.0,281.0,87.48526,249.39783,84.38015,218.63618
2021_03_NO_NE,2021,3,NE,NO,25.0,212.0,103.0,128.0,100.51427,243.97455,120.226944,226.09782
2021_03_ATL_NYG,2021,3,NYG,ATL,65.0,266.0,69.0,243.0,91.44906,238.56288,87.1609,223.02415
2021_03_CIN_PIT,2021,3,PIT,CIN,40.0,174.0,84.0,165.0,89.83691,224.81647,99.48028,213.3312
2021_03_IND_TEN,2021,3,TEN,IND,139.0,197.0,87.0,157.0,90.08372,207.5094,83.582405,236.79851
2021_03_NYJ_DEN,2021,3,DEN,NYJ,70.0,155.0,40.0,97.0,77.45827,244.08163,80.01317,227.70789
2021_03_MIA_LV,2021,3,LV,MIA,144.0,386.0,96.0,200.0,97.6758,207.26462,93.69679,240.36319
2021_03_TB_LA,2021,3,LA,TB,43.0,303.0,22.0,322.0,81.64954,214.81953,97.18168,211.22823
2021_03_SEA_MIN,2021,3,MIN,SEA,114.0,295.0,99.0,240.0,71.0281,225.23451,97.55432,222.75272
2021_03_GB_SF,2021,3,SF,GB,67.0,257.0,100.0,261.0,73.63985,204.18185,99.25423,207.78322
2021_03_PHI_DAL,2021,3,DAL,PHI,150.0,202.0,28.0,205.0,73.18634,229.94765,97.67837,202.05263
2021_04_JAX_CIN,2021,4,CIN,JAX,78.0,348.0,126.0,204.0,84.366394,201.00443,94.084335,204.48831
2021_04_WAS_ATL,2021,4,ATL,WAS,82.0,283.0,79.0,290.0,90.02762,217.43596,110.98392,225.46797
2021_04_HOU_BUF,2021,4,BUF,HOU,138.0,223.0,37.0,18.0,60.391266,208.72383,80.11834,225.8875
2021_04_DET_CHI,2021,4,CHI,DET,144.0,209.0,85.0,217.0,74.27551,177.87448,80.81984,240.33168
2021_04_CAR_DAL,2021,4,DAL,CAR,176.0,180.0,90.0,162.0,84.344986,182.71191,107.755875,200.05255
2021_04_IND_MIA,2021,4,MIA,IND,23.0,76.0,124.0,170.0,75.80011,182.96713,93.36284,190.29771
2021_04_CLE_MIN,2021,4,MIN,CLE,65.0,203.0,173.0,155.0,77.608154,193.16985,100.99074,271.74405
2021_04_NYG_NO,2021,4,NO,NYG,162.0,235.0,60.0,402.0,82.80587,225.5737,100.88122,223.01591
2021_04_TEN_NYJ,2021,4,NYJ,TEN,65.0,297.0,170.0,298.0,93.223335,251.18028,72.26644,210.93092
2021_04_KC_PHI,2021,4,PHI,KC,67.0,300.0,159.0,223.0,60.638683,231.29399,107.769424,206.69376
2021_04_ARI_LA,2021,4,LA,ARI,96.0,205.0,86.0,268.0,86.17291,215.37628,109.00606,227.2687
2021_04_SEA_SF,2021,4,SF,SEA,102.0,241.0,73.0,144.0,83.12624,200.63855,89.35937,202.00424
2021_04_BAL_DEN,2021,4,DEN,BAL,92.0,119.0,61.0,255.0,91.088974,214.00658,88.60815,228.76921
2021_04_PIT_GB,2021,4,GB,PIT,103.0,235.0,54.0,152.0,75.77627,224.83841,90.51085,208.92538
2021_04_TB_NE,2021,4,NE,TB,0.0,320.0,117.0,269.0,99.86107,202.49756,96.50063,211.46014
2021_04_LV_LAC,2021,4,LAC,LV,128.0,222.0,44.0,184.0,85.2305,241.35301,84.56935,221.06761
2021_05_LA_SEA,2021,5,SEA,LA,67.0,270.0,116.0,365.0,77.998024,199.94907,100.165344,169.60901
2021_05_NYJ_ATL,2021,5,ATL,NYJ,109.0,342.0,61.0,122.0,59.453922,308.44458,93.53734,197.52173
2021_05_PHI_CAR,2021,5,CAR,PHI,99.0,177.0,88.0,198.0,76.23728,219.2771,88.677826,167.13206
2021_05_GB_CIN,2021,5,CIN,GB,94.0,281.0,133.0,344.0,82.46757,263.27808,125.781494,209.85237
2021_05_NE_HOU,2021,5,HOU,NE,67.0,312.0,126.0,231.0,83.20467,237.704,99.41919,184.37375
2021_05_TEN_JAX,2021,5,JAX,TEN,174.0,197.0,137.0,197.0,98.98926,270.20035,97.57297,276.4837
2021_05_DET_MIN,2021,5,MIN,DET,114.0,275.0,108.0,203.0,113.12914,212.32095,78.79495,194.23595
2021_05_DEN_PIT,2021,5,PIT,DEN,144.0,252.0,86.0,224.0,96.480804,222.41344,78.654724,220.12373
2021_05_MIA_TB,2021,5,TB,MIA,83.0,305.0,34.0,238.0,100.74985,209.94368,101.03174,168.8772
2021_05_NO_WAS,2021,5,WAS,NO,91.0,221.0,66.0,279.0,83.74815,201.234,125.41327,186.78629
2021_05_CLE_LAC,2021,5,LAC,CLE,83.0,398.0,222.0,305.0,88.45682,237.08907,115.9494,223.8201
2021_05_CHI_LV,2021,5,LV,CHI,62.0,177.0,141.0,119.0,99.45202,245.29684,82.696815,215.25784
2021_05_SF_ARI,2021,5,ARI,SF,97.0,239.0,107.0,192.0,98.85724,228.74692,105.24525,197.0488
2021_05_NYG_DAL,2021,5,DAL,NYG,146.0,242.0,58.0,204.0,72.68606,279.9974,113.58733,215.00949
2021_05_BUF_KC,2021,5,KC,BUF,54.0,235.0,64.0,275.0,96.79885,229.30035,95.795975,201.99393
2021_05_IND_BAL,2021,5,BAL,IND,39.0,382.0,97.0,380.0,78.43731,220.52766,99.14971,169.58298
2021_06_TB_PHI,2021,6,PHI,TB,71.0,115.0,90.0,280.0,73.023735,277.3637,98.84835,193.00073
2021_06_MIA_JAX,2021,6,JAX,MIA,72.0,319.0,55.0,354.0,95.55538,253.8689,106.97304,203.32849
2021_06_LAC_BAL,2021,6,BAL,LAC,127.0,160.0,13.0,115.0,103.22167,256.1665,93.47313,194.69614
2021_06_MIN_CAR,2021,6,CAR,MIN,70.0,166.0,180.0,370.0,96.06697,227.48438,92.693436,199.13445
2021_06_GB_CHI,2021,6,CHI,GB,97.0,174.0,114.0,195.0,72.9011,237.86398,101.23573,205.42375
2021_06_CIN_DET,2021,6,DET,CIN,22.0,82.0,90.0,255.0,98.18631,240.39886,102.108864,223.63483
2021_06_HOU_IND,2021,6,IND,HOU,108.0,213.0,78.0,195.0,76.62411,239.82332,126.3968,210.69542
2021_06_LA_NYG,2021,6,NYG,LA,49.0,137.0,91.0,238.0,81.25489,222.11638,104.38798,213.62836
2021_06_KC_WAS,2021,6,WAS,KC,89.0,175.0,69.0,323.0,78.742874,245.3078,85.536766,186.12582
2021_06_ARI_CLE,2021,6,CLE,ARI,63.0,234.0,90.0,184.0,93.97609,244.47044,80.86647,182.21492
2021_06_LV_DEN,2021,6,DEN,LV,95.0,157.0,74.0,282.0,103.741165,226.84975,96.6218,201.07864
2021_06_DAL_NE,2021,6,NE,DAL,124.0,229.0,112.0,445.0,87.44325,216.94374,87.522606,210.97379
2021_06_SEA_PIT,2021,6,PIT,SEA,119.0,229.0,145.0,209.0,85.47044,228.32428,95.666595,184.29005
2021_06_BUF_TEN,2021,6,TEN,BUF,147.0,216.0,68.0,353.0,101.63934,176.4169,103.784256,194.22449
2021_07_DEN_CLE,2021,7,CLE,DEN,168.0,199.0,41.0,187.0,82.78367,228.06003,97.173935,227.4377
2021_07_CIN_BAL,2021,7,BAL,CIN,67.0,233.0,34.0,416.0,91.73473,218.9167,110.5389,213.58867
2021_07_ATL_MIA,2021,7,MIA,ATL,106.0,291.0,72.0,336.0,71.243256,277.2412,100.69807,215.69589
2021_07_NYJ_NE,2021,7,NE,NYJ,128.0,253.0,59.0,178.0,67.98326,300.27884,104.73705,189.71504
2021_07_CAR_NYG,2021,7,NYG,CAR,59.0,207.0,43.0,112.0,93.88332,250.16545,106.14187,186.6316
2021_07_KC_TEN,2021,7,TEN,KC,83.0,275.0,38.0,146.0,79.92533,218.1401,96.46388,182.1261
2021_07_DET_LA,2021,7,LA,DET,41.0,329.0,134.0,266.0,93.16765,248.86972,115.30143,226.02888
2021_07_PHI_LV,2021,7,LV,PHI,91.0,291.0,90.0,110.0,79.90472,271.2608,70.00879,168.6749
2021_07_HOU_ARI,2021,7,ARI,HOU,75.0,244.0,40.0,100.0,72.73319,269.11148,104.32994,250.3083
2021_07_CHI_TB,2021,7,TB,CHI,156.0,177.0,93.0,128.0,91.99954,240.6817,101.983444,181.25803
2021_07_IND_SF,2021,7,SF,IND,112.0,162.0,119.0,150.0,79.18975,210.29114,80.2448,253.68533
2021_07_NO_SEA,2021,7,SEA,NO,79.0,167.0,57.0,222.0,91.26163,274.7382,126.85676,208.60536
2021_08_GB_ARI,2021,8,ARI,GB,67.0,274.0,148.0,184.0,90.4468,224.0154,88.93035,172.70839
2021_08_CAR_ATL,2021,8,ATL,CAR,79.0,136.0,147.0,129.0,91.753494,250.28348,75.584015,222.85973
2021_08_MIA_BUF,2021,8,BUF,MIA,52.0,249.0,52.0,145.0,88.410446,217.8039,56.64632,201.08754
2021_08_SF_CHI,2021,8,CHI,SF,87.0,175.0,99.0,322.0,87.92055,209.44565,103.154816,230.67693
2021_08_PIT_CLE,2021,8,CLE,PIT,91.0,225.0,113.0,266.0,85.71796,215.52885,83.040436,209.75507
2021_08_PHI_DET,2021,8,DET,PHI,30.0,152.0,167.0,103.0,79.66664,279.6673,99.95087,243.02231
2021_08_LA_HOU,2021,8,HOU,LA,18.0,90.0,151.0,305.0,92.886024,257.51843,68.85508,219.02396
2021_08_TEN_IND,2021,8,IND,TEN,77.0,193.0,94.0,265.0,90.81403,228.60054,80.32587,226.76248
2021_08_CIN_NYJ,2021,8,NYJ,CIN,101.0,422.0,42.0,305.0,73.00873,227.58722,81.14322,219.44255
2021_08_NE_LAC,2021,8,LAC,NE,154.0,143.0,130.0,217.0,80.91324,230.54062,73.0373,215.38174
2021_08_JAX_SEA,2021,8,SEA,JAX,57.0,183.0,52.0,111.0,75.297424,187.42424,102.43256,181.38089
2021_08_WAS_DEN,2021,8,DEN,WAS,82.0,213.0,102.0,270.0,94.2523,215.24963,109.407265,184.83206
2021_08_TB_NO,2021,8,NO,TB,110.0,215.0,71.0,364.0,104.36836,233.72903,100.56358,195.35977
2021_08_DAL_MIN,2021,8,MIN,DAL,83.0,184.0,76.0,360.0,77.46149,242.00484,88.934944,169.3533
2021_08_NYG_KC,2021,8,KC,NYG,97.0,275.0,66.0,241.0,96.522606,234.49474,80.47968,230.487
2021_09_NYJ_IND,2021,9,IND,NYJ,249.0,218.0,52.0,249.0,75.61601,191.79462,106.15473,205.2226
2021_09_MIN_BAL,2021,9,BAL,MIN,198.0,266.0,131.0,187.0,112.78724,123.91324,104.592735,200.20393
2021_09_NE_CAR,2021,9,CAR,NE,69.0,121.0,117.0,121.0,59.647377,175.65004,116.403595,197.74208
2021_09_CLE_CIN,2021,9,CIN,CLE,66.0,262.0,118.0,153.0,96.231606,263.35413,79.40068,246.0642
2021_09_DEN_DAL,2021,9,DAL,DEN,47.0,79.0,172.0,209.0,76.48585,232.35817,101.6483,200.07835
2021_09_BUF_JAX,2021,9,JAX,BUF,74.0,151.0,23.0,264.0,92.3804,168.05513,113.12128,204.78839
2021_09_HOU_MIA,2021,9,MIA,HOU,32.0,244.0,50.0,216.0,95.31869,230.70065,106.79288,200.61842
2021_09_ATL_NO,2021,9,NO,ATL,109.0,216.0,30.0,332.0,91.17279,182.91872,107.45198,186.80511
2021_09_LV_NYG,2021,9,NYG,LV,132.0,110.0,113.0,296.0,96.459724,187.91077,99.630196,194.14702
2021_09_LAC_PHI,2021,9,PHI,LAC,136.0,162.0,77.0,356.0,108.58113,230.54271,69.30105,155.06871
2021_09_GB_KC,2021,9,KC,GB,80.0,153.0,99.0,141.0,86.00587,204.72359,109.956,222.96567
2021_09_ARI_SF,2021,9,SF,ARI,34.0,258.0,133.0,262.0,85.87623,116.79317,102.09421,202.54556
2021_09_TEN_LA,2021,9,LA,TEN,69.0,208.0,55.0,127.0,100.663376,141.99016,80.61312,193.11157
2021_09_CHI_PIT,2021,9,PIT,CHI,106.0,205.0,107.0,291.0,71.46234,231.6117,99.17627,234.60445
2021_10_BAL_MIA,2021,10,MIA,BAL,45.0,285.0,76.0,147.0,112.64685,233.27547,84.45797,211.43745
2021_10_ATL_DAL,2021,10,DAL,ATL,96.0,300.0,67.0,117.0,91.571106,264.9193,60.5328,229.36423
2021_10_JAX_IND,2021,10,IND,JAX,128.0,180.0,147.0,162.0,109.36395,211.27878,78.847725,173.83698
2021_10_CLE_NE,2021,10,NE,CLE,172.0,195.0,72.0,73.0,116.85889,235.27094,94.26014,210.26122
2021_10_BUF_NYJ,2021,10,NYJ,BUF,63.0,196.0,101.0,323.0,109.495224,200.45703,89.24632,206.78397
2021_10_DET_PIT,2021,10,PIT,DET,109.0,242.0,229.0,114.0,91.847824,207.96455,121.060005,222.78017
2021_10_NO_TEN,2021,10,TEN,NO,71.0,213.0,86.0,309.0,93.249275,211.35345,89.58456,211.4413
2021_10_TB_WAS,2021,10,WAS,TB,75.0,256.0,39.0,220.0,95.36742,246.33255,85.86584,220.78856
2021_10_CAR_ARI,2021,10,ARI,CAR,15.0,123.0,135.0,165.0,109.18214,169.49525,90.468506,287.73956
2021_10_MIN_LAC,2021,10,LAC,MIN,77.0,195.0,106.0,294.0,111.15913,186.2637,87.88742,206.00348
2021_10_PHI_DEN,2021,10,DEN,PHI,96.0,187.0,94.0,178.0,103.36545,195.21028,82.46519,256.81927
2021_10_SEA_GB,2021,10,GB,SEA,83.0,235.0,43.0,110.0,76.00818,176.69205,116.550125,201.18411
2021_10_KC_LV,2021,10,LV,KC,32.0,188.0,64.0,324.0,128.84334,182.07275,113.09676,238.48761
2021_10_LA_SF,2021,10,SF,LA,122.0,135.0,44.0,145.0,85.25359,201.69635,84.35398,203.74544
2021_11_NE_ATL,2021,11,ATL,NE,40.0,132.0,93.0,176.0,69.06692,295.19626,89.91419,223.04912
2021_11_IND_BUF,2021,11,BUF,IND,75.0,145.0,162.0,106.0,119.503716,256.00604,78.986664,285.44882
2021_11_WAS_CAR,2021,11,CAR,WAS,106.0,189.0,183.0,206.0,77.432755,245.22432,105.24208,210.70587
2021_11_BAL_CHI,2021,11,CHI,BAL,86.0,280.0,102.0,219.0,106.5205,239.24039,99.88668,220.33249
2021_11_DET_CLE,2021,11,CLE,DET,156.0,176.0,168.0,77.0,81.286865,229.10107,108.52114,193.1712
2021_11_SF_JAX,2021,11,JAX,SF,22.0,85.0,150.0,165.0,72.8823,247.32262,81.330055,230.07277
2021_11_GB_MIN,2021,11,MIN,GB,96.0,341.0,75.0,385.0,77.42003,248.14182,87.51983,185.77705
2021_11_MIA_NYJ,2021,11,NYJ,MIA,101.0,237.0,97.0,267.0,83.13767,255.42468,104.3625,256.2798
2021_11_NO_PHI,2021,11,PHI,NO,175.0,125.0,92.0,92.0,68.18797,259.70078,95.38056,210.27638
2021_11_HOU_TEN,2021,11,TEN,HOU,104.0,302.0,52.0,101.0,52.360497,275.05475,115.075874,262.09518
2021_11_CIN_LV,2021,11,LV,CIN,63.0,162.0,119.0,148.0,85.83344,241.9938,113.29967,229.99606
2021_11_DAL_KC,2021,11,KC,DAL,96.0,236.0,82.0,139.0,78.80835,253.36832,105.294586,228.52205
2021_11_ARI_SEA,2021,11,SEA,ARI,85.0,194.0,92.0,328.0,83.53067,242.47537,109.79862,226.74925
2021_11_PIT_LAC,2021,11,LAC,PIT,62.0,382.0,55.0,211.0,89.173874,231.87953,80.25071,231.39546
2021_11_NYG_TB,2021,11,TB,NYG,71.0,281.0,51.0,151.0,92.71282,220.57187,123.743744,253.74356
2021_12_CHI_DET,2021,12,DET,CHI,76.0,171.0,57.0,317.0,87.63031,199.89233,96.68417,222.34406
2021_12_LV_DAL,2021,12,DAL,LV,61.0,375.0,122.0,373.0,62.811375,232.5034,99.732,211.76797
2021_12_BUF_NO,2021,12,NO,BUF,20.0,118.0,74.0,198.0,73.54861,258.5968,101.5742,218.07758
2021_12_PIT_CIN,2021,12,CIN,PIT,165.0,159.0,29.0,125.0,96.11246,182.00525,95.99869,226.26985
2021_12_NYJ_HOU,2021,12,HOU,NYJ,66.0,147.0,157.0,145.0,83.42548,220.21097,80.304016,198.12454
2021_12_TB_IND,2021,12,IND,TB,89.0,306.0,143.0,226.0,60.156494,253.14742,94.34904,207.83797
2021_12_ATL_JAX,2021,12,JAX,ATL,131.0,228.0,144.0,190.0,73.01838,259.59152,89.902596,197.91383
2021_12_CAR_MIA,2021,12,MIA,CAR,85.0,221.0,59.0,92.0,70.392105,160.17105,111.243904,223.64499
2021_12_TEN_NE,2021,12,NE,TEN,40.0,292.0,215.0,93.0,106.77355,232.79742,78.52157,202.15257
2021_12_PHI_NYG,2021,12,NYG,PHI,55.0,202.0,194.0,129.0,93.68019,188.96384,83.9143,198.06967
2021_12_LAC_DEN,2021,12,DEN,LAC,104.0,155.0,36.0,203.0,91.835815,194.5251,98.48069,249.64961
2021_12_LA_GB,2021,12,GB,LA,65.0,291.0,63.0,202.0,83.5061,221.7755,88.7315,262.08652
2021_12_MIN_SF,2021,12,SF,MIN,180.0,230.0,67.0,239.0,101.302956,217.81894,100.26915,197.6186
2021_12_CLE_BAL,2021,12,BAL,CLE,121.0,165.0,39.0,247.0,83.06033,252.867,94.57063,210.53223
2021_12_SEA_WAS,2021,12,WAS,SEA,124.0,200.0,30.0,217.0,76.02098,232.53082,90.66829,208.86755
2021_13_DAL_NO,2021,13,NO,DAL,109.0,181.0,128.0,235.0,78.91846,214.84854,73.569565,222.86528
2021_13_TB_ATL,2021,13,ATL,TB,116.0,235.0,36.0,324.0,88.74094,247.8568,68.49104,167.02783
2021_13_ARI_CHI,2021,13,CHI,ARI,97.0,147.0,95.0,123.0,63.36077,252.4983,111.19271,205.76169
2021_13_LAC_CIN,2021,13,CIN,LAC,75.0,221.0,37.0,315.0,95.36783,230.37677,107.2261,202.92288
2021_13_MIN_DET,2021,13,DET,MIN,99.0,296.0,94.0,340.0,98.26089,228.5919,71.327736,195.14629
2021_13_IND_HOU,2021,13,HOU,IND,60.0,59.0,133.0,135.0,106.99783,241.98042,71.58261,205.40683
2021_13_NYG_MIA,2021,13,MIA,NYG,46.0,211.0,91.0,155.0,98.91916,204.04443,90.95599,202.46933
2021_13_PHI_NYJ,2021,13,NYJ,PHI,61.0,140.0,143.0,241.0,87.20267,218.37033,82.95097,206.26305
2021_13_JAX_LA,2021,13,LA,JAX,84.0,278.0,36.0,102.0,104.57182,236.26805,75.81815,201.64449
2021_13_WAS_LV,2021,13,LV,WAS,52.0,249.0,102.0,196.0,95.485504,228.96313,95.947876,220.33615
2021_13_BAL_PIT,2021,13,PIT,BAL,86.0,236.0,74.0,253.0,102.601456,214.19598,90.42405,221.86327
2021_13_DEN_KC,2021,13,KC,DEN,67.0,184.0,120.0,149.0,99.335144,230.52806,99.71975,224.77138
2021_13_NE_BUF,2021,13,BUF,NE,65.0,145.0,232.0,19.0,83.84807,215.39359,119.86495,190.37305
2021_14_PIT_MIN,2021,14,MIN,PIT,216.0,199.0,91.0,193.0,138.57892,247.4603,58.36372,229.13048
2021_14_ATL_CAR,2021,14,CAR,ATL,83.0,187.0,115.0,148.0,97.80296,221.63554,99.63152,243.64313
2021_14_BAL_CLE,2021,14,CLE,BAL,79.0,173.0,63.0,185.0,118.640785,237.12672,98.62893,184.52124
2021_14_SEA_HOU,2021,14,HOU,SEA,44.0,231.0,122.0,256.0,111.904366,245.48444,67.54193,226.46454
2021_14_LV_KC,2021,14,KC,LV,48.0,241.0,28.0,194.0,138.28915,207.5867,83.379456,176.03711
2021_14_NO_NYJ,2021,14,NYJ,NO,45.0,92.0,127.0,144.0,106.83545,203.17676,78.827225,201.301
2021_14_JAX_TEN,2021,14,TEN,JAX,57.0,159.0,5.0,189.0,149.54858,152.87862,69.92389,200.58716
2021_14_DAL_WAS,2021,14,WAS,DAL,54.0,119.0,91.0,207.0,133.59789,265.33685,72.97716,245.87929
2021_14_DET_DEN,2021,14,DEN,DET,147.0,128.0,94.0,128.0,100.43608,228.6114,56.736485,165.6516
2021_14_NYG_LAC,2021,14,LAC,NYG,116.0,263.0,69.0,115.0,115.41128,231.63634,83.60723,212.63216
2021_14_SF_CIN,2021,14,CIN,SF,83.0,348.0,93.0,286.0,97.2189,226.26569,73.78102,208.4103
2021_14_BUF_TB,2021,14,TB,BUF,96.0,337.0,110.0,279.0,95.86164,222.49843,79.276375,179.61671
2021_14_CHI_GB,2021,14,GB,CHI,96.0,310.0,64.0,161.0,145.50607,200.90411,53.263596,225.02478
2021_14_LA_ARI,2021,14,ARI,LA,59.0,324.0,75.0,291.0,147.66945,179.66759,60.102932,187.33339
2021_15_KC_LAC,2021,15,LAC,KC,179.0,236.0,54.0,410.0,110.15907,224.63176,83.46173,236.80449
2021_15_NE_IND,2021,15,IND,NE,209.0,38.0,69.0,215.0,88.88004,212.1304,90.052124,225.62315
2021_15_CAR_BUF,2021,15,BUF,CAR,47.0,196.0,125.0,100.0,118.34678,218.03635,96.44869,215.3593
2021_15_ARI_DET,2021,15,DET,ARI,98.0,207.0,81.0,166.0,97.6793,233.97556,87.180756,256.23117
2021_15_HOU_JAX,2021,15,JAX,HOU,97.0,163.0,75.0,209.0,120.13735,243.36,74.88248,268.30466
2021_15_NYJ_MIA,2021,15,MIA,NYJ,160.0,195.0,91.0,161.0,112.90633,254.07205,87.46121,246.40575
2021_15_DAL_NYG,2021,15,NYG,DAL,122.0,76.0,110.0,183.0,100.44513,255.16206,53.064655,225.62119
2021_15_TEN_PIT,2021,15,PIT,TEN,36.0,148.0,197.0,153.0,92.855774,241.03932,78.151146,224.016
2021_15_CIN_DEN,2021,15,DEN,CIN,127.0,186.0,88.0,157.0,118.06801,256.0622,101.67451,212.1996
2021_15_ATL_SF,2021,15,SF,ATL,118.0,226.0,35.0,152.0,104.43837,239.79218,80.39808,245.07024
2021_15_GB_BAL,2021,15,BAL,GB,93.0,204.0,84.0,274.0,96.974915,230.50208,72.03905,213.00224
2021_15_NO_TB,2021,15,TB,NO,99.0,184.0,60.0,154.0,119.10023,214.34138,94.73673,243.7453
2021_15_LV_CLE,2021,15,CLE,LV,89.0,147.0,92.0,236.0,82.922424,207.33601,101.179825,262.0852
2021_15_MIN_CHI,2021,15,CHI,MIN,80.0,188.0,97.0,74.0,85.729614,244.58855,72.49596,233.80476
2021_15_SEA_LA,2021,15,LA,SEA,108.0,244.0,80.0,129.0,114.856476,212.9638,75.665215,274.63867
2021_15_WAS_PHI,2021,15,PHI,WAS,199.0,279.0,50.0,194.0,125.905556,219.07156,67.501396,218.32246
2021_16_SF_TEN,2021,16,TEN,SF,67.0,209.0,83.0,322.0,108.64099,233.8932,85.25418,223.82236
2021_16_CLE_GB,2021,16,GB,CLE,101.0,202.0,208.0,222.0,105.23468,251.09418,114.8703,225.44911
2021_16_IND_ARI,2021,16,ARI,IND,123.0,245.0,124.0,225.0,89.315834,222.14236,95.64142,263.60107
2021_16_DET_ATL,2021,16,ATL,DET,48.0,215.0,130.0,208.0,96.44077,215.26077,81.660095,238.71591
2021_16_TB_CAR,2021,16,CAR,TB,49.0,163.0,124.0,215.0,100.276726,223.63248,104.12469,233.01917
2021_16_BAL_CIN,2021,16,CIN,BAL,62.0,371.0,34.0,236.0,84.87536,245.75237,63.500187,235.05316
2021_16_LAC_HOU,2021,16,HOU,LAC,190.0,254.0,74.0,238.0,104.38009,200.00542,98.661316,236.82964
2021_16_LA_MIN,2021,16,MIN,LA,49.0,234.0,151.0,197.0,113.95402,207.46646,93.858185,254.00128
2021_16_BUF_NE,2021,16,NE,BUF,119.0,125.0,79.0,314.0,118.12718,219.04462,66.34093,245.83556
2021_16_JAX_NYJ,2021,16,NYJ,JAX,182.0,102.0,98.0,280.0,109.09824,222.23445,81.9917,252.73282
2021_16_NYG_PHI,2021,16,PHI,NYG,88.0,184.0,51.0,41.0,101.90116,235.6072,98.97155,268.46698
2021_16_CHI_SEA,2021,16,SEA,CHI,160.0,181.0,81.0,250.0,107.73078,229.09558,85.47387,282.95718
2021_16_PIT_KC,2021,16,KC,PIT,115.0,236.0,66.0,119.0,96.31566,237.18193,74.76656,241.22876
2021_16_DEN_LV,2021,16,LV,DEN,156.0,201.0,13.0,153.0,105.61813,235.23143,80.31782,227.83028
2021_16_WAS_DAL,2021,16,DAL,WAS,68.0,391.0,72.0,121.0,97.27195,247.00087,92.67347,216.40321
2021_16_MIA_NO,2021,16,NO,MIA,50.0,79.0,67.0,181.0,125.60309,253.88327,96.18717,277.8444
2021_17_LA_BAL,2021,17,BAL,LA,145.0,197.0,74.0,309.0,104.19985,190.92229,84.82586,224.00186
2021_17_ATL_BUF,2021,17,BUF,ATL,159.0,120.0,74.0,174.0,97.77091,236.99918,101.74839,265.89603
2021_17_NYG_CHI,2021,17,CHI,NYG,62.0,147.0,117.0,16.0,106.72626,245.75894,104.77758,281.95682
2021_17_KC_CIN,2021,17,CIN,KC,53.0,446.0,130.0,259.0,91.472176,222.69066,75.69071,253.59126
2021_17_LV_IND,2021,17,IND,LV,121.0,148.0,85.0,255.0,98.787544,180.9501,73.77785,209.1386
2021_17_JAX_NE,2021,17,NE,JAX,132.0,200.0,39.0,134.0,109.60457,250.18607,86.28931,224.47095
2021_17_TB_NYJ,2021,17,NYJ,TB,150.0,234.0,64.0,410.0,124.22457,265.29242,70.73852,261.14758
2021_17_MIA_TEN,2021,17,TEN,MIA,114.0,105.0,59.0,164.0,99.60067,233.2938,70.7153,277.94635
2021_17_PHI_WAS,2021,17,WAS,PHI,80.0,247.0,90.0,214.0,104.63008,249.79768,84.410774,241.86537
2021_17_DEN_LAC,2021,17,LAC,DEN,80.0,171.0,59.0,165.0,104.545105,253.53038,83.34606,270.841
2021_17_HOU_SF,2021,17,SF,HOU,102.0,220.0,82.0,98.0,111.799164,240.08755,85.71801,191.42392
2021_17_ARI_DAL,2021,17,DAL,ARI,28.0,257.0,128.0,286.0,83.838326,282.7538,90.12865,296.83023
2021_17_CAR_NO,2021,17,NO,CAR,47.0,222.0,82.0,132.0,113.26159,217.55571,98.271545,238.79358
2021_17_DET_SEA,2021,17,SEA,DET,191.0,220.0,80.0,203.0,102.11857,239.0019,93.35563,282.90094
2021_17_MIN_GB,2021,17,GB,MIN,120.0,242.0,16.0,151.0,120.24431,233.87102,103.098335,241.50137
2021_17_CLE_PIT,2021,17,PIT,CLE,139.0,123.0,75.0,129.0,103.94437,233.5834,86.71864,251.5368
2021_18_KC_DEN,2021,18,DEN,KC,156.0,178.0,83.0,270.0,101.017365,263.4126,105.24297,255.18422
2021_18_DAL_PHI,2021,18,PHI,DAL,116.0,130.0,107.0,295.0,104.713684,313.00912,120.11002,254.72386
2021_18_PIT_BAL,2021,18,BAL,PIT,187.0,141.0,83.0,244.0,98.51271,182.47911,106.61741,200.89761
2021_18_CIN_CLE,2021,18,CLE,CIN,192.0,176.0,79.0,82.0,138.55106,249.10757,71.707886,281.07767
2021_18_GB_DET,2021,18,DET,GB,84.0,313.0,118.0,254.0,101.28155,301.08423,105.54071,222.00491
2021_18_TEN_HOU,2021,18,HOU,TEN,52.0,301.0,126.0,287.0,95.50728,298.97137,94.43647,231.59663
2021_18_IND_JAX,2021,18,JAX,IND,56.0,223.0,77.0,83.0,100.68883,235.28784,138.40924,225.17581
2021_18_CHI_MIN,2021,18,MIN,CHI,97.0,250.0,83.0,283.0,101.90041,214.00476,108.79383,221.87624
2021_18_WAS_NYG,2021,18,NYG,WAS,44.0,84.0,201.0,120.0,109.05352,221.65993,83.63316,225.92987
2021_18_SEA_ARI,2021,18,ARI,SEA,94.0,212.0,182.0,238.0,86.94768,262.999,105.43601,217.02074
2021_18_NO_ATL,2021,18,ATL,NO,60.0,119.0,167.0,178.0,89.31715,250.99771,101.87333,206.28075
2021_18_NYJ_BUF,2021,18,BUF,NYJ,98.0,209.0,24.0,87.0,95.111176,260.49905,98.6435,221.01419
2021_18_SF_LA,2021,18,LA,SF,59.0,238.0,135.0,319.0,93.346794,253.44855,66.64587,242.56374
2021_18_NE_MIA,2021,18,MIA,NE,143.0,109.0,114.0,201.0,91.36581,260.20084,109.97788,233.84708
2021_18_CAR_TB,2021,18,TB,CAR,43.0,319.0,88.0,207.0,96.31206,217.22469,74.35721,234.03285
2021_18_LAC_LV,2021,18,LV,LAC,159.0,183.0,83.0,298.0,95.96659,221.07715,88.12871,247.01054
2021_19_LV_CIN,2021,19,CIN,LV,85.0,244.0,83.0,284.0,96.169685,286.40552,105.30154,212.98456
2021_19_NE_BUF,2021,19,BUF,NE,123.0,250.0,46.0,181.0,83.62354,255.06953,84.97536,233.05302
2021_19_PHI_TB,2021,19,TB,PHI,76.0,241.0,44.0,140.0,88.32108,280.13004,82.24691,229.556
2021_19_SF_DAL,2021,19,DAL,SF,67.0,246.0,143.0,154.0,88.29965,231.8846,98.108475,209.26088
2021_19_PIT_KC,2021,19,KC,PIT,58.0,402.0,32.0,98.0,113.65015,280.5743,113.54902,244.50854
2021_19_ARI_LA,2021,19,LA,ARI,106.0,197.0,42.0,74.0,102.845695,264.12518,102.69336,208.32182
2021_20_CIN_TEN,2021,20,TEN,CIN,128.0,220.0,58.0,348.0,76.969,262.5659,67.98318,213.42229
2021_20_SF_GB,2021,20,GB,SF,67.0,225.0,106.0,131.0,99.79584,255.57559,74.1193,288.05402
2021_20_BUF_KC,2021,20,KC,BUF,113.0,378.0,103.0,329.0,81.00004,253.26874,95.91478,238.92105
2021_21_CIN_KC,2021,21,KC,CIN,120.0,275.0,90.0,250.0,80.16226,266.147,77.10021,274.56314
2021_21_SF_LA,2021,21,LA,SF,62.0,337.0,46.0,232.0,101.40727,260.80304,100.3252,242.6153
2021_22_LA_CIN,2021,22,CIN,LA,76.0,269.0,37.0,283.0,95.40875,298.33887,116.153404,273.46692
2022_01_BUF_LA,2022,1,LA,BUF,39.0,153.0,71.0,243.0,82.98853,281.7182,106.420334,245.6659
2022_01_NO_ATL,2022,1,ATL,NO,142.0,197.0,142.0,197.0,107.00951,255.5053,98.38693,243.21756
2022_01_CLE_CAR,2022,1,CAR,CLE,48.0,235.0,209.0,147.0,104.07365,260.05597,106.68757,255.52509
2022_01_SF_CHI,2022,1,CHI,SF,73.0,121.0,160.0,164.0,81.416245,279.02002,107.778984,253.26741
2022_01_PIT_CIN,2022,1,CIN,PIT,88.0,338.0,64.0,194.0,98.246765,274.82275,87.66704,211.9501
2022_01_PHI_DET,2022,1,DET,PHI,172.0,215.0,140.0,243.0,100.10257,238.56627,60.973774,227.00563
2022_01_IND_HOU,2022,1,HOU,IND,70.0,240.0,159.0,277.0,88.74951,215.14465,85.495964,218.76877
2022_01_NE_MIA,2022,1,MIA,NE,38.0,220.0,78.0,156.0,91.087105,282.24957,80.13217,271.1808
2022_01_BAL_NYJ,2022,1,NYJ,BAL,83.0,165.0,43.0,185.0,110.9127,267.54385,90.265915,276.69458
2022_01_JAX_WAS,2022,1,WAS,JAX,66.0,313.0,117.0,275.0,88.30037,268.4653,82.830605,251.24318
2022_01_KC_ARI,2022,1,ARI,KC,57.0,137.0,65.0,334.0,100.62768,252.18318,99.06706,241.75276
2022_01_LV_LAC,2022,1,LAC,LV,52.0,273.0,64.0,295.0,98.48884,294.84323,74.85637,264.82123
2022_01_GB_MIN,2022,1,MIN,GB,68.0,227.0,112.0,138.0,96.11881,230.476,88.422775,235.9138
2022_01_NYG_TEN,2022,1,TEN,NYG,84.0,266.0,219.0,188.0,105.14367,253.21483,81.70319,226.06786
2022_01_TB_DAL,2022,1,DAL,TB,70.0,89.0,128.0,199.0,79.98321,268.24396,90.86767,315.7742
2022_01_DEN_SEA,2022,1,SEA,DEN,65.0,195.0,101.0,340.0,101.975975,247.71387,106.002144,309.92114
2022_02_LAC_KC,2022,2,KC,LAC,93.0,235.0,76.0,286.0,96.33915,200.85895,97.70945,266.6688
2022_02_MIA_BAL,2022,2,BAL,MIA,124.0,286.0,82.0,372.0,109.480705,258.05536,100.15002,241.15149
2022_02_NYJ_CLE,2022,2,CLE,NYJ,115.0,229.0,87.0,249.0,87.83462,276.8019,76.282166,234.34033
2022_02_WAS_DET,2022,2,DET,WAS,181.0,245.0,53.0,283.0,98.856384,264.62714,96.97196,236.46513
2022_02_IND_JAX,2022,2,JAX,IND,82.0,227.0,33.0,99.0,107.9211,270.1747,94.725426,280.61295
2022_02_TB_NO,2022,2,NO,TB,98.0,128.0,66.0,190.0,119.43472,244.91283,85.08922,261.58142
2022_02_CAR_NYG,2022,2,NYG,CAR,75.0,176.0,117.0,145.0,85.91934,265.1829,79.144875,269.6161
2022_02_NE_PIT,2022,2,PIT,NE,84.0,168.0,122.0,252.0,111.18337,273.41302,69.94628,260.04138
2022_02_ATL_LA,2022,2,LA,ATL,68.0,241.0,58.0,139.0,76.16416,284.36188,79.381935,223.7715
2022_02_SEA_SF,2022,2,SF,SEA,160.0,169.0,33.0,135.0,85.7353,239.71103,78.80157,264.71634
2022_02_CIN_DAL,2022,2,DAL,CIN,105.0,235.0,63.0,199.0,89.802956,249.3564,100.99346,206.59406
2022_02_HOU_DEN,2022,2,DEN,HOU,147.0,219.0,81.0,177.0,84.93654,249.47234,119.42009,222.20451
2022_02_ARI_LV,2022,2,LV,ARI,71.0,252.0,106.0,223.0,100.58887,239.3192,97.71337,311.2385
2022_02_CHI_GB,2022,2,GB,CHI,159.0,172.0,119.0,70.0,102.28103,242.27615,91.21706,217.80075
2022_02_TEN_BUF,2022,2,BUF,TEN,36.0,317.0,35.0,123.0,107.35218,262.97952,91.22398,195.96547
2022_02_MIN_PHI,2022,2,PHI,MIN,117.0,306.0,39.0,115.0,72.16807,241.47229,101.240616,242.85548
2022_03_PIT_CLE,2022,3,CLE,PIT,164.0,220.0,104.0,209.0,77.221245,225.46944,61.230522,245.00592
2022_03_NO_CAR,2022,3,CAR,NO,108.0,143.0,84.0,257.0,97.487335,219.39136,103.317856,216.15012
2022_03_HOU_CHI,2022,3,CHI,HOU,240.0,106.0,92.0,245.0,83.44039,234.14305,101.30752,217.0794
2022_03_KC_IND,2022,3,IND,KC,80.0,222.0,32.0,262.0,96.14993,232.86795,101.22414,250.95264
2022_03_BUF_MIA,2022,3,MIA,BUF,41.0,186.0,74.0,400.0,89.755005,232.17322,86.65029,217.41753
2022_03_DET_MIN,2022,3,MIN,DET,124.0,260.0,131.0,277.0,95.2213,253.54404,111.00697,242.0032
2022_03_BAL_NE,2022,3,NE,BAL,114.0,295.0,183.0,218.0,89.03619,245.63376,79.22229,233.20085
2022_03_CIN_NYJ,2022,3,NYJ,CIN,76.0,225.0,22.0,266.0,104.93281,253.43161,89.235634,222.44942
2022_03_LV_TEN,2022,3,TEN,LV,107.0,241.0,79.0,246.0,112.835045,211.63644,104.99904,189.72742
2022_03_PHI_WAS,2022,3,WAS,PHI,62.0,104.0,44.0,332.0,103.3088,266.20477,79.69641,239.3686
2022_03_JAX_LAC,2022,3,LAC,JAX,27.0,242.0,131.0,210.0,104.72862,222.43925,92.16263,207.06247
2022_03_LA_ARI,2022,3,ARI,LA,52.0,268.0,87.0,198.0,97.39257,230.97868,92.660866,219.81734
2022_03_ATL_SEA,2022,3,SEA,ATL,112.0,325.0,168.0,229.0,68.24189,267.54202,105.85436,221.43738
2022_03_GB_TB,2022,3,TB,GB,35.0,271.0,68.0,229.0,98.77371,226.7222,67.4622,231.65161
2022_03_SF_DEN,2022,3,DEN,SF,84.0,184.0,88.0,211.0,89.72389,192.2166,87.79243,237.93993
2022_03_DAL_NYG,2022,3,NYG,DAL,105.0,196.0,178.0,210.0,103.308975,246.89711,90.53577,228.85873
2022_04_MIA_CIN,2022,4,CIN,MIA,57.0,308.0,74.0,273.0,97.68143,242.59766,72.89193,219.57426
2022_04_MIN_NO,2022,4,NO,MIN,111.0,236.0,81.0,286.0,75.43145,225.84677,89.93955,242.49529
2022_04_CLE_ATL,2022,4,ATL,CLE,205.0,139.0,171.0,234.0,97.54453,227.59853,88.33246,224.51503
2022_04_BUF_BAL,2022,4,BAL,BUF,112.0,144.0,79.0,213.0,99.55111,227.21416,87.63456,205.88159
2022_04_WAS_DAL,2022,4,DAL,WAS,52.0,215.0,137.0,129.0,73.4294,234.08357,78.981606,289.72336
2022_04_SEA_DET,2022,4,DET,SEA,137.0,321.0,203.0,320.0,98.2476,241.93465,107.31316,191.7242
2022_04_LAC_HOU,2022,4,HOU,LAC,129.0,230.0,86.0,340.0,83.99881,262.4024,85.00501,207.05347
2022_04_TEN_IND,2022,4,IND,TEN,36.0,356.0,112.0,130.0,80.19073,240.5054,83.920364,244.48064
2022_04_CHI_NYG,2022,4,NYG,CHI,191.0,82.0,97.0,157.0,111.90076,240.8677,71.06223,232.62407
2022_04_JAX_PHI,2022,4,PHI,JAX,182.0,204.0,71.0,114.0,80.27509,281.62546,82.19889,224.08847
2022_04_NYJ_PIT,2022,4,PIT,NYJ,106.0,204.0,83.0,254.0,84.59794,223.45947,96.56475,208.52402
2022_04_ARI_CAR,2022,4,CAR,ARI,40.0,115.0,95.0,177.0,91.34994,249.04272,92.70363,234.42424
2022_04_NE_GB,2022,4,GB,NE,198.0,251.0,167.0,136.0,89.11078,213.96747,96.19356,211.13535
2022_04_DEN_LV,2022,4,LV,DEN,168.0,188.0,59.0,237.0,122.65135,251.87354,76.36727,219.24747
2022_04_KC_TB,2022,4,TB,KC,3.0,272.0,121.0,220.0,77.22028,257.16187,101.20988,225.30762
2022_04_LA_SF,2022,4,SF,LA,84.0,239.0,44.0,187.0,80.599106,230.75148,80.86764,243.49324
2022_05_IND_DEN,2022,5,DEN,IND,103.0,274.0,105.0,251.0,72.83261,208.39131,69.44024,264.092
2022_05_NYG_GB,2022,5,GB,NYG,94.0,222.0,107.0,217.0,85.30755,207.30643,81.48992,209.90471
2022_05_PIT_BUF,2022,5,BUF,PIT,51.0,383.0,21.0,238.0,81.00119,277.3476,89.870926,272.3748
2022_05_LAC_CLE,2022,5,CLE,LAC,184.0,230.0,225.0,228.0,88.06461,254.27939,66.80468,218.81125
2022_05_HOU_JAX,2022,5,JAX,HOU,110.0,252.0,116.0,140.0,71.926155,214.22768,90.01765,251.37923
2022_05_CHI_MIN,2022,5,MIN,CHI,114.0,319.0,33.0,208.0,90.65272,245.96631,80.54232,249.68784
2022_05_DET_NE,2022,5,NE,DET,113.0,165.0,95.0,129.0,85.064835,234.55943,87.76743,206.93555
2022_05_SEA_NO,2022,5,NO,SEA,222.0,209.0,137.0,268.0,76.86125,209.05821,90.337456,214.81133
2022_05_MIA_NYJ,2022,5,NYJ,MIA,98.0,210.0,141.0,81.0,69.78172,220.2397,109.7858,225.48257
2022_05_ATL_TB,2022,5,TB,ATL,69.0,345.0,90.0,131.0,103.80575,244.43373,61.781773,230.65125
2022_05_TEN_WAS,2022,5,WAS,TEN,31.0,359.0,102.0,181.0,89.21418,195.7719,82.33986,248.51729
2022_05_SF_CAR,2022,5,CAR,SF,65.0,153.0,125.0,237.0,85.98709,245.23315,70.14337,217.04683
2022_05_PHI_ARI,2022,5,ARI,PHI,119.0,250.0,110.0,239.0,116.69212,219.04521,88.750755,227.5674
2022_05_DAL_LA,2022,5,LA,DAL,38.0,275.0,166.0,102.0,89.43834,246.85944,83.91312,222.36621
2022_05_CIN_BAL,2022,5,BAL,CIN,151.0,174.0,101.0,217.0,76.14147,257.0522,105.01578,260.08212
2022_05_LV_KC,2022,5,KC,LV,84.0,292.0,152.0,241.0,95.602554,241.83545,100.606895,189.6874
2022_06_WAS_CHI,2022,6,CHI,WAS,151.0,190.0,128.0,99.0,108.22624,209.778,96.43724,238.24332
2022_06_SF_ATL,2022,6,ATL,SF,125.0,122.0,43.0,152.0,106.774315,250.12875,87.39179,268.83054
2022_06_NE_CLE,2022,6,CLE,NE,70.0,139.0,65.0,250.0,120.98756,245.33739,85.18595,273.50552
2022_06_NYJ_GB,2022,6,GB,NYJ,60.0,238.0,118.0,110.0,115.07116,246.25233,94.2904,244.32657
2022_06_JAX_IND,2022,6,IND,JAX,47.0,389.0,231.0,146.0,106.66144,226.48114,90.44205,225.14809
2022_06_MIN_MIA,2022,6,MIA,MIN,54.0,310.0,76.0,175.0,93.0471,222.59268,91.03125,302.65726
2022_06_CIN_NO,2022,6,NO,CIN,228.0,178.0,52.0,300.0,114.56413,215.408,87.285446,278.7607
2022_06_BAL_NYG,2022,6,NYG,BAL,72.0,173.0,184.0,210.0,87.57771,257.1337,91.662445,213.63039
2022_06_TB_PIT,2022,6,PIT,TB,64.0,211.0,75.0,243.0,100.14958,303.28418,108.154106,260.56738
2022_06_CAR_LA,2022,6,LA,CAR,95.0,251.0,90.0,44.0,109.26998,214.5693,101.411995,215.44664
2022_06_BUF_KC,2022,6,KC,BUF,47.0,338.0,109.0,329.0,96.21803,247.88794,103.36288,242.59605
2022_06_DAL_PHI,2022,6,PHI,DAL,117.0,155.0,134.0,134.0,118.104355,216.34048,85.29432,215.94394
2022_06_DEN_LAC,2022,6,LAC,DEN,64.0,238.0,88.0,188.0,108.61082,233.14967,94.75597,209.26521
2022_07_NO_ARI,2022,7,ARI,NO,84.0,186.0,64.0,243.0,75.92582,227.322,93.47495,232.66861
2022_07_CLE_BAL,2022,7,BAL,CLE,145.0,120.0,96.0,258.0,79.34782,250.84593,101.35842,220.40424
2022_07_TB_CAR,2022,7,CAR,TB,160.0,138.0,37.0,247.0,84.038246,198.12927,89.15832,232.64185
2022_07_ATL_CIN,2022,7,CIN,ATL,26.0,433.0,75.0,108.0,95.91,237.2632,127.29104,239.10522
2022_07_DET_DAL,2022,7,DAL,DET,117.0,205.0,113.0,190.0,93.3869,215.66183,116.179245,227.39363
2022_07_NYG_JAX,2022,7,JAX,NYG,144.0,310.0,182.0,202.0,90.702705,250.7484,83.80637,215.73737
2022_07_IND_TEN,2022,7,TEN,IND,106.0,132.0,63.0,243.0,109.96863,203.30504,79.81813,211.93121
2022_07_GB_WAS,2022,7,WAS,GB,161.0,201.0,38.0,194.0,97.86808,241.36142,101.832695,224.14323
2022_07_NYJ_DEN,2022,7,DEN,NYJ,99.0,225.0,128.0,121.0,90.729485,213.41026,97.55938,241.00273
2022_07_HOU_LV,2022,7,LV,HOU,165.0,241.0,100.0,234.0,100.60831,227.19168,114.88587,206.52058
2022_07_SEA_LAC,2022,7,LAC,SEA,18.0,229.0,115.0,210.0,78.049965,246.97862,87.80941,218.4948
2022_07_KC_SF,2022,7,SF,KC,99.0,264.0,89.0,364.0,90.80847,235.96419,63.79233,230.70168
2022_07_PIT_MIA,2022,7,MIA,PIT,96.0,261.0,75.0,257.0,95.34891,219.64993,82.49212,247.25829
2022_07_CHI_NE,2022,7,NE,CHI,31.0,140.0,189.0,179.0,88.94386,268.36475,95.347694,246.27702
2022_08_BAL_TB,2022,8,TB,BAL,43.0,261.0,178.0,238.0,92.48709,222.16745,84.36205,261.67786
2022_08_DEN_JAX,2022,8,JAX,DEN,179.0,133.0,77.0,252.0,125.55407,238.34636,69.945786,221.28867
2022_08_CAR_ATL,2022,8,ATL,CAR,157.0,253.0,151.0,317.0,79.140114,224.1101,84.26834,251.46431
2022_08_CHI_DAL,2022,8,DAL,CHI,117.0,242.0,143.0,126.0,71.335434,283.03482,120.00591,206.10559
2022_08_MIA_DET,2022,8,DET,MIA,79.0,321.0,88.0,382.0,99.30887,227.06972,122.57308,229.1666
2022_08_ARI_MIN,2022,8,MIN,ARI,152.0,227.0,50.0,297.0,101.385345,213.56021,97.143936,224.9901
2022_08_LV_NO,2022,8,NO,LV,105.0,201.0,39.0,90.0,98.33292,231.22243,76.07544,193.66971
2022_08_NE_NYJ,2022,8,NYJ,NE,51.0,251.0,90.0,187.0,103.537575,212.07005,103.03898,219.84052
2022_08_PIT_PHI,2022,8,PHI,PIT,78.0,242.0,76.0,173.0,104.18714,249.98128,94.120964,206.53767
2022_08_TEN_HOU,2022,8,HOU,TEN,25.0,62.0,296.0,55.0,91.52586,242.95729,87.569534,234.72328
2022_08_WAS_IND,2022,8,IND,WAS,123.0,201.0,68.0,279.0,121.2414,232.84947,111.76303,227.4095
2022_08_SF_LA,2022,8,LA,SF,41.0,176.0,98.0,262.0,121.269936,201.38708,87.99611,214.38654
2022_08_NYG_SEA,2022,8,SEA,NYG,59.0,212.0,62.0,109.0,79.906685,254.42975,115.3214,250.07304
2022_08_GB_BUF,2022,8,BUF,GB,88.0,164.0,191.0,74.0,128.35197,254.27617,61.96311,161.29765
2022_08_CIN_CLE,2022,8,CLE,CIN,116.0,225.0,29.0,150.0,94.37502,241.70189,82.84647,233.0733
2022_09_PHI_HOU,2022,9,HOU,PHI,150.0,127.0,124.0,241.0,81.02802,262.89224,99.585304,227.02121
2022_09_LAC_ATL,2022,9,ATL,LAC,191.0,129.0,88.0,245.0,88.68479,293.11118,110.45235,252.42757
2022_09_MIA_CHI,2022,9,CHI,MIA,143.0,123.0,77.0,302.0,103.49631,221.03278,88.5676,215.62715
2022_09_CAR_CIN,2022,9,CIN,CAR,201.0,223.0,31.0,43.0,88.830925,239.43207,88.30977,236.07768
2022_09_GB_DET,2022,9,DET,GB,120.0,137.0,66.0,291.0,85.33589,251.9908,68.56,222.93448
2022_09_LV_JAX,2022,9,JAX,LV,123.0,235.0,66.0,259.0,93.91938,251.63068,80.2458,206.01382
2022_09_IND_NE,2022,9,NE,IND,57.0,100.0,36.0,81.0,93.23315,237.3415,75.817856,247.92026
2022_09_BUF_NYJ,2022,9,NYJ,BUF,157.0,154.0,105.0,205.0,87.96643,225.29454,106.47123,235.43834
2022_09_MIN_WAS,2022,9,WAS,MIN,120.0,149.0,56.0,262.0,89.49487,257.85687,85.147995,217.11646
2022_09_SEA_ARI,2022,9,ARI,SEA,68.0,164.0,137.0,275.0,86.121544,220.32855,88.32548,234.6745
2022_09_LA_TB,2022,9,TB,LA,51.0,280.0,69.0,165.0,89.02543,253.6028,121.54436,224.94476
2022_09_TEN_KC,2022,9,KC,TEN,16.0,446.0,167.0,80.0,93.18121,231.52968,82.9382,242.0872
2022_09_BAL_NO,2022,9,NO,BAL,44.0,131.0,127.0,133.0,92.84502,240.20076,100.318565,225.35999
2022_10_SEA_TB,2022,10,TB,SEA,140.0,243.0,17.0,193.0,90.579956,222.84201,91.68228,233.78935
2022_10_MIN_BUF,2022,10,BUF,MIN,91.0,330.0,132.0,357.0,88.76848,235.90878,92.85775,221.00304
2022_10_DET_CHI,2022,10,CHI,DET,238.0,167.0,81.0,236.0,78.43412,215.07011,89.21729,207.57631
2022_10_JAX_KC,2022,10,KC,JAX,80.0,263.0,46.0,198.0,73.777565,191.12157,97.01531,241.52832
2022_10_CLE_MIA,2022,10,MIA,CLE,151.0,237.0,41.0,138.0,80.25382,214.72406,86.7345,235.36302
2022_10_HOU_NYG,2022,10,NYG,HOU,145.0,197.0,101.0,227.0,80.91262,217.36142,82.74008,201.48965
2022_10_NO_PIT,2022,10,PIT,NO,128.0,192.0,28.0,174.0,101.36184,225.76854,88.05097,240.9526
2022_10_DEN_TEN,2022,10,TEN,DEN,51.0,255.0,57.0,286.0,82.81264,191.63016,95.79324,228.62366
2022_10_IND_LV,2022,10,LV,IND,77.0,248.0,170.0,222.0,71.87657,202.68848,78.18877,251.10239
2022_10_DAL_GB,2022,10,GB,DAL,203.0,224.0,159.0,265.0,74.31701,204.50969,98.387886,235.24863
2022_10_ARI_LA,2022,10,LA,ARI,57.0,116.0,75.0,238.0,101.490456,241.54295,105.18193,249.08183
2022_10_LAC_SF,2022,10,SF,LAC,150.0,240.0,33.0,196.0,88.009544,208.274,86.27142,207.68231
2022_10_WAS_PHI,2022,10,PHI,WAS,93.0,184.0,145.0,211.0,88.19163,203.34184,83.5486,206.44324
2022_11_TEN_GB,2022,11,GB,TEN,56.0,188.0,86.0,286.0,84.3077,194.81325,87.16618,223.83197
2022_11_CHI_ATL,2022,11,ATL,CHI,115.0,131.0,122.0,153.0,88.98623,238.93866,82.50016,236.44545
2022_11_CAR_BAL,2022,11,BAL,CAR,110.0,208.0,24.0,140.0,84.30636,221.1963,71.550095,211.45374
2022_11_CLE_BUF,2022,11,BUF,CLE,125.0,158.0,40.0,203.0,92.34929,232.51956,80.58199,236.4335
2022_11_WAS_HOU,2022,11,HOU,WAS,13.0,92.0,92.0,191.0,97.376175,246.09947,104.51242,230.26543
2022_11_PHI_IND,2022,11,IND,PHI,99.0,213.0,114.0,190.0,98.37887,166.57141,87.78839,244.70026
2022_11_NYJ_NE,2022,11,NE,NYJ,99.0,246.0,33.0,77.0,86.416756,193.82211,92.67529,240.49919
2022_11_LA_NO,2022,11,NO,LA,85.0,274.0,125.0,188.0,85.566986,245.0139,97.02051,195.25017
2022_11_DET_NYG,2022,11,NYG,DET,70.0,226.0,104.0,165.0,94.486725,229.284,87.82677,212.72278
2022_11_LV_DEN,2022,11,DEN,LV,86.0,247.0,109.0,307.0,92.955925,213.92053,91.624405,198.08365
2022_11_DAL_MIN,2022,11,MIN,DAL,75.0,105.0,115.0,268.0,96.08191,217.67021,84.55794,227.08177
2022_11_CIN_PIT,2022,11,PIT,CIN,101.0,187.0,60.0,355.0,75.18659,190.92146,90.37389,229.63918
2022_11_KC_LAC,2022,11,LAC,KC,103.0,280.0,140.0,329.0,88.803856,223.31924,81.701416,219.73041
2022_11_SF_ARI,2022,11,ARI,SF,37.0,200.0,131.0,189.0,115.14692,181.24557,63.21995,220.93509
2022_12_BUF_DET,2022,12,DET,BUF,98.0,240.0,118.0,253.0,92.83017,222.55896,59.612854,206.27481
2022_12_NYG_DAL,2022,12,DAL,NYG,159.0,261.0,65.0,142.0,90.39027,221.49022,67.1265,251.0937
2022_12_NE_MIN,2022,12,MIN,NE,57.0,310.0,45.0,342.0,90.39995,181.6645,99.82592,244.35074
2022_12_DEN_CAR,2022,12,CAR,DEN,151.0,104.0,106.0,81.0,101.09693,208.01515,97.34103,256.29532
2022_12_TB_CLE,2022,12,CLE,TB,162.0,210.0,96.0,246.0,93.64447,179.01546,71.41434,252.96341
2022_12_BAL_JAX,2022,12,JAX,BAL,37.0,321.0,122.0,254.0,132.40852,202.54231,82.188934,232.7941
2022_12_HOU_MIA,2022,12,MIA,HOU,41.0,305.0,22.0,99.0,103.187614,207.73222,56.73562,234.4064
2022_12_CHI_NYJ,2022,12,NYJ,CHI,97.0,302.0,81.0,141.0,96.2798,197.82413,94.65777,195.11438
2022_12_CIN_TEN,2022,12,TEN,CIN,54.0,291.0,76.0,270.0,97.747604,237.52144,90.81803,217.11142
2022_12_LAC_ARI,2022,12,ARI,LAC,159.0,191.0,28.0,274.0,93.93175,186.22066,68.33397,234.00073
2022_12_LV_SEA,2022,12,SEA,LV,42.0,328.0,273.0,295.0,100.232445,211.51001,95.963776,213.42783
2022_12_LA_KC,2022,12,KC,LA,60.0,320.0,74.0,73.0,88.18334,204.58481,58.73065,221.18845
2022_12_NO_SF,2022,12,SF,NO,52.0,216.0,42.0,204.0,79.52895,215.01431,92.05384,206.07607
2022_12_GB_PHI,2022,12,PHI,GB,266.0,153.0,107.0,146.0,72.71978,223.7668,96.58338,261.3589
2022_12_PIT_IND,2022,12,IND,PIT,90.0,199.0,152.0,174.0,82.37166,218.10718,58.661556,250.299
2022_13_BUF_NE,2022,13,NE,BUF,55.0,109.0,106.0,213.0,128.50385,134.58456,67.94774,214.15753
2022_13_PIT_ATL,2022,13,ATL,PIT,146.0,167.0,136.0,197.0,83.783,209.14421,85.94574,249.65454
2022_13_DEN_BAL,2022,13,BAL,DEN,64.0,198.0,67.0,189.0,81.9231,174.94722,81.93645,211.86053
2022_13_GB_CHI,2022,13,CHI,GB,148.0,231.0,171.0,182.0,73.398026,198.52104,91.406494,216.85434
2022_13_JAX_DET,2022,13,DET,JAX,78.0,273.0,67.0,176.0,77.634636,225.18837,89.20831,223.83379
2022_13_CLE_HOU,2022,13,HOU,CLE,75.0,122.0,152.0,131.0,95.58797,222.08852,85.897224,218.1806
2022_13_NYJ_MIN,2022,13,MIN,NYJ,111.0,173.0,68.0,369.0,73.22064,187.21246,77.82464,185.98158
2022_13_WAS_NYG,2022,13,NYG,WAS,86.0,200.0,159.0,275.0,86.91977,202.6231,78.75172,214.85172
2022_13_TEN_PHI,2022,13,PHI,TEN,41.0,375.0,32.0,121.0,95.00331,225.97177,94.85104,235.41179
2022_13_SEA_LA,2022,13,LA,SEA,151.0,178.0,87.0,367.0,81.92152,225.0169,78.22453,230.80664
2022_13_MIA_SF,2022,13,SF,MIA,124.0,266.0,33.0,295.0,94.70197,228.7467,85.84716,225.51135
2022_13_KC_CIN,2022,13,CIN,KC,131.0,286.0,129.0,223.0,77.03709,213.0424,70.91842,239.41891
2022_13_LAC_LV,2022,13,LV,LAC,146.0,250.0,67.0,226.0,85.43651,212.1835,94.69637,234.24556
2022_13_IND_DAL,2022,13,DAL,IND,132.0,148.0,84.0,177.0,72.06081,184.68199,78.9206,216.97646
2022_13_NO_TB,2022,13,TB,NO,75.0,220.0,60.0,238.0,84.36554,218.39543,77.43607,263.39893
2022_14_LV_LA,2022,14,LA,LV,60.0,199.0,157.0,137.0,59.91293,207.87302,77.361725,172.57715
2022_14_NYJ_BUF,2022,14,BUF,NYJ,66.0,146.0,76.0,199.0,106.452705,175.73329,88.51473,226.77461
2022_14_CLE_CIN,2022,14,CIN,CLE,84.0,214.0,42.0,241.0,84.02809,205.312,74.164505,225.95248
2022_14_HOU_DAL,2022,14,DAL,HOU,116.0,284.0,102.0,213.0,85.22135,245.12363,73.17378,261.84073
2022_14_MIN_DET,2022,14,DET,MIN,97.0,292.0,22.0,283.0,98.04396,178.84712,66.780334,228.55223
2022_14_PHI_NYG,2022,14,NYG,PHI,67.0,122.0,156.0,194.0,94.02977,239.9268,80.28509,227.73479
2022_14_BAL_PIT,2022,14,PIT,BAL,49.0,276.0,196.0,104.0,79.61235,213.76616,74.279655,213.70755
2022_14_JAX_TEN,2022,14,TEN,JAX,120.0,121.0,32.0,330.0,86.644844,206.31738,70.53241,235.70706
2022_14_KC_DEN,2022,14,DEN,KC,62.0,263.0,82.0,352.0,77.11298,257.14542,93.967606,226.84256
2022_14_CAR_SEA,2022,14,SEA,CAR,26.0,176.0,161.0,120.0,71.95291,220.35417,94.87642,215.04614
2022_14_TB_SF,2022,14,SF,TB,176.0,180.0,54.0,187.0,113.80175,212.6406,81.49153,226.48814
2022_14_MIA_LAC,2022,14,LAC,MIA,74.0,367.0,64.0,112.0,77.37073,224.27591,83.268105,162.0247
2022_14_NE_ARI,2022,14,ARI,NE,86.0,205.0,81.0,226.0,108.27958,197.97911,68.05732,221.36331
2022_15_SF_SEA,2022,15,SEA,SF,50.0,169.0,72.0,178.0,86.40805,226.17247,113.007126,227.33815
2022_15_IND_MIN,2022,15,MIN,IND,87.0,298.0,132.0,177.0,93.02277,200.74754,86.96896,226.59518
2022_15_BAL_CLE,2022,15,CLE,BAL,82.0,161.0,186.0,133.0,101.59482,189.07628,77.60237,221.30089
2022_15_MIA_BUF,2022,15,BUF,MIA,154.0,304.0,181.0,234.0,79.28336,196.60336,106.12818,187.99274
2022_15_PIT_CAR,2022,15,CAR,PIT,18.0,196.0,138.0,170.0,86.51598,230.72957,87.760666,207.87515
2022_15_PHI_CHI,2022,15,CHI,PHI,86.0,98.0,99.0,315.0,84.158936,209.3135,92.72005,195.71425
2022_15_KC_HOU,2022,15,HOU,KC,73.0,129.0,158.0,336.0,86.7039,213.26164,68.404526,249.27211
2022_15_DAL_JAX,2022,15,JAX,DAL,174.0,318.0,153.0,256.0,89.7033,188.40694,94.176704,216.40251
2022_15_ATL_NO,2022,15,NO,ATL,135.0,231.0,197.0,97.0,95.23127,195.57501,98.424576,203.326
2022_15_DET_NYJ,2022,15,NYJ,DET,46.0,317.0,107.0,252.0,101.896904,221.4685,72.69967,209.09311
2022_15_ARI_DEN,2022,15,DEN,ARI,151.0,188.0,64.0,118.0,118.70466,205.41148,84.12323,202.72221
2022_15_NE_LV,2022,15,LV,NE,97.0,219.0,196.0,112.0,110.3253,186.5857,102.366974,211.5415
2022_15_TEN_LAC,2022,15,LAC,TEN,74.0,313.0,119.0,185.0,107.49652,202.88551,99.625275,222.47493
2022_15_CIN_TB,2022,15,TB,CIN,83.0,245.0,30.0,165.0,80.62883,190.89336,86.30902,211.67067
2022_15_NYG_WAS,2022,15,WAS,NYG,150.0,249.0,112.0,160.0,82.03265,217.4392,98.70342,237.84921
2022_15_LA_GB,2022,15,GB,LA,84.0,185.0,71.0,111.0,125.48125,240.91185,91.1987,213.51804
2022_16_JAX_NYJ,2022,16,NYJ,JAX,35.0,133.0,93.0,196.0,93.57767,214.37608,96.912125,217.22935
2022_16_ATL_BAL,2022,16,BAL,ATL,156.0,115.0,109.0,203.0,94.40309,212.73451,92.58121,258.66016
2022_16_DET_CAR,2022,16,CAR,DET,263.0,192.0,26.0,214.0,86.61824,215.47952,96.16012,212.74863
2022_16_BUF_CHI,2022,16,CHI,BUF,69.0,113.0,198.0,150.0,78.560135,233.08626,114.48415,218.21634
2022_16_NO_CLE,2022,16,CLE,NO,124.0,135.0,153.0,92.0,83.90242,183.52562,115.455795,276.45663
2022_16_SEA_KC,2022,16,KC,SEA,54.0,145.0,119.0,120.0,85.62135,223.87372,108.76237,213.12247
2022_16_NYG_MIN,2022,16,MIN,NYG,83.0,299.0,92.0,334.0,85.70824,226.33702,80.7721,207.97426
2022_16_CIN_NE,2022,16,NE,CIN,62.0,208.0,62.0,375.0,102.74806,205.04915,106.49732,204.82314
2022_16_HOU_TEN,2022,16,TEN,HOU,172.0,99.0,61.0,218.0,92.09409,213.72733,104.386795,216.55623
2022_16_WAS_SF,2022,16,SF,WAS,122.0,214.0,68.0,166.0,105.1828,170.1559,95.908615,195.8772
2022_16_PHI_DAL,2022,16,DAL,PHI,90.0,347.0,83.0,355.0,69.682915,215.97443,120.32461,249.36739
2022_16_LV_PIT,2022,16,PIT,LV,100.0,244.0,45.0,174.0,87.54037,190.84087,95.27538,263.15723
2022_16_GB_MIA,2022,16,MIA,GB,82.0,310.0,63.0,238.0,107.08575,195.30156,89.05607,237.53537
2022_16_DEN_LA,2022,16,LA,DEN,128.0,226.0,31.0,133.0,93.204765,205.85536,114.66482,207.93755
2022_16_TB_ARI,2022,16,ARI,TB,116.0,221.0,116.0,281.0,69.55764,218.262,91.665855,249.07275
2022_16_LAC_IND,2022,16,IND,LAC,69.0,72.0,74.0,234.0,89.697914,191.99586,84.677704,225.75375
2022_17_DAL_TEN,2022,17,TEN,DAL,64.0,203.0,71.0,257.0,100.60848,198.98067,89.924225,190.5586
2022_17_ARI_ATL,2022,17,ATL,ARI,123.0,169.0,119.0,222.0,82.14533,192.5034,89.43497,221.63622
2022_17_CHI_DET,2022,17,DET,CHI,189.0,249.0,112.0,47.0,82.933754,206.18835,102.62989,207.0089
2022_17_JAX_HOU,2022,17,HOU,JAX,41.0,89.0,164.0,179.0,105.18852,179.22617,88.45908,207.2748
2022_17_DEN_KC,2022,17,KC,DEN,33.0,322.0,113.0,222.0,78.280685,190.27477,89.42904,217.77402
2022_17_MIA_NE,2022,17,NE,MIA,72.0,204.0,76.0,206.0,94.33842,187.87001,94.69164,223.83513
2022_17_NO_PHI,2022,17,PHI,NO,67.0,263.0,98.0,229.0,89.58229,228.07126,80.21508,234.18813
2022_17_CAR_TB,2022,17,TB,CAR,61.0,432.0,54.0,249.0,77.76431,197.4515,92.10521,192.74036
2022_17_CLE_WAS,2022,17,WAS,CLE,127.0,97.0,141.0,169.0,79.988716,213.89235,91.157616,236.77174
2022_17_SF_LV,2022,17,LV,SF,106.0,365.0,173.0,284.0,101.155426,219.20934,64.26826,231.91997
2022_17_NYJ_SEA,2022,17,SEA,NYJ,146.0,155.0,75.0,163.0,95.33186,185.83322,73.65702,205.5362
2022_17_MIN_GB,2022,17,GB,MIN,139.0,130.0,40.0,149.0,95.28539,250.4058,103.74768,214.99704
2022_17_LA_LAC,2022,17,LAC,LA,165.0,187.0,144.0,132.0,95.9653,203.75302,95.80411,222.77449
2022_17_PIT_BAL,2022,17,BAL,PIT,103.0,130.0,200.0,168.0,98.85661,212.67249,83.72116,187.83484
2022_18_KC_LV,2022,18,LV,KC,37.0,130.0,70.0,180.0,88.564224,237.2135,100.28043,207.62502
2022_18_TEN_JAX,2022,18,JAX,TEN,23.0,212.0,131.0,179.0,104.70736,242.73349,86.70661,245.8905
2022_18_TB_ATL,2022,18,ATL,TB,124.0,207.0,86.0,113.0,91.27303,239.83034,76.54023,209.26578
2022_18_NE_BUF,2022,18,BUF,NE,63.0,248.0,108.0,234.0,85.50411,233.25876,80.21339,215.8471
2022_18_MIN_CHI,2022,18,CHI,MIN,113.0,142.0,114.0,287.0,106.456535,219.8132,94.666405,232.09436
2022_18_BAL_CIN,2022,18,CIN,BAL,36.0,207.0,110.0,197.0,96.79866,200.71263,106.12747,214.17686
2022_18_HOU_IND,2022,18,IND,HOU,175.0,209.0,53.0,311.0,103.843735,212.51868,86.67253,201.0567
2022_18_NYJ_MIA,2022,18,MIA,NYJ,160.0,152.0,38.0,149.0,94.518295,252.57808,91.94452,194.9058
2022_18_CAR_NO,2022,18,NO,CAR,143.0,171.0,144.0,43.0,78.91387,217.26524,84.97286,256.86218
2022_18_CLE_PIT,2022,18,PIT,CLE,142.0,195.0,83.0,179.0,91.70372,203.42091,74.14907,227.01523
2022_18_LAC_DEN,2022,18,DEN,LAC,193.0,283.0,56.0,298.0,107.16658,227.59796,117.683586,199.25217
2022_18_NYG_PHI,2022,18,PHI,NYG,97.0,229.0,71.0,104.0,110.075226,200.67886,90.3783,217.62007
2022_18_LA_SEA,2022,18,SEA,LA,146.0,213.0,137.0,147.0,95.478546,187.33871,85.63484,211.03362
2022_18_ARI_SF,2022,18,SF,ARI,119.0,178.0,42.0,180.0,89.94848,229.73256,91.51334,224.5644
2022_18_DAL_WAS,2022,18,WAS,DAL,80.0,169.0,29.0,93.0,86.20783,222.93391,84.00036,211.09227
2022_18_DET_GB,2022,18,GB,DET,95.0,205.0,99.0,215.0,95.719734,244.46805,143.33264,190.0633
2022_19_SEA_SF,2022,19,SF,SEA,141.0,248.0,68.0,164.0,98.655014,203.82558,75.904915,236.35
2022_19_LAC_JAX,2022,19,JAX,LAC,111.0,288.0,55.0,273.0,86.34738,237.19652,66.61281,247.7296
2022_19_MIA_BUF,2022,19,BUF,MIA,92.0,352.0,39.0,220.0,92.75564,230.04567,81.949005,204.94429
2022_19_NYG_MIN,2022,19,MIN,NYG,61.0,271.0,86.0,301.0,95.80424,223.89305,114.27433,218.35109
2022_19_BAL_CIN,2022,19,CIN,BAL,43.0,209.0,148.0,226.0,89.124374,237.12602,81.965935,210.91736
2022_19_DAL_TB,2022,19,TB,DAL,28.0,217.0,92.0,255.0,102.003654,208.09343,86.302124,272.69333
2022_20_JAX_KC,2022,20,KC,JAX,125.0,210.0,121.0,180.0,87.05799,219.02553,140.28436,179.45052
2022_20_NYG_PHI,2022,20,PHI,NYG,147.0,149.0,85.0,81.0,97.7629,270.47913,101.73382,164.6903
2022_20_CIN_BUF,2022,20,BUF,CIN,41.0,159.0,96.0,234.0,99.5077,229.32637,76.02084,223.30794
2022_20_DAL_SF,2022,20,SF,DAL,90.0,199.0,61.0,180.0,100.221054,210.44199,74.45109,248.6038
2022_21_SF_PHI,2022,21,PHI,SF,113.0,121.0,72.0,96.0,110.17669,229.30902,84.065285,219.01189
2022_21_CIN_KC,2022,21,KC,CIN,34.0,326.0,52.0,270.0,83.2824,236.72314,70.79152,219.07349
2022_22_KC_PHI,2022,22,PHI,KC,105.0,304.0,117.0,182.0,88.54983,197.51128,100.768585,191.90497
2023_01_DET_KC,2023,1,KC,DET,45.0,226.0,121.0,253.0,104.92879,207.78157,101.30745,218.37462
2023_01_CAR_ATL,2023,1,ATL,CAR,120.0,115.0,126.0,112.0,99.77031,240.23216,87.82502,208.2787
2023_01_HOU_BAL,2023,1,BAL,HOU,61.0,132.0,51.0,164.0,96.84572,228.91753,93.37246,232.461
2023_01_CIN_CLE,2023,1,CLE,CIN,172.0,139.0,75.0,71.0,92.56219,202.85611,93.2639,206.17459
2023_01_JAX_IND,2023,1,IND,JAX,49.0,218.0,94.0,241.0,89.43162,209.82964,95.61607,260.96707
2023_01_TB_MIN,2023,1,MIN,TB,37.0,344.0,68.0,173.0,108.366714,250.66109,101.692184,223.91309
2023_01_TEN_NO,2023,1,NO,TEN,65.0,305.0,99.0,198.0,79.32259,238.46512,82.713715,235.97958
2023_01_SF_PIT,2023,1,PIT,SF,32.0,111.0,150.0,198.0,98.00658,222.52858,90.879585,215.8451
2023_01_ARI_WAS,2023,1,WAS,ARI,71.0,202.0,96.0,132.0,82.35626,239.45642,90.96332,203.24214
2023_01_GB_CHI,2023,1,CHI,GB,47.0,144.0,49.0,233.0,85.68552,222.8523,110.04729,233.06335
2023_01_LV_DEN,2023,1,DEN,LV,93.0,177.0,50.0,200.0,93.29173,225.40541,93.98535,265.36356
2023_01_MIA_LAC,2023,1,LAC,MIA,217.0,229.0,65.0,466.0,68.45131,216.61339,78.39537,253.13084
2023_01_PHI_NE,2023,1,NE,PHI,61.0,316.0,88.0,170.0,94.945244,217.37964,90.04239,247.77565
2023_01_LA_SEA,2023,1,SEA,LA,70.0,104.0,63.0,313.0,81.8147,203.0741,101.25933,261.798
2023_01_DAL_NYG,2023,1,NYG,DAL,55.0,59.0,90.0,117.0,80.93149,229.66403,86.24285,231.63829
2023_01_BUF_NYJ,2023,1,NYJ,BUF,168.0,140.0,63.0,236.0,95.13468,226.63927,82.94571,205.19308
2023_02_MIN_PHI,2023,2,PHI,MIN,233.0,185.0,15.0,239.0,82.69693,235.31584,82.325066,212.59074
2023_02_GB_ATL,2023,2,ATL,GB,189.0,237.0,61.0,151.0,100.21231,264.39633,95.54414,201.32127
2023_02_LV_BUF,2023,2,BUF,LV,116.0,209.0,31.0,151.0,77.24071,226.36478,101.0954,240.71774
2023_02_BAL_CIN,2023,2,CIN,BAL,61.0,222.0,142.0,237.0,92.78121,240.90303,94.08593,227.37485
2023_02_SEA_DET,2023,2,DET,SEA,102.0,323.0,62.0,328.0,84.73115,233.41171,83.12706,160.92131
2023_02_IND_HOU,2023,2,HOU,IND,49.0,216.0,99.0,216.0,92.41362,217.62225,79.954445,226.33926
2023_02_KC_JAX,2023,2,JAX,KC,45.0,215.0,57.0,251.0,93.23406,258.31668,99.20916,210.4613
2023_02_CHI_TB,2023,2,TB,CHI,103.0,317.0,66.0,209.0,101.68197,235.46198,78.25176,221.96509
2023_02_LAC_TEN,2023,2,TEN,LAC,141.0,246.0,61.0,305.0,89.892395,229.66782,88.05279,190.50972
2023_02_NYG_ARI,2023,2,ARI,NYG,130.0,228.0,87.0,321.0,96.27448,210.90408,82.402626,208.45035
2023_02_SF_LA,2023,2,LA,SF,73.0,253.0,145.0,206.0,97.118774,218.80807,89.01197,219.43744
2023_02_NYJ_DAL,2023,2,DAL,NYJ,101.0,224.0,28.0,116.0,86.638725,216.76497,91.18621,236.84245
2023_02_WAS_DEN,2023,2,DEN,WAS,84.0,230.0,110.0,299.0,100.65771,224.03998,89.39893,197.13522
2023_02_MIA_NE,2023,2,NE,MIA,71.0,209.0,142.0,249.0,80.89075,243.62305,86.678055,239.55077
2023_02_NO_CAR,2023,2,CAR,NO,52.0,95.0,127.0,236.0,112.47437,216.38034,104.5642,232.9757
2023_02_CLE_PIT,2023,2,PIT,CLE,58.0,222.0,180.0,235.0,73.29196,239.6832,88.86366,236.26688
2023_03_NYG_SF,2023,3,SF,NYG,111.0,254.0,25.0,129.0,95.65297,213.78128,90.809784,198.89981
2023_03_IND_BAL,2023,3,BAL,IND,138.0,202.0,139.0,227.0,85.915726,225.47694,86.899086,217.1378
2023_03_TEN_CLE,2023,3,CLE,TEN,43.0,239.0,18.0,96.0,102.35396,218.40791,110.40772,183.6659
2023_03_ATL_DET,2023,3,DET,ATL,96.0,243.0,44.0,120.0,94.94229,250.11523,82.168434,195.88823
2023_03_NO_GB,2023,3,GB,NO,53.0,220.0,70.0,165.0,83.61214,212.93909,84.5692,208.52022
2023_03_HOU_JAX,2023,3,JAX,HOU,98.0,167.0,41.0,280.0,87.42602,229.35742,72.08054,221.67868
2023_03_DEN_MIA,2023,3,MIA,DEN,210.0,299.0,48.0,249.0,98.9034,212.48311,93.15033,184.89818
2023_03_LAC_MIN,2023,3,MIN,LAC,120.0,367.0,19.0,454.0,79.97197,216.31412,94.47104,211.28157
2023_03_NE_NYJ,2023,3,NYJ,NE,37.0,157.0,142.0,201.0,87.042274,212.17,92.24672,209.15428
2023_03_BUF_WAS,2023,3,WAS,BUF,87.0,110.0,57.0,199.0,88.01603,242.35593,92.8127,185.72209
2023_03_CAR_SEA,2023,3,SEA,CAR,128.0,291.0,34.0,301.0,84.54708,208.54773,93.23546,195.05815
2023_03_DAL_ARI,2023,3,ARI,DAL,193.0,189.0,152.0,249.0,111.88554,261.1569,99.35481,177.33072
2023_03_CHI_KC,2023,3,KC,CHI,81.0,272.0,76.0,42.0,98.11132,215.51425,90.889145,194.02054
2023_03_PIT_LV,2023,3,LV,PIT,43.0,252.0,94.0,230.0,90.0291,202.3198,80.43911,189.58798
2023_03_PHI_TB,2023,3,TB,PHI,23.0,87.0,165.0,232.0,63.46546,235.16559,91.62889,181.75848
2023_03_LA_CIN,2023,3,CIN,LA,67.0,259.0,64.0,232.0,70.96571,246.39415,86.64658,220.01141
2023_04_DET_GB,2023,4,GB,DET,21.0,171.0,158.0,205.0,110.48545,246.08553,92.95264,234.40158
2023_04_ATL_JAX,2023,4,JAX,ATL,45.0,198.0,117.0,157.0,82.83299,229.2732,75.40222,181.37111
2023_04_MIA_BUF,2023,4,BUF,MIA,67.0,318.0,57.0,214.0,125.54631,171.44843,84.3494,215.64865
2023_04_MIN_CAR,2023,4,CAR,MIN,73.0,204.0,128.0,139.0,98.56195,215.80219,98.09441,159.17734
2023_04_DEN_CHI,2023,4,CHI,DEN,148.0,335.0,86.0,223.0,97.66498,238.90456,78.64022,240.95961
2023_04_BAL_CLE,2023,4,CLE,BAL,10.0,110.0,114.0,154.0,105.982,249.37416,85.7572,196.2576
2023_04_PIT_HOU,2023,4,HOU,PIT,106.0,239.0,85.0,114.0,95.65054,212.56577,76.03313,200.36397
2023_04_LA_IND,2023,4,IND,LA,113.0,162.0,150.0,313.0,113.457596,187.5835,74.87199,195.91527
2023_04_TB_NO,2023,4,NO,TB,67.0,140.0,73.0,241.0,123.02733,255.01018,100.301414,223.16089
2023_04_WAS_PHI,2023,4,PHI,WAS,76.0,319.0,73.0,290.0,87.76615,239.34914,84.31406,203.88864
2023_04_LV_LAC,2023,4,LAC,LV,118.0,116.0,75.0,210.0,125.647835,206.66805,71.894295,214.19785
2023_04_NE_DAL,2023,4,DAL,NE,72.0,237.0,37.0,161.0,108.03182,237.9467,97.93837,214.71663
2023_04_ARI_SF,2023,4,SF,ARI,78.0,255.0,72.0,205.0,93.75018,237.7685,87.96857,152.76657
2023_04_KC_NYJ,2023,4,NYJ,KC,96.0,245.0,155.0,203.0,88.88557,207.06055,96.14388,210.27632
2023_04_SEA_NYG,2023,4,NYG,SEA,48.0,152.0,61.0,170.0,97.354805,220.34642,78.5085,177.77046
2023_05_CHI_WAS,2023,5,WAS,CHI,12.0,288.0,151.0,226.0,104.09131,241.85777,94.06767,229.95465
2023_05_JAX_BUF,2023,5,BUF,JAX,20.0,287.0,166.0,315.0,95.19654,219.12521,82.950325,207.67067
2023_05_HOU_ATL,2023,5,ATL,HOU,93.0,351.0,64.0,249.0,101.793724,218.8343,80.257484,214.4267
2023_05_CAR_DET,2023,5,DET,CAR,109.0,209.0,61.0,146.0,112.47057,225.10512,117.32849,200.48227
2023_05_TEN_IND,2023,5,IND,TEN,184.0,253.0,77.0,249.0,109.40444,169.46353,79.24618,244.44034
2023_05_NYG_MIA,2023,5,MIA,NYG,204.0,296.0,58.0,112.0,102.02577,201.64629,83.08857,237.10774
2023_05_NO_NE,2023,5,NE,NO,29.0,110.0,100.0,163.0,94.318275,231.32741,84.771645,216.73555
2023_05_BAL_PIT,2023,5,PIT,BAL,93.0,224.0,110.0,223.0,114.699524,261.67398,102.290405,224.6633
2023_05_CIN_ARI,2023,5,ARI,CIN,140.0,122.0,78.0,295.0,119.66976,237.87552,52.715446,215.1794
2023_05_PHI_LA,2023,5,LA,PHI,49.0,196.0,102.0,303.0,107.39762,181.98134,80.92692,200.98096
2023_05_NYJ_DEN,2023,5,DEN,NYJ,92.0,169.0,208.0,199.0,118.034256,247.72105,100.92278,223.40274
2023_05_KC_MIN,2023,5,MIN,KC,70.0,255.0,67.0,278.0,92.13432,240.14821,85.58517,233.4833
2023_05_DAL_SF,2023,5,SF,DAL,114.0,251.0,34.0,127.0,86.189766,219.67612,74.859856,266.8843
2023_05_GB_LV,2023,5,LV,GB,95.0,208.0,73.0,182.0,76.082634,213.64117,101.90821,216.1437
2023_06_DEN_KC,2023,6,KC,DEN,60.0,233.0,78.0,57.0,134.34798,203.69261,97.61218,234.03015
2023_06_BAL_TEN,2023,6,TEN,BAL,112.0,85.0,110.0,216.0,101.453415,172.65947,84.797455,186.45422
2023_06_WAS_ATL,2023,6,ATL,WAS,88.0,295.0,71.0,151.0,80.34242,254.25533,97.404495,233.58485
2023_06_MIN_CHI,2023,6,CHI,MIN,139.0,141.0,38.0,181.0,93.60086,220.19466,115.421455,203.23914
2023_06_SEA_CIN,2023,6,CIN,SEA,42.0,185.0,70.0,326.0,86.57456,214.42616,103.11653,236.42734
2023_06_SF_CLE,2023,6,CLE,SF,160.0,192.0,104.0,125.0,70.991394,236.82726,115.297745,234.58092
2023_06_NO_HOU,2023,6,HOU,NO,118.0,199.0,89.0,357.0,105.06555,214.04124,116.21569,249.11977
2023_06_IND_JAX,2023,6,JAX,IND,72.0,160.0,37.0,215.0,107.308655,211.56477,94.015366,246.05159
2023_06_CAR_MIA,2023,6,MIA,CAR,108.0,251.0,101.0,185.0,125.42421,152.17848,117.62484,182.33249
2023_06_NE_LV,2023,6,LV,NE,85.0,264.0,84.0,200.0,121.7799,211.40042,101.73313,216.84709
2023_06_ARI_LA,2023,6,LA,ARI,165.0,226.0,75.0,117.0,90.355415,226.3724,82.30463,246.97617
2023_06_PHI_NYJ,2023,6,NYJ,PHI,74.0,186.0,58.0,280.0,115.4237,207.9582,101.28339,241.53593
2023_06_DET_TB,2023,6,TB,DET,40.0,128.0,27.0,309.0,108.809204,222.59157,111.0335,206.73363
2023_06_NYG_BUF,2023,6,BUF,NYG,116.0,169.0,108.0,200.0,101.28245,210.81041,92.54767,244.66286
2023_06_DAL_LAC,2023,6,LAC,DAL,37.0,227.0,74.0,272.0,122.56607,182.31013,69.91054,159.42665
2023_07_JAX_NO,2023,7,NO,JAX,98.0,301.0,54.0,217.0,91.25259,260.2461,85.5522,234.30261
2023_07_DET_BAL,2023,7,BAL,DET,106.0,343.0,48.0,198.0,88.821556,233.39835,101.723946,220.32294
2023_07_LV_CHI,2023,7,CHI,LV,106.0,149.0,44.0,121.0,93.94903,234.36778,115.45224,227.68733
2023_07_CLE_IND,2023,7,IND,CLE,139.0,305.0,147.0,183.0,87.73874,217.5558,80.3637,207.96283
2023_07_BUF_NE,2023,7,NE,BUF,87.0,272.0,67.0,265.0,92.05536,223.75597,78.70924,223.06514
2023_07_WAS_NYG,2023,7,NYG,WAS,100.0,279.0,65.0,249.0,98.15323,217.28786,99.43025,260.784
2023_07_ATL_TB,2023,7,TB,ATL,43.0,275.0,132.0,250.0,100.64756,236.97342,88.79133,229.34076
2023_07_PIT_LA,2023,7,LA,PIT,127.0,231.0,90.0,230.0,102.351204,223.0798,91.03694,245.26772
2023_07_ARI_SEA,2023,7,SEA,ARI,99.0,219.0,122.0,110.0,87.850685,237.55208,89.82535,241.22829
2023_07_GB_DEN,2023,7,DEN,GB,124.0,194.0,126.0,194.0,86.2013,217.48897,117.50822,189.04446
2023_07_LAC_KC,2023,7,KC,LAC,39.0,416.0,134.0,213.0,105.66828,206.23308,86.861855,219.31055
2023_07_MIA_PHI,2023,7,PHI,MIA,59.0,279.0,45.0,208.0,98.26674,189.25337,102.78824,222.15475
2023_07_SF_MIN,2023,7,MIN,SF,75.0,378.0,48.0,272.0,73.60214,263.20187,100.25633,223.48428
2023_08_TB_BUF,2023,8,BUF,TB,88.0,295.0,59.0,144.0,93.889244,233.09021,90.70188,237.27043
2023_08_HOU_CAR,2023,8,CAR,HOU,31.0,235.0,98.0,140.0,102.19177,264.3168,71.34909,248.55891
2023_08_LA_DAL,2023,8,DAL,LA,80.0,250.0,65.0,162.0,89.292755,253.72116,85.282974,190.46541
2023_08_MIN_GB,2023,8,GB,MIN,40.0,178.0,42.0,242.0,109.06232,210.96692,96.57838,232.63033
2023_08_NO_IND,2023,8,IND,NO,161.0,148.0,134.0,354.0,86.48801,205.84772,104.42903,218.87276
2023_08_NE_MIA,2023,8,MIA,NE,61.0,324.0,57.0,147.0,86.40961,222.08597,96.90591,224.37082
2023_08_NYJ_NYG,2023,8,NYG,NYJ,170.0,7.0,33.0,240.0,75.46904,241.50725,79.12449,204.48505
2023_08_JAX_PIT,2023,8,PIT,JAX,42.0,149.0,102.0,292.0,90.80511,232.46887,93.08042,239.94232
2023_08_ATL_TEN,2023,8,TEN,ATL,147.0,238.0,123.0,220.0,103.26666,201.11461,82.294,193.0656
2023_08_PHI_WAS,2023,8,WAS,PHI,75.0,325.0,37.0,319.0,86.32608,259.63736,77.49953,204.96672
2023_08_CLE_SEA,2023,8,SEA,CLE,115.0,254.0,144.0,257.0,72.77095,242.21928,91.68258,244.59714
2023_08_BAL_ARI,2023,8,ARI,BAL,98.0,61.0,58.0,152.0,90.55447,226.50455,96.09657,245.31493
2023_08_KC_DEN,2023,8,DEN,KC,122.0,119.0,42.0,214.0,92.8922,237.35944,92.83656,234.76846
2023_08_CIN_SF,2023,8,SF,CIN,56.0,256.0,96.0,283.0,79.44335,233.05307,110.426796,250.83595
2023_08_CHI_LAC,2023,8,LAC,CHI,36.0,254.0,64.0,165.0,76.19871,219.22318,73.8314,270.9914
2023_08_LV_DET,2023,8,DET,LV,186.0,267.0,71.0,62.0,73.84643,231.03598,84.60094,253.73769
2023_09_TEN_PIT,2023,9,PIT,TEN,167.0,160.0,98.0,262.0,69.37362,241.34518,85.63033,203.85153
2023_09_MIA_KC,2023,9,KC,MIA,74.0,185.0,110.0,193.0,79.48258,263.23688,95.307495,207.90543
2023_09_MIN_ATL,2023,9,ATL,MIN,90.0,268.0,69.0,236.0,90.27908,241.52528,103.097786,223.50499
2023_09_SEA_BAL,2023,9,BAL,SEA,178.0,187.0,24.0,106.0,85.565025,244.21735,85.60323,188.76318
2023_09_ARI_CLE,2023,9,CLE,ARI,64.0,167.0,14.0,27.0,96.73138,248.77827,93.4995,209.86382
2023_09_LA_GB,2023,9,GB,LA,131.0,155.0,49.0,103.0,84.43622,233.77231,105.27328,226.66884
2023_09_TB_HOU,2023,9,HOU,TB,55.0,470.0,75.0,265.0,89.55938,228.02287,101.302055,191.1093
2023_09_WAS_NE,2023,9,NE,WAS,104.0,220.0,95.0,325.0,90.21267,233.41925,88.74965,204.87784
2023_09_CHI_NO,2023,9,NO,CHI,70.0,214.0,99.0,220.0,78.99708,241.54099,95.46812,214.1005
2023_09_IND_CAR,2023,9,CAR,IND,96.0,130.0,67.0,123.0,99.284164,223.12302,82.543686,222.62563
2023_09_NYG_LV,2023,9,LV,NYG,103.0,209.0,83.0,96.0,80.183044,281.56216,108.14228,207.43199
2023_09_DAL_PHI,2023,9,PHI,DAL,76.0,207.0,60.0,374.0,78.21207,236.27492,91.054115,207.9296
2023_09_BUF_CIN,2023,9,CIN,BUF,44.0,322.0,38.0,240.0,79.32529,255.86552,96.298065,229.47304
2023_09_LAC_NYJ,2023,9,NYJ,LAC,57.0,163.0,59.0,136.0,96.92159,230.21109,88.198875,240.42155
2023_10_CAR_CHI,2023,10,CHI,CAR,120.0,162.0,25.0,185.0,87.248245,251.02141,81.042274,237.63405
2023_10_IND_NE,2023,10,NE,IND,144.0,195.0,71.0,194.0,99.72692,213.32213,74.2523,200.74776
2023_10_HOU_CIN,2023,10,CIN,HOU,47.0,347.0,169.0,356.0,77.04672,211.82277,96.383484,213.41425
2023_10_SF_JAX,2023,10,JAX,SF,51.0,185.0,91.0,254.0,90.63049,203.82803,105.57724,173.50414
2023_10_NO_MIN,2023,10,MIN,NO,86.0,268.0,59.0,178.0,121.40561,230.97586,82.80095,230.21245
2023_10_GB_PIT,2023,10,PIT,GB,190.0,126.0,105.0,289.0,83.105316,222.73975,79.10788,195.88321
2023_10_TEN_TB,2023,10,TB,TEN,50.0,273.0,42.0,133.0,101.98302,170.72765,95.21944,195.29483
2023_10_ATL_ARI,2023,10,ARI,ATL,104.0,249.0,150.0,94.0,86.43497,258.85947,85.60633,205.83643
2023_10_DET_LAC,2023,10,LAC,DET,85.0,323.0,202.0,333.0,70.65188,197.64166,109.15825,200.69965
2023_10_NYG_DAL,2023,10,DAL,NYG,128.0,404.0,59.0,42.0,97.739716,214.28995,98.5203,178.48941
2023_10_WAS_SEA,2023,10,SEA,WAS,107.0,369.0,68.0,312.0,78.50601,205.59947,89.74226,205.02281
2023_10_NYJ_LV,2023,10,LV,NYJ,143.0,153.0,54.0,263.0,114.07725,181.5029,67.13432,216.13742
2023_10_DEN_BUF,2023,10,BUF,DEN,186.0,177.0,99.0,193.0,125.24161,229.40549,99.582016,261.83484
2023_11_CIN_BAL,2023,11,BAL,CIN,90.0,213.0,69.0,136.0,124.23657,243.22168,64.67126,233.34052
2023_11_DAL_CAR,2023,11,CAR,DAL,107.0,105.0,81.0,185.0,82.82844,243.26402,63.977703,179.95293
2023_11_PIT_CLE,2023,11,CLE,PIT,87.0,165.0,164.0,106.0,110.353096,198.60663,88.9046,203.60541
2023_11_CHI_DET,2023,11,DET,CHI,108.0,184.0,129.0,169.0,90.970345,223.6589,73.41392,195.34035
2023_11_LAC_GB,2023,11,GB,LAC,102.0,322.0,77.0,260.0,104.871086,227.13725,61.329124,219.58444
2023_11_ARI_HOU,2023,11,HOU,ARI,112.0,338.0,80.0,214.0,117.15475,249.23596,91.34808,204.604
2023_11_TEN_JAX,2023,11,JAX,TEN,84.0,233.0,66.0,107.0,104.99128,196.65804,82.28585,195.27596
2023_11_LV_MIA,2023,11,MIA,LV,87.0,325.0,36.0,271.0,76.872475,215.90596,101.25176,193.00136
2023_11_NYG_WAS,2023,11,WAS,NYG,116.0,225.0,84.0,246.0,87.95586,247.42693,76.777756,223.68843
2023_11_TB_SF,2023,11,SF,TB,80.0,315.0,58.0,166.0,70.98468,226.46349,65.18287,194.99379
2023_11_NYJ_BUF,2023,11,BUF,NYJ,67.0,273.0,36.0,108.0,99.18592,230.71715,70.11851,227.50757
2023_11_SEA_LA,2023,11,LA,SEA,81.0,190.0,69.0,236.0,57.628807,187.47925,83.693375,165.85661
2023_11_MIN_DEN,2023,11,DEN,MIN,47.0,259.0,158.0,221.0,83.08643,227.36353,76.91869,183.00313
2023_11_PHI_KC,2023,11,KC,PHI,130.0,177.0,112.0,150.0,104.30773,214.91391,67.27064,248.04642
2023_12_GB_DET,2023,12,DET,GB,121.0,169.0,61.0,250.0,84.62513,245.5016,88.16713,250.90572
2023_12_WAS_DAL,2023,12,DAL,WAS,58.0,274.0,63.0,212.0,78.7916,253.85066,100.17214,228.97234
2023_12_SF_SEA,2023,12,SEA,SF,63.0,136.0,119.0,158.0,75.304245,242.32814,74.52783,217.10435
2023_12_MIA_NYJ,2023,12,NYJ,MIA,23.0,43.0,93.0,243.0,95.582245,236.91724,102.677765,232.08157
2023_12_NO_ATL,2023,12,ATL,NO,191.0,168.0,141.0,264.0,87.64454,215.99979,92.94591,202.2511
2023_12_PIT_CIN,2023,12,CIN,PIT,16.0,188.0,148.0,278.0,87.54437,225.71124,88.58188,197.22655
2023_12_JAX_HOU,2023,12,HOU,JAX,44.0,304.0,79.0,364.0,94.76434,238.16327,90.39988,209.61884
2023_12_TB_IND,2023,12,IND,TB,136.0,251.0,111.0,199.0,84.45594,217.49257,87.70868,216.29794
2023_12_NE_NYG,2023,12,NYG,NE,51.0,191.0,147.0,143.0,92.97138,231.57661,101.83682,208.47545
2023_12_CAR_TEN,2023,12,TEN,CAR,83.0,185.0,73.0,194.0,96.41886,218.86963,76.64482,224.95018
2023_12_LA_ARI,2023,12,ARI,LA,57.0,130.0,174.0,220.0,63.884956,252.21387,97.020966,199.2999
2023_12_CLE_DEN,2023,12,DEN,CLE,146.0,104.0,102.0,156.0,95.02184,192.98347,85.72953,221.62851
2023_12_KC_LV,2023,12,LV,KC,125.0,217.0,46.0,289.0,79.99133,252.89519,84.29077,215.82274
2023_12_BUF_PHI,2023,12,PHI,BUF,143.0,200.0,109.0,339.0,101.03315,221.11124,89.00258,197.95445
2023_12_BAL_LAC,2023,12,LAC,BAL,39.0,196.0,190.0,177.0,127.80279,213.42496,75.48647,220.07932
2023_12_CHI_MIN,2023,12,MIN,CHI,62.0,185.0,103.0,217.0,83.42289,189.36217,70.395096,210.49304
2023_13_SEA_DAL,2023,13,DAL,SEA,130.0,299.0,67.0,334.0,94.81234,234.73576,105.46429,213.01176
2023_13_DEN_HOU,2023,13,HOU,DEN,84.0,292.0,93.0,186.0,93.272514,200.41539,70.47428,202.1495
2023_13_LAC_NE,2023,13,NE,LAC,134.0,141.0,31.0,189.0,105.223595,255.01605,91.494995,190.16165
2023_13_DET_NO,2023,13,NO,DET,114.0,267.0,142.0,213.0,80.57437,300.25168,88.040764,226.7626
2023_13_ATL_NYJ,2023,13,NYJ,ATL,54.0,214.0,91.0,121.0,83.74937,254.87555,96.6081,240.37944
2023_13_ARI_PIT,2023,13,PIT,ARI,118.0,122.0,64.0,104.0,82.82942,249.77666,80.34019,226.754
2023_13_IND_TEN,2023,13,TEN,IND,172.0,224.0,53.0,312.0,82.031006,218.32246,109.421104,234.67825
2023_13_MIA_WAS,2023,13,WAS,MIA,102.0,125.0,55.0,275.0,99.70606,257.02664,88.514206,209.6822
2023_13_CAR_TB,2023,13,TB,CAR,130.0,202.0,135.0,178.0,97.11697,235.58261,91.31266,235.73033
2023_13_CLE_LA,2023,13,LA,CLE,107.0,264.0,87.0,254.0,88.03319,218.94211,96.9703,152.66698
2023_13_SF_PHI,2023,13,PHI,SF,20.0,196.0,109.0,238.0,74.86065,206.29327,99.11731,204.64787
2023_13_KC_GB,2023,13,GB,KC,121.0,267.0,122.0,202.0,97.19619,250.03076,96.00275,183.88568
2023_13_CIN_JAX,2023,13,JAX,CIN,60.0,321.0,135.0,347.0,109.80113,209.0492,114.813324,207.12201
2023_14_NE_PIT,2023,14,PIT,NE,57.0,190.0,68.0,240.0,104.00533,244.66112,81.18049,197.43498
2023_14_TB_ATL,2023,14,ATL,TB,83.0,347.0,146.0,144.0,83.372025,219.77289,94.41274,226.1119
2023_14_LA_BAL,2023,14,BAL,LA,72.0,316.0,129.0,294.0,110.54867,213.10323,108.45065,204.46956
2023_14_DET_CHI,2023,14,CHI,DET,75.0,206.0,111.0,114.0,88.17389,202.54497,113.99735,195.1237
2023_14_IND_CIN,2023,14,CIN,IND,72.0,274.0,28.0,141.0,102.12247,220.23953,106.74315,217.10327
2023_14_JAX_CLE,2023,14,CLE,JAX,87.0,311.0,41.0,205.0,101.416824,235.59456,99.52313,216.12236
2023_14_CAR_NO,2023,14,NO,CAR,93.0,81.0,152.0,93.0,91.48894,264.23022,92.27259,202.00792
2023_14_HOU_NYJ,2023,14,NYJ,HOU,57.0,295.0,74.0,77.0,89.37185,237.2829,99.26986,197.24324
2023_14_MIN_LV,2023,14,LV,MIN,56.0,171.0,111.0,146.0,84.75944,198.58073,91.44175,222.8801
2023_14_SEA_SF,2023,14,SF,SEA,144.0,341.0,53.0,263.0,83.275246,212.80154,98.007965,218.06789
2023_14_BUF_KC,2023,14,KC,BUF,74.0,271.0,102.0,233.0,78.43569,238.70645,88.27363,233.98796
2023_14_DEN_LAC,2023,14,LAC,DEN,64.0,144.0,80.0,204.0,80.07735,264.88342,91.39333,228.0404
2023_14_PHI_DAL,2023,14,DAL,PHI,111.0,206.0,96.0,163.0,80.87753,214.64926,105.72399,190.16998
2023_14_TEN_MIA,2023,14,MIA,TEN,138.0,240.0,68.0,247.0,107.95226,240.90154,87.081276,202.66203
2023_14_GB_NYG,2023,14,NYG,GB,176.0,158.0,121.0,218.0,94.24126,232.3359,97.952614,198.06815
2023_15_LAC_LV,2023,15,LV,LAC,113.0,253.0,36.0,187.0,86.61819,229.15268,82.0338,190.09357
2023_15_MIN_CIN,2023,15,CIN,MIN,83.0,324.0,136.0,303.0,73.96199,217.37648,91.29583,202.64774
2023_15_PIT_IND,2023,15,IND,PIT,140.0,215.0,61.0,130.0,86.31791,239.47067,94.19751,218.844
2023_15_DEN_DET,2023,15,DET,DEN,124.0,244.0,43.0,157.0,91.17209,235.7767,99.41035,220.44897
2023_15_ATL_CAR,2023,15,CAR,ATL,120.0,167.0,52.0,152.0,96.54807,260.19714,83.64206,206.84082
2023_15_CHI_CLE,2023,15,CLE,CHI,29.0,379.0,77.0,166.0,95.208824,233.20291,107.11796,228.85039
2023_15_TB_GB,2023,15,GB,TB,55.0,255.0,63.0,381.0,98.08443,207.59071,92.35234,212.45653
2023_15_NYJ_MIA,2023,15,MIA,NYJ,43.0,225.0,17.0,77.0,89.16464,250.53345,117.20071,179.58197
2023_15_KC_NE,2023,15,NE,KC,24.0,163.0,36.0,285.0,84.54262,229.88483,89.511635,207.02576
2023_15_NYG_NO,2023,15,NO,NYG,60.0,216.0,44.0,86.0,85.47867,215.07643,100.16509,203.50815
2023_15_HOU_TEN,2023,15,TEN,HOU,42.0,199.0,148.0,229.0,94.115,244.46806,100.15474,203.09969
2023_15_SF_ARI,2023,15,ARI,SF,147.0,133.0,88.0,223.0,93.21059,225.14075,88.15678,204.68523
2023_15_WAS_LA,2023,15,LA,WAS,142.0,213.0,50.0,102.0,75.99732,230.96086,101.80224,193.09773
2023_15_DAL_BUF,2023,15,BUF,DAL,193.0,77.0,43.0,59.0,89.64378,271.39545,121.67631,193.47891
2023_15_BAL_JAX,2023,15,JAX,BAL,34.0,247.0,170.0,171.0,96.74085,208.22887,88.45903,203.8752
2023_15_PHI_SEA,2023,15,SEA,PHI,102.0,208.0,125.0,143.0,92.58888,224.54152,78.709694,191.35736
2023_16_NO_LA,2023,16,LA,NO,112.0,277.0,29.0,216.0,108.2373,227.66396,140.02211,256.27036
2023_16_CIN_PIT,2023,16,PIT,CIN,76.0,279.0,30.0,307.0,108.651985,224.35509,78.44564,242.97052
2023_16_BUF_LAC,2023,16,LAC,BUF,96.0,212.0,101.0,237.0,122.68398,198.77893,75.37191,183.54271
2023_16_IND_ATL,2023,16,ATL,IND,122.0,223.0,46.0,157.0,94.258316,271.13547,88.15273,228.77283
2023_16_GB_CAR,2023,16,CAR,GB,84.0,276.0,150.0,219.0,84.88956,249.69537,84.960785,189.24553
2023_16_CLE_HOU,2023,16,HOU,CLE,64.0,67.0,46.0,338.0,62.06282,279.29422,89.057205,192.30402
2023_16_DET_MIN,2023,16,MIN,DET,16.0,411.0,145.0,257.0,96.10902,252.28148,82.77898,192.6017
2023_16_WAS_NYJ,2023,16,NYJ,WAS,148.0,217.0,86.0,127.0,81.82277,213.58032,82.27927,228.415
2023_16_SEA_TEN,2023,16,TEN,SEA,125.0,164.0,56.0,227.0,70.193016,241.69661,81.80766,249.72795
2023_16_JAX_TB,2023,16,TB,JAX,52.0,238.0,2.0,211.0,103.860985,229.07246,97.75612,222.68211
2023_16_ARI_CHI,2023,16,CHI,ARI,162.0,163.0,75.0,170.0,87.046776,234.9363,101.898544,205.79242
2023_16_DAL_MIA,2023,16,MIA,DAL,93.0,293.0,74.0,253.0,110.16361,241.65591,65.585556,170.22128
2023_16_NE_DEN,2023,16,DEN,NE,65.0,158.0,53.0,256.0,92.82545,184.10017,90.29176,211.34746
2023_16_LV_KC,2023,16,KC,LV,30.0,186.0,137.0,62.0,97.14062,189.5526,112.467224,236.3643
2023_16_NYG_PHI,2023,16,PHI,NYG,156.0,280.0,87.0,87.0,74.9869,268.4085,108.70829,243.03902
2023_17_NYJ_CLE,2023,17,CLE,NYJ,84.0,303.0,94.0,169.0,95.94521,206.08992,98.125,220.71646
2023_17_DET_DAL,2023,17,DAL,DET,61.0,345.0,125.0,302.0,58.625374,254.6315,102.00919,267.44513
2023_17_MIA_BAL,2023,17,BAL,MIA,68.0,291.0,112.0,234.0,91.14184,251.94618,111.46276,221.2396
2023_17_NE_BUF,2023,17,BUF,NE,93.0,169.0,69.0,209.0,73.55949,258.97424,84.14925,207.08643
2023_17_ATL_CHI,2023,17,CHI,ATL,100.0,268.0,59.0,153.0,89.85357,199.80959,84.73652,250.18535
2023_17_TEN_HOU,2023,17,HOU,TEN,77.0,203.0,39.0,146.0,85.180305,214.04738,79.879555,197.8466
2023_17_LV_IND,2023,17,IND,LV,133.0,224.0,80.0,229.0,69.84643,253.99954,108.82089,216.13362
2023_17_CAR_JAX,2023,17,JAX,CAR,97.0,178.0,52.0,53.0,104.41986,176.52542,71.23894,196.47008
2023_17_LA_NYG,2023,17,NYG,LA,71.0,319.0,106.0,317.0,102.91258,242.91585,107.11485,246.97792
2023_17_ARI_PHI,2023,17,PHI,ARI,78.0,184.0,210.0,232.0,95.99074,169.4536,117.525894,240.24266
2023_17_NO_TB,2023,17,TB,NO,58.0,89.0,67.0,188.0,68.268814,216.6468,92.27454,208.02322
2023_17_SF_WAS,2023,17,WAS,SF,60.0,154.0,152.0,218.0,80.93667,199.37387,100.8857,213.71404
2023_17_PIT_SEA,2023,17,SEA,PIT,55.0,290.0,186.0,250.0,90.26807,237.91782,90.146194,209.4079
2023_17_LAC_DEN,2023,17,DEN,LAC,91.0,209.0,84.0,185.0,81.82171,230.64433,87.75719,232.91951
2023_17_CIN_KC,2023,17,KC,CIN,130.0,245.0,76.0,174.0,66.08482,227.88144,76.80203,247.12761
2023_17_GB_MIN,2023,17,MIN,GB,56.0,128.0,127.0,228.0,109.09828,254.52562,69.77205,212.15912
2023_18_PIT_BAL,2023,18,BAL,PIT,66.0,105.0,158.0,152.0,95.84919,246.29147,87.61442,202.06784
2023_18_HOU_IND,2023,18,IND,HOU,218.0,141.0,55.0,264.0,85.64902,234.84474,84.319916,203.36435
2023_18_TB_CAR,2023,18,CAR,TB,107.0,94.0,74.0,123.0,86.88246,254.0359,99.66851,240.08273
2023_18_CLE_CIN,2023,18,CIN,CLE,167.0,159.0,64.0,55.0,94.82384,182.5291,79.9718,219.32326
2023_18_MIN_DET,2023,18,DET,MIN,65.0,294.0,83.0,391.0,89.64251,189.19368,109.217514,225.11208
2023_18_NYJ_NE,2023,18,NE,NYJ,76.0,65.0,128.0,70.0,88.6175,195.28459,78.318924,220.19058
2023_18_ATL_NO,2023,18,NO,ATL,95.0,250.0,52.0,283.0,91.435905,221.98677,85.36328,194.12764
2023_18_JAX_TEN,2023,18,TEN,JAX,179.0,163.0,72.0,280.0,78.54763,194.50444,99.318665,210.77646
2023_18_SEA_ARI,2023,18,ARI,SEA,173.0,262.0,112.0,189.0,99.82344,253.53036,92.75013,231.6398
2023_18_CHI_GB,2023,18,GB,CHI,105.0,296.0,61.0,148.0,87.92671,203.34068,96.13722,205.08167
2023_18_KC_LAC,2023,18,LAC,KC,58.0,258.0,77.0,154.0,102.71792,222.50853,91.55865,197.68134
2023_18_DEN_LV,2023,18,LV,DEN,97.0,212.0,45.0,161.0,88.36101,202.6779,96.45777,222.1431
2023_18_PHI_NYG,2023,18,NYG,PHI,52.0,267.0,109.0,109.0,90.01803,231.58478,63.844036,205.6652
2023_18_LA_SF,2023,18,SF,LA,119.0,189.0,99.0,163.0,94.05745,257.03348,77.6878,191.2483
2023_18_DAL_WAS,2023,18,WAS,DAL,42.0,138.0,117.0,236.0,92.63714,217.6468,103.02557,227.50307
2023_18_BUF_MIA,2023,18,MIA,BUF,101.0,173.0,79.0,350.0,83.33489,228.58209,79.08351,192.78874
2023_19_CLE_HOU,2023,19,HOU,CLE,57.0,263.0,29.0,269.0,114.64178,199.5256,93.10882,207.14897
2023_19_MIA_KC,2023,19,KC,MIA,78.0,257.0,51.0,100.0,80.35284,231.53131,101.92969,211.92801
2023_19_GB_DAL,2023,19,DAL,GB,74.0,193.0,98.0,269.0,98.09072,228.21985,97.45398,203.10522
2023_19_LA_DET,2023,19,DET,LA,82.0,277.0,68.0,367.0,83.57978,221.47331,102.34782,210.38316
2023_19_PIT_BUF,2023,19,BUF,PIT,99.0,203.0,90.0,187.0,84.59281,251.45102,88.228264,211.59976
2023_19_PHI_TB,2023,19,TB,PHI,82.0,259.0,29.0,206.0,84.16623,258.18454,89.31035,234.35362
2023_20_HOU_BAL,2023,20,BAL,HOU,86.0,141.0,22.0,141.0,96.92479,232.37122,71.98363,222.89432
2023_20_GB_SF,2023,20,SF,GB,102.0,252.0,134.0,194.0,81.57363,245.65692,76.20756,184.70148
2023_20_TB_DET,2023,20,DET,TB,97.0,276.0,74.0,265.0,78.72378,229.41675,92.479256,225.30383
2023_20_KC_BUF,2023,20,BUF,KC,123.0,186.0,127.0,215.0,69.43602,226.22722,105.24689,195.16454
2023_21_KC_BAL,2023,21,BAL,KC,53.0,272.0,74.0,241.0,83.37427,233.55101,83.59535,180.14423
2023_21_DET_SF,2023,21,SF,DET,103.0,267.0,182.0,219.0,83.744225,250.53441,89.74294,211.64377
2023_22_SF_KC,2023,22,KC,SF,94.0,333.0,98.0,276.0,95.81606,228.96739,92.17031,192.24814
2024_01_BAL_KC,2024,1,KC,BAL,69.0,291.0,110.0,273.0,90.22815,236.69641,95.558975,206.08516
2024_01_GB_PHI,2024,1,PHI,GB,122.0,278.0,163.0,260.0,76.49909,226.33676,98.82691,206.48222
2024_01_PIT_ATL,2024,1,ATL,PIT,89.0,148.0,107.0,156.0,93.71911,239.0807,88.66848,196.87138
2024_01_ARI_BUF,2024,1,BUF,ARI,98.0,232.0,80.0,162.0,85.3801,225.66032,89.71716,207.44788
2024_01_TEN_CHI,2024,1,CHI,TEN,70.0,93.0,119.0,127.0,86.63279,240.92825,112.36837,221.44362
2024_01_NE_CIN,2024,1,CIN,NE,57.0,164.0,117.0,121.0,95.88308,235.54666,83.991905,209.33057
2024_01_HOU_IND,2024,1,IND,HOU,72.0,212.0,200.0,234.0,81.63852,242.43703,103.41491,199.81253
2024_01_JAX_MIA,2024,1,MIA,JAX,70.0,338.0,120.0,162.0,80.727776,241.83247,91.50648,219.0956
2024_01_CAR_NO,2024,1,NO,CAR,143.0,173.0,31.0,106.0,94.36444,224.16371,93.69124,186.12619
2024_01_MIN_NYG,2024,1,NYG,MIN,34.0,137.0,69.0,195.0,93.72698,252.06493,81.04738,203.21802
2024_01_LV_LAC,2024,1,LAC,LV,170.0,144.0,66.0,224.0,95.76357,240.84225,89.39817,198.83044
2024_01_DEN_SEA,2024,1,SEA,DEN,112.0,148.0,63.0,96.0,89.35492,232.3395,99.194115,222.58382
2024_01_DAL_CLE,2024,1,CLE,DAL,27.0,119.0,97.0,161.0,78.85906,225.16707,113.92555,212.31148
2024_01_WAS_TB,2024,1,TB,WAS,46.0,256.0,49.0,106.0,74.55676,261.45535,101.98383,201.04436
2024_01_LA_DET,2024,1,DET,LA,156.0,217.0,83.0,317.0,81.669716,224.5923,101.08236,226.3055
2024_01_NYJ_SF,2024,1,SF,NYJ,133.0,182.0,32.0,144.0,86.27055,238.60915,101.80057,207.19063
2024_02_BUF_MIA,2024,2,MIA,BUF,117.0,145.0,96.0,127.0,86.00513,242.17638,84.04999,201.37492
2024_02_LV_BAL,2024,2,BAL,LV,104.0,247.0,28.0,276.0,89.76892,237.66634,86.926125,189.5375
2024_02_LAC_CAR,2024,2,CAR,LAC,71.0,41.0,178.0,110.0,71.55834,246.24348,93.62183,191.43018
2024_02_NO_DAL,2024,2,DAL,NO,60.0,253.0,137.0,243.0,81.096436,214.66278,75.1835,203.66115
2024_02_TB_DET,2024,2,DET,TB,134.0,324.0,47.0,185.0,79.09156,234.39249,87.74987,203.57912
2024_02_IND_GB,2024,2,GB,IND,213.0,94.0,104.0,149.0,77.034645,233.44594,92.13057,184.30249
2024_02_CLE_JAX,2024,2,JAX,CLE,82.0,220.0,113.0,186.0,88.27133,230.73087,81.55184,182.66592
2024_02_SF_MIN,2024,2,MIN,SF,114.0,268.0,90.0,289.0,122.09773,206.56584,86.71623,192.25604
2024_02_SEA_NE,2024,2,NE,SEA,179.0,149.0,42.0,327.0,111.68834,182.82632,55.47189,170.07642
2024_02_NYJ_TEN,2024,2,TEN,NYJ,94.0,192.0,100.0,176.0,83.78254,238.23132,81.93665,205.07552
2024_02_NYG_WAS,2024,2,WAS,NYG,184.0,226.0,123.0,178.0,73.54893,245.71902,91.54166,199.39517
2024_02_LA_ARI,2024,2,ARI,LA,109.0,240.0,25.0,196.0,88.8083,245.42033,89.83351,204.758
2024_02_CIN_KC,2024,2,KC,CIN,120.0,151.0,67.0,258.0,85.067566,220.92928,91.73999,177.78189
2024_02_CHI_HOU,2024,2,HOU,CHI,68.0,240.0,27.0,174.0,89.59681,239.01044,82.54877,190.88066
2024_02_ATL_PHI,2024,2,PHI,ATL,139.0,183.0,153.0,241.0,79.62308,237.44972,117.08544,212.61716
2024_03_NE_NYJ,2024,3,NYJ,NE,100.0,250.0,28.0,90.0,112.9615,211.92572,81.0362,213.98921
2024_03_NYG_CLE,2024,3,CLE,NYG,43.0,196.0,63.0,236.0,94.77178,216.81471,83.50344,221.21848
2024_03_CHI_IND,2024,3,IND,CHI,146.0,167.0,63.0,306.0,93.260956,245.80252,104.93937,229.85182
2024_03_HOU_MIN,2024,3,MIN,HOU,52.0,179.0,26.0,181.0,87.954384,201.60855,92.960304,197.14998
2024_03_PHI_NO,2024,3,NO,PHI,86.0,142.0,146.0,311.0,113.02091,271.26025,100.91551,231.73459
2024_03_LAC_PIT,2024,3,PIT,LAC,43.0,247.0,61.0,149.0,89.67558,270.78036,78.13257,252.75102
2024_03_DEN_TB,2024,3,TB,DEN,76.0,94.0,41.0,216.0,111.35205,248.91856,90.562546,220.3536
2024_03_GB_TEN,2024,3,TEN,GB,22.0,210.0,102.0,199.0,81.69983,212.01622,93.3762,222.39178
2024_03_CAR_LV,2024,3,LV,CAR,41.0,129.0,77.0,322.0,104.11651,253.40103,109.82864,206.67683
2024_03_MIA_SEA,2024,3,SEA,MIA,49.0,244.0,59.0,140.0,99.03883,217.03615,92.249825,211.41954
2024_03_DET_ARI,2024,3,ARI,DET,53.0,207.0,175.0,199.0,80.56888,234.06659,78.33029,202.84282
2024_03_BAL_DAL,2024,3,DAL,BAL,41.0,278.0,242.0,170.0,105.14141,253.74397,99.077805,239.12938
2024_03_SF_LA,2024,3,LA,SF,98.0,221.0,100.0,292.0,91.330154,222.8087,98.74521,203.07918
2024_03_KC_ATL,2024,3,ATL,KC,83.0,230.0,111.0,217.0,93.99737,240.99013,85.91621,173.71066
2024_03_JAX_BUF,2024,3,BUF,JAX,53.0,263.0,40.0,170.0,92.74679,226.76952,86.65693,196.99506
2024_03_WAS_CIN,2024,3,CIN,WAS,120.0,273.0,87.0,254.0,86.52508,271.80106,77.8375,219.55426
2024_04_DAL_NYG,2024,4,NYG,DAL,27.0,281.0,76.0,221.0,95.53066,218.16928,102.068634,234.03859
2024_04_NO_ATL,2024,4,ATL,NO,88.0,238.0,126.0,239.0,84.362,237.91724,76.52467,221.83904
2024_04_CIN_CAR,2024,4,CAR,CIN,146.0,196.0,126.0,232.0,90.08746,235.26936,106.9147,226.50044
2024_04_LA_CHI,2024,4,CHI,LA,131.0,157.0,120.0,224.0,80.706375,213.86674,93.06207,171.61087
2024_04_MIN_GB,2024,4,GB,MIN,63.0,241.0,88.0,244.0,86.556335,256.41678,95.649635,217.45013
2024_04_JAX_HOU,2024,4,HOU,JAX,78.0,345.0,153.0,178.0,97.87343,240.58235,114.140076,171.6124
2024_04_PIT_IND,2024,4,IND,PIT,130.0,239.0,106.0,312.0,90.33449,251.38916,84.04396,252.80513
2024_04_DEN_NYJ,2024,4,NYJ,DEN,46.0,225.0,123.0,60.0,91.72828,245.20993,82.648346,211.31203
2024_04_PHI_TB,2024,4,TB,PHI,80.0,306.0,98.0,99.0,88.93561,236.1013,95.24029,233.5181
2024_04_WAS_ARI,2024,4,ARI,WAS,118.0,106.0,139.0,148.0,79.20625,296.65222,91.84102,227.46017
2024_04_NE_SF,2024,4,SF,NE,93.0,225.0,56.0,94.0,73.46857,273.01166,75.32739,232.97214
2024_04_KC_LAC,2024,4,LAC,KC,55.0,179.0,89.0,245.0,91.50155,228.57303,108.57455,179.19327
2024_04_CLE_LV,2024,4,LV,CLE,154.0,130.0,60.0,176.0,95.97208,197.31532,98.15185,195.46838
2024_04_BUF_BAL,2024,4,BAL,BUF,186.0,156.0,63.0,180.0,104.246895,229.42442,84.37777,201.70741
2024_04_TEN_MIA,2024,4,MIA,TEN,61.0,46.0,115.0,110.0,89.93698,241.7218,119.36131,225.77682
2024_04_SEA_DET,2024,4,DET,SEA,106.0,291.0,109.0,325.0,97.656906,243.05927,90.35848,237.14711
2024_05_TB_ATL,2024,5,ATL,TB,73.0,509.0,118.0,180.0,115.834625,198.58444,76.15158,205.59787
2024_05_NYJ_MIN,2024,5,MIN,NYJ,74.0,203.0,36.0,244.0,101.65817,214.62053,92.08783,196.85823
2024_05_CAR_CHI,2024,5,CHI,CAR,89.0,268.0,99.0,110.0,114.50407,276.2682,113.904106,184.04144
2024_05_BAL_CIN,2024,5,CIN,BAL,72.0,392.0,150.0,348.0,76.58235,279.4268,100.65411,211.3003
2024_05_BUF_HOU,2024,5,HOU,BUF,67.0,331.0,96.0,131.0,102.15998,254.64061,94.44697,206.09291
2024_05_IND_JAX,2024,5,JAX,IND,126.0,371.0,79.0,314.0,94.89818,260.92316,103.83698,192.94493
2024_05_MIA_NE,2024,5,NE,MIA,141.0,160.0,177.0,194.0,98.570755,203.60365,71.31626,226.94371
2024_05_CLE_WAS,2024,5,WAS,CLE,115.0,238.0,58.0,100.0,102.79433,267.2716,75.86949,230.01086
2024_05_LV_DEN,2024,5,DEN,LV,96.0,166.0,90.0,141.0,85.538506,253.76581,103.586494,187.86002
2024_05_ARI_SF,2024,5,SF,ARI,120.0,244.0,158.0,195.0,100.76272,221.17267,90.09265,194.77866
2024_05_GB_LA,2024,5,LA,GB,134.0,260.0,99.0,233.0,116.16918,232.13203,104.683914,225.9283
2024_05_NYG_SEA,2024,5,SEA,NYG,30.0,272.0,167.0,257.0,122.092285,250.6012,91.45394,217.62251
2024_05_DAL_PIT,2024,5,PIT,DAL,92.0,150.0,106.0,352.0,92.854614,256.00348,100.860344,259.59293
2024_05_NO_KC,2024,5,KC,NO,102.0,316.0,35.0,165.0,93.06728,243.85431,111.24988,206.04884
2024_06_SF_SEA,2024,6,SEA,SF,52.0,238.0,128.0,255.0,78.193535,252.87,98.90229,168.7168
2024_06_JAX_CHI,2024,6,CHI,JAX,104.0,180.0,28.0,172.0,116.42692,217.9152,86.268234,224.54475
2024_06_WAS_BAL,2024,6,BAL,WAS,162.0,323.0,30.0,261.0,87.41382,250.05316,88.30962,190.05524
2024_06_ARI_GB,2024,6,GB,ARI,76.0,248.0,54.0,181.0,120.99669,194.46892,73.0343,212.3535
2024_06_HOU_NE,2024,6,NE,HOU,21.0,180.0,106.0,170.0,115.87527,217.78873,84.94551,216.40482
2024_06_TB_NO,2024,6,NO,TB,54.0,172.0,180.0,325.0,84.132034,264.8456,100.983696,228.88081
2024_06_CLE_PHI,2024,6,PHI,CLE,120.0,264.0,88.0,168.0,110.953575,216.89844,94.76752,208.86884
2024_06_IND_TEN,2024,6,TEN,IND,131.0,83.0,79.0,189.0,108.35835,233.8348,85.013145,161.58633
2024_06_LAC_DEN,2024,6,DEN,LAC,38.0,27.0,95.0,237.0,115.01971,223.72928,105.31213,193.689
2024_06_PIT_LV,2024,6,LV,PIT,55.0,154.0,129.0,89.0,87.599304,240.07051,87.442696,209.89804
2024_06_ATL_CAR,2024,6,CAR,ATL,95.0,192.0,164.0,225.0,125.755936,276.4741,92.98579,213.8737
2024_06_DET_DAL,2024,6,DAL,DET,15.0,174.0,154.0,306.0,105.33068,226.15146,93.83315,185.88896
2024_06_CIN_NYG,2024,6,NYG,CIN,106.0,173.0,66.0,208.0,130.06302,205.70642,101.44508,215.05942
2024_06_BUF_NYJ,2024,6,NYJ,BUF,121.0,294.0,140.0,215.0,112.22288,236.82309,116.42845,196.70445
2024_07_DEN_NO,2024,7,NO,DEN,30.0,127.0,175.0,161.0,109.07768,212.49231,88.85864,212.44995
2024_07_NE_JAX,2024,7,JAX,NE,116.0,193.0,18.0,127.0,88.58493,232.5635,96.99746,218.2522
2024_07_SEA_ATL,2024,7,ATL,SEA,133.0,171.0,69.0,234.0,95.424385,213.14705,82.27271,236.68289
2024_07_TEN_BUF,2024,7,BUF,TEN,49.0,198.0,68.0,164.0,97.62739,210.29515,90.84913,238.0986
2024_07_CIN_CLE,2024,7,CLE,CIN,77.0,169.0,45.0,171.0,89.08497,249.62306,87.9844,206.24294
2024_07_HOU_GB,2024,7,GB,HOU,82.0,220.0,123.0,86.0,109.62776,263.40442,84.45988,219.27884
2024_07_MIA_IND,2024,7,IND,MIA,122.0,129.0,172.0,161.0,101.03761,299.0048,95.98553,216.86456
2024_07_DET_MIN,2024,7,MIN,DET,97.0,259.0,148.0,280.0,101.85915,230.9355,84.37794,184.80003
2024_07_PHI_NYG,2024,7,NYG,PHI,50.0,99.0,214.0,114.0,103.66656,242.8667,82.40242,203.47258
2024_07_LV_LA,2024,7,LA,LV,117.0,154.0,122.0,206.0,97.53898,216.04218,78.6657,242.31305
2024_07_CAR_WAS,2024,7,WAS,CAR,170.0,171.0,67.0,67.0,93.3168,238.13463,85.55883,189.4002
2024_07_KC_SF,2024,7,SF,KC,76.0,168.0,117.0,123.0,96.7345,210.69714,102.601006,188.90096
2024_07_NYJ_PIT,2024,7,PIT,NYJ,109.0,228.0,43.0,220.0,103.06561,214.84085,86.067154,199.55084
2024_07_BAL_TB,2024,7,TB,BAL,98.0,174.0,162.0,260.0,102.350845,234.7212,98.80337,199.14627
2024_07_LAC_ARI,2024,7,ARI,LAC,119.0,145.0,51.0,349.0,88.308365,236.18994,87.17149,220.5604
2024_08_MIN_LA,2024,8,LA,MIN,111.0,270.0,60.0,240.0,103.23255,238.91275,60.731316,235.28653
2024_08_PHI_CIN,2024,8,CIN,PHI,33.0,231.0,100.0,225.0,89.85345,237.1814,99.89881,230.774
2024_08_BAL_CLE,2024,8,CLE,BAL,80.0,334.0,90.0,289.0,117.00164,227.0478,76.31053,243.27519
2024_08_TEN_DET,2024,8,DET,TEN,161.0,88.0,52.0,252.0,113.69123,229.70393,111.74076,234.54544
2024_08_GB_JAX,2024,8,JAX,GB,89.0,308.0,148.0,252.0,115.664925,217.21945,76.02042,213.13199
2024_08_ARI_MIA,2024,8,MIA,ARI,137.0,234.0,79.0,307.0,75.12103,230.87148,80.15335,232.99142
2024_08_NYJ_NE,2024,8,NE,NYJ,52.0,155.0,112.0,233.0,91.142006,218.16542,101.558174,204.78726
2024_08_ATL_TB,2024,8,TB,ATL,93.0,330.0,119.0,276.0,82.45633,247.81195,97.585945,204.35146
2024_08_NO_LAC,2024,8,LAC,NO,64.0,222.0,107.0,212.0,91.0603,247.0229,107.52716,239.91513
2024_08_BUF_SEA,2024,8,SEA,BUF,9.0,123.0,107.0,248.0,106.01813,248.38899,79.70837,193.43617
2024_08_CAR_DEN,2024,8,DEN,CAR,68.0,237.0,59.0,100.0,107.75103,231.44461,88.71927,156.43535
2024_08_KC_LV,2024,8,LV,KC,27.0,129.0,66.0,253.0,79.787575,219.20863,93.07524,222.57132
2024_08_CHI_WAS,2024,8,WAS,CHI,120.0,326.0,173.0,131.0,94.52797,205.38983,95.54389,182.1549
2024_08_DAL_SF,2024,8,SF,DAL,94.0,260.0,57.0,136.0,89.820465,215.28143,91.80647,181.78693
2024_08_NYG_PIT,2024,8,PIT,NYG,145.0,278.0,156.0,208.0,82.896065,206.9179,101.01673,213.10982
2024_09_HOU_NYJ,2024,9,NYJ,HOU,101.0,211.0,128.0,165.0,96.192825,224.95178,90.5367,231.39377
2024_09_DAL_ATL,2024,9,ATL,DAL,110.0,215.0,93.0,149.0,115.03867,188.47804,90.815254,215.68504
2024_09_DEN_BAL,2024,9,BAL,DEN,101.0,280.0,46.0,161.0,102.127686,201.9228,104.18421,197.00636
2024_09_MIA_BUF,2024,9,BUF,MIA,80.0,235.0,146.0,231.0,90.07574,241.332,97.02229,205.42914
2024_09_NO_CAR,2024,9,CAR,NO,71.0,171.0,197.0,236.0,91.474396,207.53506,91.8231,231.20152
2024_09_LV_CIN,2024,9,CIN,LV,96.0,182.0,52.0,156.0,97.39639,231.05081,98.97507,204.86897
2024_09_LAC_CLE,2024,9,CLE,LAC,47.0,128.0,47.0,250.0,88.65032,182.11829,99.84118,207.75317
2024_09_WAS_NYG,2024,9,NYG,WAS,153.0,165.0,83.0,209.0,98.88281,222.85397,106.112785,211.10875
2024_09_NE_TEN,2024,9,TEN,NE,151.0,240.0,15.0,206.0,98.430534,239.8151,80.48617,222.24873
2024_09_CHI_ARI,2024,9,ARI,CHI,188.0,118.0,44.0,171.0,112.428024,194.60425,86.38883,228.63535
2024_09_JAX_PHI,2024,9,PHI,JAX,193.0,230.0,53.0,153.0,96.036,218.88463,83.30955,241.95555
2024_09_DET_GB,2024,9,GB,DET,108.0,178.0,105.0,114.0,87.6203,227.32928,88.296265,202.1754
2024_09_LA_SEA,2024,9,SEA,LA,94.0,363.0,68.0,298.0,91.306335,224.38763,105.57673,217.07852
2024_09_IND_MIN,2024,9,MIN,IND,123.0,312.0,69.0,156.0,91.176735,215.94102,90.00264,267.74506
2024_09_TB_KC,2024,9,KC,TB,115.0,291.0,77.0,200.0,93.311226,214.21394,98.26631,225.44345
2024_10_CIN_BAL,2024,10,BAL,CIN,82.0,290.0,43.0,428.0,101.89008,240.56999,95.27314,223.82607
2024_10_NYG_CAR,2024,10,CAR,NYG,158.0,126.0,157.0,190.0,95.879715,261.35724,101.833084,264.3713
2024_10_NE_CHI,2024,10,CHI,NE,58.0,74.0,98.0,170.0,86.23115,243.78185,126.12216,240.94638
2024_10_BUF_IND,2024,10,IND,BUF,121.0,187.0,98.0,256.0,99.90604,204.28885,106.30901,207.77087
2024_10_MIN_JAX,2024,10,JAX,MIN,49.0,111.0,143.0,241.0,82.38025,244.79694,102.243034,222.50163
2024_10_DEN_KC,2024,10,KC,DEN,38.0,266.0,75.0,215.0,89.52975,238.24428,100.87885,214.78662
2024_10_ATL_NO,2024,10,NO,ATL,79.0,269.0,181.0,306.0,95.24302,219.2318,106.132866,210.16174
2024_10_SF_TB,2024,10,TB,SF,107.0,116.0,58.0,353.0,81.53246,255.44916,143.51361,216.16995
2024_10_PIT_WAS,2024,10,WAS,PIT,60.0,202.0,137.0,195.0,89.80692,231.18517,116.411125,208.9447
2024_10_TEN_LAC,2024,10,LAC,TEN,100.0,164.0,101.0,133.0,80.905815,254.9693,84.074196,246.19035
2024_10_NYJ_ARI,2024,10,ARI,NYJ,99.0,260.0,79.0,84.0,91.781364,231.36078,84.377335,213.1786
2024_10_PHI_DAL,2024,10,DAL,PHI,73.0,45.0,103.0,202.0,88.5268,196.09242,101.49391,217.16287
2024_10_DET_HOU,2024,10,HOU,DET,51.0,232.0,103.0,240.0,95.26013,245.25916,97.37814,215.30681
2024_10_MIA_LA,2024,10,LA,MIA,67.0,229.0,64.0,187.0,89.57843,211.77905,93.76524,231.74431
2024_11_WAS_PHI,2024,11,PHI,WAS,163.0,221.0,73.0,146.0,115.73395,207.86186,102.5274,250.82097
2024_11_GB_CHI,2024,11,CHI,GB,130.0,231.0,89.0,261.0,81.013596,235.64424,115.27291,228.78925
2024_11_JAX_DET,2024,11,DET,JAX,141.0,368.0,29.0,103.0,91.71223,226.66122,106.48056,222.96506
2024_11_LV_MIA,2024,11,MIA,LV,82.0,285.0,53.0,204.0,82.50624,232.95695,124.5373,192.88919
2024_11_LA_NE,2024,11,NE,LA,98.0,282.0,110.0,295.0,89.05427,226.71893,92.63122,222.61723
2024_11_CLE_NO,2024,11,NO,CLE,138.0,265.0,53.0,347.0,95.26954,227.16783,114.65242,251.46832
2024_11_IND_NYJ,2024,11,NYJ,IND,84.0,184.0,91.0,272.0,81.39684,225.78004,76.5613,224.17802
2024_11_BAL_PIT,2024,11,PIT,BAL,121.0,205.0,125.0,207.0,89.94901,209.40982,100.901726,223.13107
2024_11_MIN_TEN,2024,11,TEN,MIN,21.0,291.0,56.0,233.0,89.04244,225.08476,101.35247,217.5637
2024_11_ATL_DEN,2024,11,DEN,ATL,77.0,261.0,35.0,169.0,93.16554,210.54701,79.19292,221.59288
2024_11_SEA_SF,2024,11,SF,SEA,91.0,159.0,65.0,221.0,73.37356,239.76,100.96755,207.75719
2024_11_KC_BUF,2024,11,BUF,KC,61.0,262.0,78.0,189.0,85.00391,208.15718,101.44745,266.9934
2024_11_CIN_LAC,2024,11,LAC,CIN,89.0,297.0,82.0,329.0,99.48753,220.0185,108.53673,220.5662
2024_11_HOU_DAL,2024,11,DAL,HOU,44.0,272.0,88.0,246.0,97.64211,193.40604,84.35278,236.6525
2024_12_PIT_CLE,2024,12,CLE,PIT,83.0,219.0,110.0,270.0,92.44329,204.67657,86.3215,191.84383
2024_12_KC_CAR,2024,12,CAR,KC,67.0,263.0,105.0,269.0,85.684235,221.57472,108.70773,193.8384
2024_12_MIN_CHI,2024,12,CHI,MIN,49.0,301.0,110.0,311.0,92.459366,238.63393,101.48202,212.08957
2024_12_TEN_HOU,2024,12,HOU,TEN,22.0,247.0,125.0,278.0,93.774055,218.28778,94.30375,205.85265
2024_12_DET_IND,2024,12,IND,DET,90.0,141.0,92.0,224.0,83.124504,237.58823,90.551735,179.50235
2024_12_NE_MIA,2024,12,MIA,NE,50.0,290.0,41.0,144.0,105.01873,231.2584,87.56963,213.87776
2024_12_TB_NYG,2024,12,NYG,TB,45.0,113.0,54.0,294.0,86.2854,230.62549,101.99343,189.73804
2024_12_DAL_WAS,2024,12,WAS,DAL,122.0,168.0,83.0,247.0,97.50033,210.41238,82.100716,192.19044
2024_12_DEN_LV,2024,12,LV,DEN,61.0,264.0,56.0,273.0,104.83659,206.94818,98.8219,203.77005
2024_12_SF_GB,2024,12,GB,SF,137.0,108.0,47.0,168.0,82.50377,211.69722,88.412964,204.97134
2024_12_ARI_SEA,2024,12,SEA,ARI,63.0,254.0,43.0,224.0,89.77305,201.68108,99.97062,222.54836
2024_12_PHI_LA,2024,12,LA,PHI,67.0,149.0,194.0,172.0,101.59533,238.7463,89.09482,211.61299
2024_12_BAL_LAC,2024,12,LAC,BAL,53.0,186.0,194.0,177.0,94.18047,230.99416,90.078575,191.12573
2024_13_CHI_DET,2024,13,DET,CHI,194.0,218.0,39.0,256.0,101.24213,230.05276,89.88003,192.90134
2024_13_NYG_DAL,2024,13,DAL,NYG,71.0,190.0,59.0,86.0,90.34957,227.99132,89.02481,217.27376
2024_13_MIA_GB,2024,13,GB,MIA,106.0,196.0,29.0,217.0,91.538574,245.70834,80.17479,235.41142
2024_13_LV_KC,2024,13,KC,LV,59.0,306.0,116.0,340.0,95.856804,239.9593,85.42095,208.89334
2024_13_LAC_ATL,2024,13,ATL,LAC,116.0,245.0,59.0,150.0,101.41172,221.5678,84.80609,214.46411
2024_13_PIT_CIN,2024,13,CIN,PIT,84.0,200.0,95.0,408.0,92.824814,218.79472,96.31989,198.41095
2024_13_HOU_JAX,2024,13,JAX,HOU,64.0,226.0,101.0,233.0,96.054184,241.75916,106.50409,232.51732
2024_13_ARI_MIN,2024,13,MIN,ARI,46.0,235.0,117.0,260.0,94.33335,240.22006,94.538765,221.72128
2024_13_IND_NE,2024,13,NE,IND,141.0,238.0,136.0,109.0,104.92651,237.16748,95.398735,221.72414
2024_13_SEA_NYJ,2024,13,NYJ,SEA,85.0,185.0,82.0,206.0,93.11878,242.2552,91.7797,236.36343
2024_13_TEN_WAS,2024,13,WAS,TEN,145.0,176.0,28.0,174.0,97.02157,263.44742,81.60686,216.63618
2024_13_TB_CAR,2024,13,CAR,TB,61.0,298.0,228.0,240.0,98.569725,264.04684,96.91412,219.2179
2024_13_LA_NO,2024,13,NO,LA,131.0,184.0,148.0,183.0,90.33479,240.69579,100.57603,249.27794
2024_13_PHI_BAL,2024,13,BAL,PHI,92.0,206.0,122.0,118.0,85.91002,250.98657,92.21669,235.32246
2024_13_SF_BUF,2024,13,BUF,SF,167.0,131.0,150.0,97.0,105.19746,229.0238,80.04466,223.7002
2024_13_CLE_DEN,2024,13,DEN,CLE,102.0,294.0,71.0,460.0,105.83396,267.5056,114.34396,215.86707
2024_14_GB_DET,2024,14,DET,GB,102.0,283.0,76.0,206.0,89.37243,260.56442,105.36762,259.46677
2024_14_NYJ_MIA,2024,14,MIA,NYJ,41.0,331.0,83.0,339.0,120.83104,231.37244,78.911514,194.82175
2024_14_ATL_MIN,2024,14,MIN,ATL,53.0,321.0,144.0,271.0,81.73765,254.73357,93.64523,224.55138
2024_14_NO_NYG,2024,14,NYG,NO,53.0,227.0,90.0,219.0,90.21928,228.36734,75.06856,186.49553
2024_14_CAR_PHI,2024,14,PHI,CAR,160.0,108.0,89.0,191.0,99.12997,227.05872,84.894325,228.84286
2024_14_LV_TB,2024,14,TB,LV,133.0,222.0,85.0,165.0,93.312805,207.25146,93.5569,203.15279
2024_14_JAX_TEN,2024,14,TEN,JAX,126.0,168.0,68.0,220.0,73.42227,236.35129,86.82621,208.94632
2024_14_SEA_ARI,2024,14,ARI,SEA,91.0,212.0,156.0,221.0,112.275894,211.36201,90.890854,232.60756
2024_14_BUF_LA,2024,14,LA,BUF,129.0,320.0,27.0,283.0,87.00963,241.95012,78.96403,211.21297
2024_14_CHI_SF,2024,14,SF,CHI,74.0,310.0,43.0,96.0,88.80065,233.72266,94.76439,231.99173
2024_14_LAC_KC,2024,14,KC,LAC,79.0,210.0,73.0,213.0,98.35839,245.64755,91.33178,214.91924
2024_14_CIN_DAL,2024,14,DAL,CIN,153.0,183.0,76.0,369.0,84.60084,232.52466,89.40785,216.78395
2024_15_LA_SF,2024,15,SF,LA,63.0,142.0,128.0,160.0,96.20231,216.67036,79.94328,216.71408
2024_15_DAL_CAR,2024,15,CAR,DAL,38.0,158.0,150.0,214.0,93.36799,224.3695,90.238976,205.91664
2024_15_KC_CLE,2024,15,CLE,KC,117.0,140.0,100.0,128.0,87.927734,230.59024,74.06204,219.965
2024_15_MIA_HOU,2024,15,HOU,MIA,35.0,126.0,52.0,190.0,92.71419,232.5342,70.38406,210.51869
2024_15_NYJ_JAX,2024,15,JAX,NYJ,109.0,294.0,80.0,289.0,86.64025,219.23682,74.15555,205.23856
2024_15_WAS_NO,2024,15,NO,WAS,62.0,205.0,88.0,226.0,80.22121,213.6049,120.54287,216.07098
2024_15_BAL_NYG,2024,15,NYG,BAL,49.0,144.0,104.0,206.0,98.49172,252.08076,82.84458,221.4251
2024_15_CIN_TEN,2024,15,TEN,CIN,76.0,135.0,50.0,229.0,121.71561,216.06453,87.687805,203.60805
2024_15_NE_ARI,2024,15,ARI,NE,107.0,141.0,82.0,82.0,102.19042,245.31938,92.6314,209.11418
2024_15_IND_DEN,2024,15,DEN,IND,44.0,99.0,132.0,119.0,91.34257,287.33856,56.68677,181.33572
2024_15_BUF_DET,2024,15,DET,BUF,34.0,296.0,138.0,333.0,74.342186,241.14821,90.24202,182.77779
2024_15_TB_LAC,2024,15,LAC,TB,32.0,179.0,139.0,240.0,81.68277,243.82635,93.854095,206.24083
2024_15_PIT_PHI,2024,15,PHI,PIT,98.0,212.0,45.0,114.0,78.61042,238.07515,99.35857,223.48737
2024_15_GB_SEA,2024,15,SEA,GB,36.0,152.0,106.0,191.0,71.739426,217.85495,88.06574,227.12668
2024_15_CHI_MIN,2024,15,MIN,CHI,81.0,191.0,107.0,137.0,86.0776,237.10559,93.13033,237.17131
2024_15_ATL_LV,2024,15,LV,ATL,38.0,177.0,122.0,112.0,110.608025,210.85002,124.84774,274.83026
2024_16_DEN_LAC,2024,16,LAC,DEN,91.0,284.0,85.0,220.0,113.75839,186.05716,97.645836,216.88347
2024_16_HOU_KC,2024,16,KC,HOU,63.0,240.0,61.0,244.0,108.176674,204.23384,96.45813,195.11017
2024_16_PIT_BAL,2024,16,BAL,PIT,183.0,158.0,85.0,211.0,86.09848,229.83475,109.47461,230.61063
2024_16_NYG_ATL,2024,16,ATL,NYG,119.0,179.0,44.0,91.0,90.78425,242.47058,122.97587,214.15208
2024_16_ARI_CAR,2024,16,CAR,ARI,175.0,158.0,163.0,202.0,94.956566,233.20224,89.429436,199.16125
2024_16_DET_CHI,2024,16,CHI,DET,25.0,246.0,122.0,328.0,83.55348,223.69507,107.79148,205.70035
2024_16_CLE_CIN,2024,16,CIN,CLE,79.0,173.0,125.0,111.0,108.1846,240.49225,88.1223,211.35501
2024_16_TEN_IND,2024,16,IND,TEN,279.0,121.0,62.0,163.0,85.46574,236.50279,96.318855,219.81161
2024_16_LA_NYJ,2024,16,NYJ,LA,69.0,256.0,131.0,110.0,106.3208,239.37778,97.22295,204.64455
2024_16_PHI_WAS,2024,16,WAS,PHI,65.0,258.0,170.0,154.0,61.86079,239.72702,94.84366,228.41661
2024_16_MIN_SEA,2024,16,SEA,MIN,51.0,314.0,70.0,246.0,85.31674,231.08742,84.82227,244.07123
2024_16_NE_BUF,2024,16,BUF,NE,123.0,137.0,99.0,252.0,79.316986,219.92628,85.94786,208.48175
2024_16_JAX_LV,2024,16,LV,JAX,62.0,257.0,72.0,247.0,92.92303,212.27744,107.159805,203.9859
2024_16_SF_MIA,2024,16,MIA,SF,113.0,215.0,57.0,270.0,94.37661,227.11852,88.990326,202.14847
2024_16_TB_DAL,2024,16,DAL,TB,35.0,292.0,92.0,303.0,80.217064,236.40324,85.99424,209.17528
2024_16_NO_GB,2024,16,GB,NO,166.0,131.0,30.0,109.0,94.397865,213.90173,97.467285,203.60468
2024_17_KC_PIT,2024,17,PIT,KC,85.0,163.0,37.0,294.0,108.80738,217.20769,97.200165,217.77394
2024_17_BAL_HOU,2024,17,HOU,BAL,30.0,185.0,185.0,166.0,96.59871,220.23874,85.793686,214.3232
2024_17_SEA_CHI,2024,17,CHI,SEA,78.0,122.0,103.0,160.0,87.58639,220.04033,94.84386,218.2645
2024_17_LAC_NE,2024,17,NE,LAC,7.0,107.0,83.0,281.0,94.865814,250.49985,86.30984,191.53543
2024_17_DEN_CIN,2024,17,CIN,DEN,91.0,412.0,94.0,219.0,90.60893,250.23112,98.89225,201.95398
2024_17_ARI_LA,2024,17,LA,ARI,57.0,189.0,98.0,321.0,109.881325,220.51663,91.93962,227.96965
2024_17_NYJ_BUF,2024,17,BUF,NYJ,79.0,182.0,54.0,104.0,87.861855,218.70546,88.31674,205.84093
2024_17_TEN_JAX,2024,17,JAX,TEN,99.0,174.0,137.0,193.0,95.58326,243.25519,84.94371,194.93018
2024_17_LV_NO,2024,17,NO,LV,63.0,166.0,147.0,228.0,84.3415,210.56079,81.010284,201.63225
2024_17_IND_NYG,2024,17,NYG,IND,75.0,309.0,126.0,320.0,93.82736,229.4112,92.91797,238.29701
2024_17_DAL_PHI,2024,17,PHI,DAL,124.0,172.0,94.0,121.0,80.385635,228.90573,94.50416,224.29303
2024_17_CAR_TB,2024,17,TB,CAR,166.0,339.0,27.0,177.0,91.72068,224.64038,80.68709,221.47571
2024_17_MIA_CLE,2024,17,CLE,MIA,110.0,92.0,23.0,205.0,92.176254,211.29608,67.533485,213.93674
2024_17_GB_MIN,2024,17,MIN,GB,65.0,340.0,73.0,131.0,95.60991,233.72086,79.83265,214.97842
2024_17_ATL_WAS,2024,17,WAS,ATL,145.0,227.0,123.0,223.0,87.07082,224.52464,78.908844,220.09586
2024_17_DET_SF,2024,17,SF,DET,59.0,340.0,155.0,303.0,95.75036,241.21677,88.491936,195.31044
2024_18_CLE_BAL,2024,18,BAL,CLE,103.0,183.0,50.0,92.0,85.67765,198.50589,85.51963,210.9981
2024_18_CIN_PIT,2024,18,PIT,CIN,59.0,148.0,69.0,277.0,79.40762,221.204,85.18365,221.32433
2024_18_CAR_ATL,2024,18,ATL,CAR,222.0,312.0,131.0,270.0,77.68308,235.57686,85.32615,229.4719
2024_18_WAS_DAL,2024,18,DAL,WAS,142.0,244.0,90.0,199.0,98.21735,231.07571,103.44268,210.1158
2024_18_CHI_GB,2024,18,GB,CHI,183.0,205.0,76.0,148.0,90.82861,240.74957,92.510254,197.748
2024_18_JAX_IND,2024,18,IND,JAX,177.0,264.0,98.0,225.0,85.96785,249.4148,100.47614,220.49387
2024_18_BUF_NE,2024,18,NE,BUF,67.0,241.0,122.0,129.0,95.161385,242.80547,78.58699,223.39452
2024_18_NYG_PHI,2024,18,PHI,NYG,49.0,269.0,100.0,84.0,92.50606,231.69109,87.722046,218.01738
2024_18_NO_TB,2024,18,TB,NO,104.0,212.0,53.0,240.0,108.82215,248.56812,76.82305,209.48193
2024_18_HOU_TEN,2024,18,TEN,HOU,57.0,140.0,145.0,178.0,76.80618,228.80077,92.15063,225.41435
2024_18_SF_ARI,2024,18,ARI,SF,82.0,230.0,118.0,299.0,94.443115,248.71344,101.9517,232.94981
2024_18_KC_DEN,2024,18,DEN,KC,52.0,304.0,15.0,98.0,88.95246,225.89398,93.56098,206.00957
2024_18_SEA_LA,2024,18,LA,SEA,79.0,334.0,127.0,223.0,83.946014,222.84537,87.75349,236.16075
2024_18_LAC_LV,2024,18,LV,LAC,31.0,155.0,63.0,299.0,107.80709,208.51775,77.30775,211.68686
2024_18_MIA_NYJ,2024,18,NYJ,MIA,120.0,274.0,119.0,172.0,109.470436,203.14662,68.83753,221.17247
2024_18_MIN_DET,2024,18,DET,MIN,83.0,220.0,108.0,153.0,102.10059,226.93065,93.2792,226.09184
2024_19_LAC_HOU,2024,19,HOU,LAC,44.0,277.0,45.0,147.0,90.67593,218.95743,84.91616,215.80606
2024_19_PIT_BAL,2024,19,BAL,PIT,223.0,165.0,23.0,231.0,76.921585,217.42123,98.585495,229.7117
2024_19_DEN_BUF,2024,19,BUF,DEN,153.0,154.0,41.0,117.0,77.62952,246.32104,96.14237,195.55443
2024_19_GB_PHI,2024,19,PHI,GB,129.0,131.0,97.0,169.0,86.900444,244.2913,96.327614,217.22928
2024_19_WAS_TB,2024,19,TB,WAS,80.0,185.0,62.0,268.0,90.16248,201.11044,74.40327,243.89272
2024_19_MIN_LA,2024,19,LA,MIN,52.0,209.0,74.0,187.0,83.60912,246.9617,80.9727,223.62462
2024_20_HOU_KC,2024,20,KC,HOU,42.0,168.0,107.0,204.0,96.98629,205.85419,91.694275,238.9226
2024_20_WAS_DET,2024,20,DET,WAS,192.0,225.0,129.0,279.0,93.58103,229.28563,84.03997,234.09242
2024_20_LA_PHI,2024,20,PHI,LA,265.0,128.0,106.0,269.0,91.804825,205.47807,87.82998,250.21468
2024_20_BAL_BUF,2024,20,BUF,BAL,132.0,127.0,133.0,227.0,97.75956,227.89252,83.81243,217.71951
2024_21_WAS_PHI,2024,21,PHI,WAS,122.0,240.0,58.0,240.0,95.825905,212.34781,85.500206,218.98462
2024_21_BUF_KC,2024,21,KC,BUF,97.0,228.0,134.0,237.0,92.65602,213.66985,86.803276,219.23265
2024_22_KC_PHI,2024,22,PHI,KC,65.0,201.0,16.0,148.0,92.78186,233.48488,81.081505,211.80989
